mod_id,historical_version_id,historical_version,class_nodes,class_edges,full_connected_components,largest_full_component,largest_full_component_rate,hard_path_failed_nodes,max_hard_nodes_in_one_full_component,hard_coverage_by_best_full_component,hard_induced_edges,hard_induced_components,largest_hard_induced_component,largest_hard_induced_rate,eligible_5,eligible_10,eligible_20
MOD0002,njXb639R,20.0.1,71,240,1,71,1.0,0,0,0.0,0,0,0,0.0,False,False,False
MOD0002,j2vTurvl,17.0.1-beta.1,74,236,1,74,1.0,6,6,1.0,4,2,5,0.8333333333333334,True,False,False
MOD0002,3rsoV1bk,18.0.0,73,238,1,73,1.0,4,4,1.0,2,2,3,0.75,False,False,False
MOD0003,Pd0xrHCw,1.13.12+kotlin.2.4.0,3,1,2,2,0.6666666666666666,0,0,0.0,0,0,0,0.0,False,False,False
MOD0003,2i87JpYj,1.13.11+kotlin.2.3.21,3,1,2,2,0.6666666666666666,0,0,0.0,0,0,0,0.0,False,False,False
MOD0003,21TRTKmh,1.13.10+kotlin.2.3.20,3,1,2,2,0.6666666666666666,0,0,0.0,0,0,0,0.0,False,False,False
MOD0004,laVM31w1,mc26.1.2-2.2.3+fabric,99,322,1,99,1.0,0,0,0.0,0,0,0,0.0,False,False,False
MOD0004,P0MH4cn0,mc1.21.11-2.2.3+fabric,99,320,1,99,1.0,0,0,0.0,0,0,0,0.0,False,False,False
MOD0004,jDOK2MQs,mc1.21.1-2.2.3+fabric,99,320,1,99,1.0,0,0,0.0,0,0,0,0.0,False,False,False
MOD0005,DPLgZYg3,11.39.0.1067,975,3023,155,821,0.8420512820512821,159,143,0.89937106918239,98,74,19,0.11949685534591195,True,True,True
MOD0005,HMZVMjWH,15.49.0.188,1006,3181,153,854,0.8489065606361829,102,98,0.9607843137254902,58,49,14,0.13725490196078433,True,True,True
MOD0005,HWSzfi9w,19.44.0.401,1026,3264,154,873,0.8508771929824561,57,54,0.9473684210526315,21,38,4,0.07017543859649122,True,True,True
MOD0006,L6bn4TS8,5.5.3,422,1159,57,366,0.8672985781990521,422,366,0.8672985781990521,1159,57,366,0.8672985781990521,True,True,True
MOD0006,XZTmZlwb,5.5.2,421,1159,57,365,0.8669833729216152,421,365,0.8669833729216152,1159,57,365,0.8669833729216152,True,True,True
MOD0006,sLlRgyS8,4.9.1,281,949,1,281,1.0,0,0,0.0,0,0,0,0.0,False,False,False
MOD0007,tDptM9tq,3.11.8,5,1,4,2,0.4,0,0,0.0,0,0,0,0.0,False,False,False
MOD0007,wMNsaKHd,3.11.8,70,140,4,67,0.9571428571428572,70,67,0.9571428571428572,140,4,67,0.9571428571428572,True,True,True
MOD0007,HV67Kt1R,3.11.7,5,1,4,2,0.4,0,0,0.0,0,0,0,0.0,False,False,False
MOD0008,EBIKCzuP,26.1-2.31-fabric,23,39,3,21,0.9130434782608695,0,0,0.0,0,0,0,0.0,False,False,False
MOD0008,i1duwnJl,1.21.11-2.30-fabric,23,38,4,20,0.8695652173913043,0,0,0.0,0,0,0,0.0,False,False,False
MOD0008,ULOi34Uh,1.21.9-2.29-fabric,23,38,4,20,0.8695652173913043,0,0,0.0,0,0,0,0.0,False,False,False
MOD0009,uQ4oSnyu,1.2.8,48,77,2,47,0.9791666666666666,2,1,0.5,0,2,1,0.5,False,False,False
MOD0009,wbQl9Dig,1.2.8,47,76,2,46,0.9787234042553191,2,1,0.5,0,2,1,0.5,False,False,False
MOD0009,6HkzfAoc,0.15.6,37,68,2,36,0.972972972972973,4,3,0.75,0,4,1,0.25,False,False,False
MOD0010,m3XmDd8j,0.13.0-alpha.15+1.21,1022,3711,29,973,0.952054794520548,134,119,0.8880597014925373,108,67,45,0.3358208955223881,True,True,True
MOD0010,QmA84JcU,0.13.0+26.1,1063,3756,35,1002,0.9426152398871119,12,12,1.0,10,4,6,0.5,True,True,False
MOD0010,33Ei8Thm,0.13.0+1.21.11,1068,3847,29,1013,0.9485018726591761,20,20,1.0,13,9,6,0.3,True,True,True
MOD0011,Z8VpxxGh,1.0.35+mc1.21,51,101,1,51,1.0,2,2,1.0,0,2,1,0.5,False,False,False
MOD0011,K4hsdO9H,1.0.34+mc1.21,53,106,1,53,1.0,1,1,1.0,0,1,1,1.0,False,False,False
MOD0011,gofbpynL,1.0.34+mc1.20.1,52,105,1,52,1.0,0,0,0.0,0,0,0,0.0,False,False,False
MOD0012,gjIvugXc,2.4.1,36,42,10,18,0.5,1,1,1.0,0,1,1,1.0,False,False,False
MOD0012,Q3Dusz2j,2.4.1,73,84,20,19,0.2602739726027397,73,19,0.2602739726027397,84,20,19,0.2602739726027397,True,True,False
MOD0012,dOFYYhIv,2.4.1,79,98,20,22,0.27848101265822783,79,22,0.27848101265822783,98,20,22,0.27848101265822783,True,True,True
MOD0013,G7cLFIIG,1.7.7+26.1.2,37,50,1,37,1.0,0,0,0.0,0,0,0,0.0,False,False,False
MOD0013,rJRsdV10,1.7.7+1.21.11,37,49,1,37,1.0,20,20,1.0,9,11,6,0.3,True,True,True
MOD0013,pBt7L8Nq,1.7.6+26.1,37,50,1,37,1.0,0,0,0.0,0,0,0,0.0,False,False,False
MOD0014,g7OQkxmL,1.0.2,41,85,11,31,0.7560975609756098,0,0,0.0,0,0,0,0.0,False,False,False
MOD0014,VtvLNkTP,1.0.1,41,85,11,31,0.7560975609756098,0,0,0.0,0,0,0,0.0,False,False,False
MOD0014,JBRkFpZt,1.0.1,41,85,11,31,0.7560975609756098,0,0,0.0,0,0,0,0.0,False,False,False
MOD0015,D2Nw8lMy,26.2.1,45,72,2,44,0.9777777777777777,0,0,0.0,0,0,0,0.0,False,False,False
MOD0015,JO2OaaFV,26.1.2.4,45,72,2,44,0.9777777777777777,0,0,0.0,0,0,0,0.0,False,False,False
MOD0015,He1LyfDP,26.1.2.3,45,72,2,44,0.9777777777777777,0,0,0.0,0,0,0,0.0,False,False,False
MOD0016,RXNrUIjA,26.1.2.1,16,20,2,15,0.9375,0,0,0.0,0,0,0,0.0,False,False,False
MOD0016,r5kiHYrj,26.1.1.1,16,20,2,15,0.9375,0,0,0.0,0,0,0,0.0,False,False,False
MOD0016,9kN5zABQ,26.1.0.2,16,20,2,15,0.9375,0,0,0.0,0,0,0,0.0,False,False,False
MOD0017,l7gept3U,5.4.0+26.1.1-fabric,219,598,31,189,0.863013698630137,1,1,1.0,0,1,1,1.0,False,False,False
MOD0017,usQ3Kyvp,5.3.1+26.2-fabric,214,575,31,184,0.8598130841121495,1,1,1.0,0,1,1,1.0,False,False,False
MOD0017,Yn66yzx3,5.3.0+26.1.1-fabric,214,577,31,184,0.8598130841121495,1,1,1.0,0,1,1,1.0,False,False,False
MOD0018,JhbC29xY,0.4.2-alpha.0.44+26.3-snap-7,2,0,2,1,0.5,0,0,0.0,0,0,0,0.0,False,False,False
MOD0018,HBLtzvqv,0.4.2-alpha.0.35+26.2,2,0,2,1,0.5,0,0,0.0,0,0,0,0.0,False,False,False
MOD0018,W8Gj5vpQ,0.4.2-alpha.0.34+26.2,2,0,2,1,0.5,0,0,0.0,0,0,0,0.0,False,False,False
MOD0019,SmfwDCLg,5.0.3,217,312,25,118,0.543778801843318,27,13,0.48148148148148145,19,10,6,0.2222222222222222,True,True,False
MOD0019,JhRhVTsi,5.0.2,217,311,25,118,0.543778801843318,27,13,0.48148148148148145,19,10,6,0.2222222222222222,True,True,False
MOD0019,nONG6aAf,5.0.1,217,311,25,118,0.543778801843318,27,13,0.48148148148148145,19,10,6,0.2222222222222222,True,True,False
MOD0020,aRWqyAza,18.0.2,208,572,13,196,0.9423076923076923,0,0,0.0,0,0,0,0.0,False,False,False
MOD0020,WE4MaJY3,18.0.1,208,572,13,196,0.9423076923076923,0,0,0.0,0,0,0,0.0,False,False,False
MOD0020,KyJg8lUb,18.0.0,208,572,13,196,0.9423076923076923,0,0,0.0,0,0,0,0.0,False,False,False
MOD0021,rjaBaaYV,0.7.13+26.1,36,75,4,33,0.9166666666666666,0,0,0.0,0,0,0,0.0,False,False,False
MOD0021,6vzUj4RD,0.7.13+1.21.11,36,75,4,33,0.9166666666666666,0,0,0.0,0,0,0,0.0,False,False,False
MOD0021,H81pJbu3,0.7.12+1.21.11,36,75,4,33,0.9166666666666666,0,0,0.0,0,0,0,0.0,False,False,False
MOD0022,YbXDHf8W,1.1.24+1.20.1+fabric,473,2074,12,462,0.9767441860465116,21,14,0.6666666666666666,1,20,2,0.09523809523809523,True,True,False
MOD0022,fgTjvcl1,1.1.24+1.19.2+fabric,460,2039,11,450,0.9782608695652174,24,17,0.7083333333333334,1,23,2,0.08333333333333333,True,True,False
MOD0022,v4y1JyP7,1.1.23+1.20.1+fabric,473,2074,12,462,0.9767441860465116,21,14,0.6666666666666666,1,20,2,0.09523809523809523,True,True,False
MOD0023,6e5jpTai,3.3.5,27,26,4,20,0.7407407407407407,1,1,1.0,0,1,1,1.0,False,False,False
MOD0023,XsMMpmvW,3.3.5,27,26,4,20,0.7407407407407407,1,1,1.0,0,1,1,1.0,False,False,False
MOD0023,OtkWHKqd,3.3.5,27,26,4,20,0.7407407407407407,1,1,1.0,0,1,1,1.0,False,False,False
MOD0024,u1D4iv2f,1.9.3+26.2-pre-3-fabric,24,52,2,23,0.9583333333333334,0,0,0.0,0,0,0,0.0,False,False,False
MOD0024,jcj4Ev6D,1.9.3+26.1-fabric,24,52,2,23,0.9583333333333334,0,0,0.0,0,0,0,0.0,False,False,False
MOD0024,JBMS9mK4,1.9.3+1.21.8-fabric,24,51,2,23,0.9583333333333334,0,0,0.0,0,0,0,0.0,False,False,False
MOD0025,GQZblC1k,2.0.6+26.1,50,107,4,47,0.94,0,0,0.0,0,0,0,0.0,False,False,False
MOD0025,utvU33Po,2.0.5+26.1,50,107,4,47,0.94,0,0,0.0,0,0,0,0.0,False,False,False
MOD0025,RzqGQ6Yy,2.0.4+26.1,49,106,4,46,0.9387755102040817,1,1,1.0,0,1,1,1.0,False,False,False
MOD0026,izb7HEM9,4.1.0+26.1,36,84,1,36,1.0,1,1,1.0,0,1,1,1.0,False,False,False
MOD0026,r1S9kOO9,4.0.6+26.1,36,82,1,36,1.0,1,1,1.0,0,1,1,1.0,False,False,False
MOD0026,Qmg5ibH4,4.0.5+26.1,36,82,1,36,1.0,1,1,1.0,0,1,1,1.0,False,False,False
MOD0027,ZTeZ33xQ,2.0.5+1.21.4-fabric,126,322,9,118,0.9365079365079365,6,5,0.8333333333333334,2,4,3,0.5,True,False,False
MOD0027,ZznPT3u4,2.0.4+1.21.4-fabric,126,322,9,118,0.9365079365079365,6,5,0.8333333333333334,2,4,3,0.5,True,False,False
MOD0027,t3YH4W4D,2.0.2+1.21.7-fabric,126,320,9,118,0.9365079365079365,6,5,0.8333333333333334,2,4,3,0.5,True,False,False
MOD0028,m9NNQjno,1.9.2-r5.8.1-fabric,1399,4511,28,1372,0.9807005003573981,9,8,0.8888888888888888,2,7,3,0.3333333333333333,True,False,False
MOD0028,gL7fCfRP,1.9.1-r5.8.1-fabric,1399,4511,28,1372,0.9807005003573981,9,8,0.8888888888888888,2,7,3,0.3333333333333333,True,False,False
MOD0028,St6dRN4o,1.9.0-r5.8-fabric,1418,4511,47,1372,0.9675599435825106,28,8,0.2857142857142857,2,26,3,0.10714285714285714,True,False,False
MOD0029,EAlqUmgQ,26.1.819+fabric,1062,4317,9,1054,0.992467043314501,0,0,0.0,0,0,0,0.0,False,False,False
MOD0029,Qtp4kPeN,26.1.818+fabric,1062,4317,9,1054,0.992467043314501,0,0,0.0,0,0,0,0.0,False,False,False
MOD0029,QEiKPzyl,21.11.816+fabric,1061,4159,9,1052,0.9915174363807728,3,3,1.0,0,3,1,0.3333333333333333,False,False,False
MOD0030,M6In6JRO,2.3.1+26.1-fabric,12,19,3,10,0.8333333333333334,0,0,0.0,0,0,0,0.0,False,False,False
MOD0030,HUt5RNu0,2.3.0+1.21.8-fabric,41,111,1,41,1.0,29,29,1.0,79,4,26,0.896551724137931,True,True,True
MOD0030,QVq7m4OR,2.3.0+1.21.5-fabric,41,111,1,41,1.0,29,29,1.0,79,4,26,0.896551724137931,True,True,True
