representation,true_mod,historical_version_id,component_count,fractional_best_mods,fractional_true_rank,fractional_top1_unique_correct,fractional_top1_true_in_tie,fractional_top3,fractional_top5,confidence_best_mods,confidence_true_rank,confidence_top1_unique_correct,confidence_top1_true_in_tie,confidence_top3,confidence_top5,component_bucket
OPCODE_3GRAM,MOD0002,j2vTurvl,6,MOD0005,5,False,False,False,True,MOD0029,5,False,False,False,True,6-10
OPCODE_STRUCT,MOD0002,j2vTurvl,6,MOD0022,4,False,False,False,True,MOD0022,4,False,False,False,True,6-10
OPCODE_CONTEXT,MOD0002,j2vTurvl,6,MOD0002|MOD0005|MOD0022,1,False,True,True,True,MOD0022,3,False,False,True,True,6-10
OPCODE_3GRAM,MOD0002,3rsoV1bk,4,MOD0022|MOD0029,5,False,False,False,True,MOD0029,5,False,False,False,True,4-5
OPCODE_STRUCT,MOD0002,3rsoV1bk,4,MOD0022,3,False,False,True,True,MOD0022,3,False,False,True,True,4-5
OPCODE_CONTEXT,MOD0002,3rsoV1bk,4,MOD0002|MOD0005|MOD0022,1,False,True,True,True,MOD0022,3,False,False,True,True,4-5
OPCODE_3GRAM,MOD0005,DPLgZYg3,159,MOD0005,1,True,True,True,True,MOD0005,1,True,True,True,True,21+
OPCODE_STRUCT,MOD0005,DPLgZYg3,159,MOD0005,1,True,True,True,True,MOD0005,1,True,True,True,True,21+
OPCODE_CONTEXT,MOD0005,DPLgZYg3,159,MOD0005,1,True,True,True,True,MOD0005,1,True,True,True,True,21+
OPCODE_3GRAM,MOD0005,HMZVMjWH,102,MOD0005,1,True,True,True,True,MOD0005,1,True,True,True,True,21+
OPCODE_STRUCT,MOD0005,HMZVMjWH,102,MOD0005,1,True,True,True,True,MOD0005,1,True,True,True,True,21+
OPCODE_CONTEXT,MOD0005,HMZVMjWH,102,MOD0005,1,True,True,True,True,MOD0005,1,True,True,True,True,21+
OPCODE_3GRAM,MOD0005,HWSzfi9w,57,MOD0005,1,True,True,True,True,MOD0005,1,True,True,True,True,21+
OPCODE_STRUCT,MOD0005,HWSzfi9w,57,MOD0005,1,True,True,True,True,MOD0005,1,True,True,True,True,21+
OPCODE_CONTEXT,MOD0005,HWSzfi9w,57,MOD0005,1,True,True,True,True,MOD0005,1,True,True,True,True,21+
OPCODE_3GRAM,MOD0006,L6bn4TS8,422,MOD0006,1,True,True,True,True,MOD0006,1,True,True,True,True,21+
OPCODE_STRUCT,MOD0006,L6bn4TS8,422,MOD0006,1,True,True,True,True,MOD0006,1,True,True,True,True,21+
OPCODE_CONTEXT,MOD0006,L6bn4TS8,422,MOD0006,1,True,True,True,True,MOD0006,1,True,True,True,True,21+
OPCODE_3GRAM,MOD0006,XZTmZlwb,421,MOD0006,1,True,True,True,True,MOD0006,1,True,True,True,True,21+
OPCODE_STRUCT,MOD0006,XZTmZlwb,421,MOD0006,1,True,True,True,True,MOD0006,1,True,True,True,True,21+
OPCODE_CONTEXT,MOD0006,XZTmZlwb,421,MOD0006,1,True,True,True,True,MOD0006,1,True,True,True,True,21+
OPCODE_3GRAM,MOD0007,wMNsaKHd,70,MOD0028,6,False,False,False,False,MOD0007,1,True,True,True,True,21+
OPCODE_STRUCT,MOD0007,wMNsaKHd,70,MOD0010,6,False,False,False,False,MOD0007,1,True,True,True,True,21+
OPCODE_CONTEXT,MOD0007,wMNsaKHd,70,MOD0029,6,False,False,False,False,MOD0007,1,True,True,True,True,21+
OPCODE_3GRAM,MOD0009,uQ4oSnyu,2,MOD0005,2,False,False,True,True,MOD0009|MOD0012|MOD0017|MOD0019|MOD0023|MOD0027,1,False,True,True,True,2-3
OPCODE_STRUCT,MOD0009,uQ4oSnyu,2,MOD0027,2,False,False,True,True,MOD0027,2,False,False,True,True,2-3
OPCODE_CONTEXT,MOD0009,uQ4oSnyu,2,MOD0002,2,False,False,True,True,MOD0009|MOD0012|MOD0017|MOD0019|MOD0023|MOD0027,1,False,True,True,True,2-3
OPCODE_3GRAM,MOD0009,wbQl9Dig,2,MOD0005,2,False,False,True,True,MOD0009|MOD0012|MOD0017|MOD0019|MOD0023|MOD0027,1,False,True,True,True,2-3
OPCODE_STRUCT,MOD0009,wbQl9Dig,2,MOD0027,2,False,False,True,True,MOD0027,2,False,False,True,True,2-3
OPCODE_CONTEXT,MOD0009,wbQl9Dig,2,MOD0002,2,False,False,True,True,MOD0009|MOD0012|MOD0017|MOD0019|MOD0023|MOD0027,1,False,True,True,True,2-3
OPCODE_3GRAM,MOD0009,6HkzfAoc,4,MOD0004|MOD0005|MOD0010,4,False,False,False,True,MOD0009|MOD0012|MOD0017|MOD0019|MOD0023|MOD0027,1,False,True,True,True,4-5
OPCODE_STRUCT,MOD0009,6HkzfAoc,4,MOD0010|MOD0029,5,False,False,False,True,MOD0009|MOD0012|MOD0017|MOD0019|MOD0023|MOD0027,1,False,True,True,True,4-5
OPCODE_CONTEXT,MOD0009,6HkzfAoc,4,MOD0005|MOD0028,5,False,False,False,True,MOD0009|MOD0012|MOD0017|MOD0019|MOD0023|MOD0027,1,False,True,True,True,4-5
OPCODE_3GRAM,MOD0010,m3XmDd8j,134,MOD0010,1,True,True,True,True,MOD0010,1,True,True,True,True,21+
OPCODE_STRUCT,MOD0010,m3XmDd8j,134,MOD0010,1,True,True,True,True,MOD0010,1,True,True,True,True,21+
OPCODE_CONTEXT,MOD0010,m3XmDd8j,134,MOD0010,1,True,True,True,True,MOD0010,1,True,True,True,True,21+
OPCODE_3GRAM,MOD0010,QmA84JcU,12,MOD0010,1,True,True,True,True,MOD0010,1,True,True,True,True,11-20
OPCODE_STRUCT,MOD0010,QmA84JcU,12,MOD0010,1,True,True,True,True,MOD0010,1,True,True,True,True,11-20
OPCODE_CONTEXT,MOD0010,QmA84JcU,12,MOD0010,1,True,True,True,True,MOD0010,1,True,True,True,True,11-20
OPCODE_3GRAM,MOD0010,33Ei8Thm,20,MOD0010,1,True,True,True,True,MOD0010,1,True,True,True,True,11-20
OPCODE_STRUCT,MOD0010,33Ei8Thm,20,MOD0010,1,True,True,True,True,MOD0010,1,True,True,True,True,11-20
OPCODE_CONTEXT,MOD0010,33Ei8Thm,20,MOD0010,1,True,True,True,True,MOD0010,1,True,True,True,True,11-20
OPCODE_3GRAM,MOD0011,Z8VpxxGh,2,MOD0005|MOD0022,9,False,False,False,False,MOD0005|MOD0022,9,False,False,False,False,2-3
OPCODE_STRUCT,MOD0011,Z8VpxxGh,2,MOD0005,4,False,False,False,True,MOD0010|MOD0013,4,False,False,False,True,2-3
OPCODE_CONTEXT,MOD0011,Z8VpxxGh,2,MOD0005,7,False,False,False,False,MOD0005,7,False,False,False,False,2-3
OPCODE_3GRAM,MOD0011,K4hsdO9H,1,MOD0005|MOD0010|MOD0013|MOD0015|MOD0022|MOD0025|MOD0027,8,False,False,False,False,MOD0005|MOD0010|MOD0013|MOD0015|MOD0022|MOD0025|MOD0027,8,False,False,False,False,1
OPCODE_STRUCT,MOD0011,K4hsdO9H,1,MOD0010|MOD0013,3,False,False,True,True,MOD0010|MOD0013,3,False,False,True,True,1
OPCODE_CONTEXT,MOD0011,K4hsdO9H,1,MOD0010|MOD0013|MOD0015|MOD0022|MOD0025,6,False,False,False,False,MOD0010|MOD0013|MOD0015|MOD0022|MOD0025,6,False,False,False,False,1
OPCODE_3GRAM,MOD0012,gjIvugXc,1,MOD0028,2,False,False,True,True,MOD0028,2,False,False,True,True,1
OPCODE_STRUCT,MOD0012,gjIvugXc,1,MOD0028,2,False,False,True,True,MOD0028,2,False,False,True,True,1
OPCODE_CONTEXT,MOD0012,gjIvugXc,1,MOD0006,2,False,False,True,True,MOD0006,2,False,False,True,True,1
OPCODE_3GRAM,MOD0012,Q3Dusz2j,73,MOD0012,1,True,True,True,True,MOD0012,1,True,True,True,True,21+
OPCODE_STRUCT,MOD0012,Q3Dusz2j,73,MOD0012,1,True,True,True,True,MOD0012,1,True,True,True,True,21+
OPCODE_CONTEXT,MOD0012,Q3Dusz2j,73,MOD0012,1,True,True,True,True,MOD0012,1,True,True,True,True,21+
OPCODE_3GRAM,MOD0012,dOFYYhIv,79,MOD0012,1,True,True,True,True,MOD0012,1,True,True,True,True,21+
OPCODE_STRUCT,MOD0012,dOFYYhIv,79,MOD0012,1,True,True,True,True,MOD0012,1,True,True,True,True,21+
OPCODE_CONTEXT,MOD0012,dOFYYhIv,79,MOD0012,1,True,True,True,True,MOD0012,1,True,True,True,True,21+
OPCODE_3GRAM,MOD0013,rJRsdV10,20,MOD0013,1,True,True,True,True,MOD0013,1,True,True,True,True,11-20
OPCODE_STRUCT,MOD0013,rJRsdV10,20,MOD0013,1,True,True,True,True,MOD0013,1,True,True,True,True,11-20
OPCODE_CONTEXT,MOD0013,rJRsdV10,20,MOD0013,1,True,True,True,True,MOD0013,1,True,True,True,True,11-20
OPCODE_3GRAM,MOD0017,l7gept3U,1,MOD0009|MOD0012|MOD0017|MOD0019|MOD0023|MOD0027,1,False,True,True,True,MOD0009|MOD0012|MOD0017|MOD0019|MOD0023|MOD0027,1,False,True,True,True,1
OPCODE_STRUCT,MOD0017,l7gept3U,1,MOD0009|MOD0012|MOD0017|MOD0019|MOD0023|MOD0027,1,False,True,True,True,MOD0009|MOD0012|MOD0017|MOD0019|MOD0023|MOD0027,1,False,True,True,True,1
OPCODE_CONTEXT,MOD0017,l7gept3U,1,MOD0009|MOD0012|MOD0017|MOD0019|MOD0023|MOD0027,1,False,True,True,True,MOD0009|MOD0012|MOD0017|MOD0019|MOD0023|MOD0027,1,False,True,True,True,1
OPCODE_3GRAM,MOD0017,usQ3Kyvp,1,MOD0009|MOD0012|MOD0017|MOD0019|MOD0023|MOD0027,1,False,True,True,True,MOD0009|MOD0012|MOD0017|MOD0019|MOD0023|MOD0027,1,False,True,True,True,1
OPCODE_STRUCT,MOD0017,usQ3Kyvp,1,MOD0009|MOD0012|MOD0017|MOD0019|MOD0023|MOD0027,1,False,True,True,True,MOD0009|MOD0012|MOD0017|MOD0019|MOD0023|MOD0027,1,False,True,True,True,1
OPCODE_CONTEXT,MOD0017,usQ3Kyvp,1,MOD0009|MOD0012|MOD0017|MOD0019|MOD0023|MOD0027,1,False,True,True,True,MOD0009|MOD0012|MOD0017|MOD0019|MOD0023|MOD0027,1,False,True,True,True,1
OPCODE_3GRAM,MOD0017,Yn66yzx3,1,MOD0009|MOD0012|MOD0017|MOD0019|MOD0023|MOD0027,1,False,True,True,True,MOD0009|MOD0012|MOD0017|MOD0019|MOD0023|MOD0027,1,False,True,True,True,1
OPCODE_STRUCT,MOD0017,Yn66yzx3,1,MOD0009|MOD0012|MOD0017|MOD0019|MOD0023|MOD0027,1,False,True,True,True,MOD0009|MOD0012|MOD0017|MOD0019|MOD0023|MOD0027,1,False,True,True,True,1
OPCODE_CONTEXT,MOD0017,Yn66yzx3,1,MOD0009|MOD0012|MOD0017|MOD0019|MOD0023|MOD0027,1,False,True,True,True,MOD0009|MOD0012|MOD0017|MOD0019|MOD0023|MOD0027,1,False,True,True,True,1
OPCODE_3GRAM,MOD0019,SmfwDCLg,27,MOD0019,1,True,True,True,True,MOD0019,1,True,True,True,True,21+
OPCODE_STRUCT,MOD0019,SmfwDCLg,27,MOD0019,1,True,True,True,True,MOD0019,1,True,True,True,True,21+
OPCODE_CONTEXT,MOD0019,SmfwDCLg,27,MOD0019,1,True,True,True,True,MOD0019,1,True,True,True,True,21+
OPCODE_3GRAM,MOD0019,JhRhVTsi,27,MOD0019,1,True,True,True,True,MOD0019,1,True,True,True,True,21+
OPCODE_STRUCT,MOD0019,JhRhVTsi,27,MOD0019,1,True,True,True,True,MOD0019,1,True,True,True,True,21+
OPCODE_CONTEXT,MOD0019,JhRhVTsi,27,MOD0019,1,True,True,True,True,MOD0019,1,True,True,True,True,21+
OPCODE_3GRAM,MOD0019,nONG6aAf,27,MOD0019,1,True,True,True,True,MOD0019,1,True,True,True,True,21+
OPCODE_STRUCT,MOD0019,nONG6aAf,27,MOD0019,1,True,True,True,True,MOD0019,1,True,True,True,True,21+
OPCODE_CONTEXT,MOD0019,nONG6aAf,27,MOD0019,1,True,True,True,True,MOD0019,1,True,True,True,True,21+
OPCODE_3GRAM,MOD0022,YbXDHf8W,21,MOD0028,3,False,False,True,True,MOD0010,2,False,False,True,True,21+
OPCODE_STRUCT,MOD0022,YbXDHf8W,21,MOD0022,1,True,True,True,True,MOD0022,1,True,True,True,True,21+
OPCODE_CONTEXT,MOD0022,YbXDHf8W,21,MOD0028,3,False,False,True,True,MOD0022,1,True,True,True,True,21+
OPCODE_3GRAM,MOD0022,fgTjvcl1,24,MOD0028,3,False,False,True,True,MOD0010,2,False,False,True,True,21+
OPCODE_STRUCT,MOD0022,fgTjvcl1,24,MOD0022,1,True,True,True,True,MOD0022,1,True,True,True,True,21+
OPCODE_CONTEXT,MOD0022,fgTjvcl1,24,MOD0005,3,False,False,True,True,MOD0005,2,False,False,True,True,21+
OPCODE_3GRAM,MOD0022,v4y1JyP7,21,MOD0028,3,False,False,True,True,MOD0010,2,False,False,True,True,21+
OPCODE_STRUCT,MOD0022,v4y1JyP7,21,MOD0022,1,True,True,True,True,MOD0022,1,True,True,True,True,21+
OPCODE_CONTEXT,MOD0022,v4y1JyP7,21,MOD0028,3,False,False,True,True,MOD0022,1,True,True,True,True,21+
OPCODE_3GRAM,MOD0023,6e5jpTai,1,MOD0023,1,True,True,True,True,MOD0023,1,True,True,True,True,1
OPCODE_STRUCT,MOD0023,6e5jpTai,1,MOD0029,2,False,False,True,True,MOD0029,2,False,False,True,True,1
OPCODE_CONTEXT,MOD0023,6e5jpTai,1,MOD0023,1,True,True,True,True,MOD0023,1,True,True,True,True,1
OPCODE_3GRAM,MOD0023,XsMMpmvW,1,MOD0023,1,True,True,True,True,MOD0023,1,True,True,True,True,1
OPCODE_STRUCT,MOD0023,XsMMpmvW,1,MOD0029,2,False,False,True,True,MOD0029,2,False,False,True,True,1
OPCODE_CONTEXT,MOD0023,XsMMpmvW,1,MOD0023,1,True,True,True,True,MOD0023,1,True,True,True,True,1
OPCODE_3GRAM,MOD0023,OtkWHKqd,1,MOD0023,1,True,True,True,True,MOD0023,1,True,True,True,True,1
OPCODE_STRUCT,MOD0023,OtkWHKqd,1,MOD0029,2,False,False,True,True,MOD0029,2,False,False,True,True,1
OPCODE_CONTEXT,MOD0023,OtkWHKqd,1,MOD0023,1,True,True,True,True,MOD0023,1,True,True,True,True,1
OPCODE_3GRAM,MOD0025,RzqGQ6Yy,1,MOD0002|MOD0004|MOD0005|MOD0006|MOD0008|MOD0009|MOD0010|MOD0011|MOD0012|MOD0013|MOD0014|MOD0015|MOD0016|MOD0017|MOD0019|MOD0020|MOD0022|MOD0023|MOD0024|MOD0025|MOD0026|MOD0027|MOD0028|MOD0029,1,False,True,True,True,MOD0002|MOD0004|MOD0005|MOD0006|MOD0008|MOD0009|MOD0010|MOD0011|MOD0012|MOD0013|MOD0014|MOD0015|MOD0016|MOD0017|MOD0019|MOD0020|MOD0022|MOD0023|MOD0024|MOD0025|MOD0026|MOD0027|MOD0028|MOD0029,1,False,True,True,True,1
OPCODE_STRUCT,MOD0025,RzqGQ6Yy,1,MOD0002|MOD0004|MOD0005|MOD0006|MOD0010|MOD0011|MOD0013|MOD0014|MOD0015|MOD0017|MOD0019|MOD0020|MOD0022|MOD0025|MOD0027|MOD0028|MOD0029,1,False,True,True,True,MOD0002|MOD0004|MOD0005|MOD0006|MOD0010|MOD0011|MOD0013|MOD0014|MOD0015|MOD0017|MOD0019|MOD0020|MOD0022|MOD0025|MOD0027|MOD0028|MOD0029,1,False,True,True,True,1
OPCODE_CONTEXT,MOD0025,RzqGQ6Yy,1,MOD0002|MOD0004|MOD0005|MOD0006|MOD0010|MOD0011|MOD0013|MOD0014|MOD0015|MOD0017|MOD0019|MOD0020|MOD0022|MOD0025|MOD0027|MOD0028|MOD0029,1,False,True,True,True,MOD0002|MOD0004|MOD0005|MOD0006|MOD0010|MOD0011|MOD0013|MOD0014|MOD0015|MOD0017|MOD0019|MOD0020|MOD0022|MOD0025|MOD0027|MOD0028|MOD0029,1,False,True,True,True,1
OPCODE_3GRAM,MOD0026,izb7HEM9,1,MOD0026,1,True,True,True,True,MOD0026,1,True,True,True,True,1
OPCODE_STRUCT,MOD0026,izb7HEM9,1,MOD0026,1,True,True,True,True,MOD0026,1,True,True,True,True,1
OPCODE_CONTEXT,MOD0026,izb7HEM9,1,MOD0026,1,True,True,True,True,MOD0026,1,True,True,True,True,1
OPCODE_3GRAM,MOD0026,r1S9kOO9,1,MOD0005,2,False,False,True,True,MOD0005,2,False,False,True,True,1
OPCODE_STRUCT,MOD0026,r1S9kOO9,1,MOD0005,2,False,False,True,True,MOD0005,2,False,False,True,True,1
OPCODE_CONTEXT,MOD0026,r1S9kOO9,1,MOD0006|MOD0010,3,False,False,True,True,MOD0006|MOD0010,3,False,False,True,True,1
OPCODE_3GRAM,MOD0026,Qmg5ibH4,1,MOD0005,2,False,False,True,True,MOD0005,2,False,False,True,True,1
OPCODE_STRUCT,MOD0026,Qmg5ibH4,1,MOD0005,2,False,False,True,True,MOD0005,2,False,False,True,True,1
OPCODE_CONTEXT,MOD0026,Qmg5ibH4,1,MOD0006|MOD0010,3,False,False,True,True,MOD0006|MOD0010,3,False,False,True,True,1
OPCODE_3GRAM,MOD0027,ZTeZ33xQ,6,MOD0017,4,False,False,False,True,MOD0017,2,False,False,True,True,6-10
OPCODE_STRUCT,MOD0027,ZTeZ33xQ,6,MOD0002|MOD0004|MOD0005|MOD0010,5,False,False,False,True,MOD0017|MOD0019|MOD0027,1,False,True,True,True,6-10
OPCODE_CONTEXT,MOD0027,ZTeZ33xQ,6,MOD0027,1,True,True,True,True,MOD0027,1,True,True,True,True,6-10
OPCODE_3GRAM,MOD0027,ZznPT3u4,6,MOD0017,4,False,False,False,True,MOD0017,2,False,False,True,True,6-10
OPCODE_STRUCT,MOD0027,ZznPT3u4,6,MOD0002|MOD0004|MOD0005|MOD0010,5,False,False,False,True,MOD0017|MOD0019|MOD0027,1,False,True,True,True,6-10
OPCODE_CONTEXT,MOD0027,ZznPT3u4,6,MOD0027,1,True,True,True,True,MOD0027,1,True,True,True,True,6-10
OPCODE_3GRAM,MOD0027,t3YH4W4D,6,MOD0017,4,False,False,False,True,MOD0017,2,False,False,True,True,6-10
OPCODE_STRUCT,MOD0027,t3YH4W4D,6,MOD0002|MOD0004|MOD0005|MOD0010,5,False,False,False,True,MOD0017|MOD0019|MOD0027,1,False,True,True,True,6-10
OPCODE_CONTEXT,MOD0027,t3YH4W4D,6,MOD0027,1,True,True,True,True,MOD0027,1,True,True,True,True,6-10
OPCODE_3GRAM,MOD0028,m9NNQjno,9,MOD0005|MOD0009|MOD0010|MOD0022|MOD0028|MOD0029,4,False,True,False,True,MOD0022,2,False,False,True,True,6-10
OPCODE_STRUCT,MOD0028,m9NNQjno,9,MOD0028,1,True,True,True,True,MOD0028,1,True,True,True,True,6-10
OPCODE_CONTEXT,MOD0028,m9NNQjno,9,MOD0028,1,True,True,True,True,MOD0028,1,True,True,True,True,6-10
OPCODE_3GRAM,MOD0028,gL7fCfRP,9,MOD0005|MOD0009|MOD0010|MOD0022|MOD0028|MOD0029,4,False,True,False,True,MOD0022,2,False,False,True,True,6-10
OPCODE_STRUCT,MOD0028,gL7fCfRP,9,MOD0028,1,True,True,True,True,MOD0028,1,True,True,True,True,6-10
OPCODE_CONTEXT,MOD0028,gL7fCfRP,9,MOD0028,1,True,True,True,True,MOD0028,1,True,True,True,True,6-10
OPCODE_3GRAM,MOD0028,St6dRN4o,28,MOD0028,1,True,True,True,True,MOD0028,1,True,True,True,True,21+
OPCODE_STRUCT,MOD0028,St6dRN4o,28,MOD0028,1,True,True,True,True,MOD0020,3,False,False,True,True,21+
OPCODE_CONTEXT,MOD0028,St6dRN4o,28,MOD0028,1,True,True,True,True,MOD0020,2,False,False,True,True,21+
OPCODE_3GRAM,MOD0029,QEiKPzyl,3,MOD0029,1,True,True,True,True,MOD0029,1,True,True,True,True,2-3
OPCODE_STRUCT,MOD0029,QEiKPzyl,3,MOD0005|MOD0010|MOD0029,1,False,True,True,True,MOD0029,1,True,True,True,True,2-3
OPCODE_CONTEXT,MOD0029,QEiKPzyl,3,MOD0005|MOD0029,1,False,True,True,True,MOD0005|MOD0029,1,False,True,True,True,2-3
OPCODE_3GRAM,MOD0030,HUt5RNu0,29,MOD0010,10,False,False,False,False,MOD0010,27,False,False,False,False,21+
OPCODE_STRUCT,MOD0030,HUt5RNu0,29,MOD0005,22,False,False,False,False,MOD0005,22,False,False,False,False,21+
OPCODE_CONTEXT,MOD0030,HUt5RNu0,29,MOD0010,23,False,False,False,False,MOD0010,23,False,False,False,False,21+
OPCODE_3GRAM,MOD0030,QVq7m4OR,29,MOD0010,10,False,False,False,False,MOD0010,27,False,False,False,False,21+
OPCODE_STRUCT,MOD0030,QVq7m4OR,29,MOD0005,22,False,False,False,False,MOD0005,22,False,False,False,False,21+
OPCODE_CONTEXT,MOD0030,QVq7m4OR,29,MOD0010,23,False,False,False,False,MOD0010,23,False,False,False,False,21+
