anonymous_query_id,query_id,node_id,scenario,gt,nicad_pred,proposed_pred,high_confidence_source_mapping
Q0001,Q6K00181,Q6K00181_N01,TEST_KNOWN_K1,FMOD0077,FMOD0077,FMOD0077,False
Q0001,Q6K00181,Q6K00181_N02,TEST_KNOWN_K1,FMOD0077,FMOD0077,FMOD0077,False
Q0001,Q6K00181,Q6K00181_N04,TEST_KNOWN_K1,FMOD0077,FMOD0077,FMOD0077,False
Q0001,Q6K00181,Q6K00181_N05,TEST_KNOWN_K1,FMOD0077,FMOD0077,FMOD0077,False
Q0001,Q6K00181,Q6K00181_N06,TEST_KNOWN_K1,FMOD0077,FMOD0077,FMOD0077,False
Q0003,Q6K00183,Q6K00183_N01,TEST_KNOWN_K1,FMOD0023,FMOD0023,FMOD0023,False
Q0003,Q6K00183,Q6K00183_N05,TEST_KNOWN_K1,FMOD0023,FMOD0023,FMOD0023,False
Q0004,Q6K00184,Q6K00184_N02,TEST_KNOWN_K1,FMOD0004,FMOD0004,FMOD0004,True
Q0004,Q6K00184,Q6K00184_N03,TEST_KNOWN_K1,FMOD0004,UNKNOWN,FMOD0004,True
Q0004,Q6K00184,Q6K00184_N04,TEST_KNOWN_K1,FMOD0004,FMOD0004,FMOD0004,True
Q0004,Q6K00184,Q6K00184_N06,TEST_KNOWN_K1,FMOD0004,UNKNOWN,FMOD0004,True
Q0004,Q6K00184,Q6K00184_N07,TEST_KNOWN_K1,FMOD0004,FMOD0004,FMOD0004,True
Q0005,Q6K00185,Q6K00185_N01,TEST_KNOWN_K1,FMOD0096,FMOD0096,UNKNOWN,False
Q0005,Q6K00185,Q6K00185_N03,TEST_KNOWN_K1,FMOD0096,UNKNOWN,FMOD0096,False
Q0005,Q6K00185,Q6K00185_N04,TEST_KNOWN_K1,FMOD0096,FMOD0096,UNKNOWN,False
Q0005,Q6K00185,Q6K00185_N06,TEST_KNOWN_K1,FMOD0096,FMOD0096,FMOD0096,False
Q0005,Q6K00185,Q6K00185_N07,TEST_KNOWN_K1,FMOD0096,FMOD0096,FMOD0096,False
Q0006,Q6K00186,Q6K00186_N01,TEST_KNOWN_K1,FMOD0077,FMOD0077,FMOD0077,False
Q0006,Q6K00186,Q6K00186_N02,TEST_KNOWN_K1,FMOD0077,FMOD0077,FMOD0077,False
Q0006,Q6K00186,Q6K00186_N04,TEST_KNOWN_K1,FMOD0077,FMOD0077,FMOD0077,False
Q0006,Q6K00186,Q6K00186_N06,TEST_KNOWN_K1,FMOD0077,FMOD0077,FMOD0077,False
Q0006,Q6K00186,Q6K00186_N07,TEST_KNOWN_K1,FMOD0077,FMOD0077,FMOD0077,False
Q0007,Q6K00187,Q6K00187_N02,TEST_KNOWN_K1,FMOD0086,FMOD0086,FMOD0086,False
Q0007,Q6K00187,Q6K00187_N03,TEST_KNOWN_K1,FMOD0086,FMOD0086,FMOD0086,False
Q0007,Q6K00187,Q6K00187_N04,TEST_KNOWN_K1,FMOD0086,FMOD0086,FMOD0086,False
Q0007,Q6K00187,Q6K00187_N05,TEST_KNOWN_K1,FMOD0086,FMOD0086,FMOD0086,False
Q0007,Q6K00187,Q6K00187_N06,TEST_KNOWN_K1,FMOD0086,FMOD0086,FMOD0086,False
Q0009,Q6K00189,Q6K00189_N01,TEST_KNOWN_K1,FMOD0087,UNKNOWN,FMOD0087,False
Q0009,Q6K00189,Q6K00189_N02,TEST_KNOWN_K1,FMOD0087,FMOD0087,FMOD0087,False
Q0009,Q6K00189,Q6K00189_N04,TEST_KNOWN_K1,FMOD0087,UNKNOWN,FMOD0087,False
Q0009,Q6K00189,Q6K00189_N05,TEST_KNOWN_K1,FMOD0087,UNKNOWN,FMOD0087,False
Q0009,Q6K00189,Q6K00189_N07,TEST_KNOWN_K1,FMOD0087,FMOD0087,FMOD0087,False
Q0011,Q6K00191,Q6K00191_N01,TEST_KNOWN_K1,FMOD0086,FMOD0086,FMOD0086,False
Q0011,Q6K00191,Q6K00191_N03,TEST_KNOWN_K1,FMOD0086,FMOD0086,FMOD0086,False
Q0011,Q6K00191,Q6K00191_N04,TEST_KNOWN_K1,FMOD0086,FMOD0086,FMOD0086,False
Q0011,Q6K00191,Q6K00191_N05,TEST_KNOWN_K1,FMOD0086,FMOD0086,FMOD0086,False
Q0011,Q6K00191,Q6K00191_N06,TEST_KNOWN_K1,FMOD0086,FMOD0086,FMOD0086,False
Q0012,Q6K00192,Q6K00192_N01,TEST_KNOWN_K1,FMOD0086,FMOD0086,FMOD0086,False
Q0012,Q6K00192,Q6K00192_N03,TEST_KNOWN_K1,FMOD0086,FMOD0086,FMOD0086,False
Q0012,Q6K00192,Q6K00192_N04,TEST_KNOWN_K1,FMOD0086,FMOD0086,FMOD0086,False
Q0012,Q6K00192,Q6K00192_N05,TEST_KNOWN_K1,FMOD0086,FMOD0086,FMOD0086,False
Q0012,Q6K00192,Q6K00192_N07,TEST_KNOWN_K1,FMOD0086,FMOD0086,FMOD0086,False
Q0014,Q6K00194,Q6K00194_N01,TEST_KNOWN_K1,FMOD0083,FMOD0083,FMOD0083,False
Q0014,Q6K00194,Q6K00194_N02,TEST_KNOWN_K1,FMOD0083,UNKNOWN,FMOD0083,False
Q0014,Q6K00194,Q6K00194_N05,TEST_KNOWN_K1,FMOD0083,UNKNOWN,FMOD0083,False
Q0014,Q6K00194,Q6K00194_N06,TEST_KNOWN_K1,FMOD0083,FMOD0083,FMOD0083,False
Q0014,Q6K00194,Q6K00194_N07,TEST_KNOWN_K1,FMOD0083,FMOD0083,FMOD0083,False
Q0015,Q6K00195,Q6K00195_N01,TEST_KNOWN_K1,FMOD0061,UNKNOWN,FMOD0061,False
Q0015,Q6K00195,Q6K00195_N02,TEST_KNOWN_K1,FMOD0061,UNKNOWN,FMOD0061,False
Q0015,Q6K00195,Q6K00195_N04,TEST_KNOWN_K1,FMOD0061,FMOD0061,FMOD0061,False
Q0015,Q6K00195,Q6K00195_N05,TEST_KNOWN_K1,FMOD0061,UNKNOWN,FMOD0061,False
Q0015,Q6K00195,Q6K00195_N07,TEST_KNOWN_K1,FMOD0061,UNKNOWN,FMOD0061,False
Q0016,Q6K00196,Q6K00196_N01,TEST_KNOWN_K1,FMOD0050,FMOD0050,FMOD0050,True
Q0016,Q6K00196,Q6K00196_N02,TEST_KNOWN_K1,FMOD0050,UNKNOWN,FMOD0050,True
Q0016,Q6K00196,Q6K00196_N03,TEST_KNOWN_K1,FMOD0050,UNKNOWN,FMOD0050,True
Q0016,Q6K00196,Q6K00196_N04,TEST_KNOWN_K1,FMOD0050,UNKNOWN,FMOD0050,True
Q0016,Q6K00196,Q6K00196_N05,TEST_KNOWN_K1,FMOD0050,UNKNOWN,FMOD0050,True
Q0019,Q6K00199,Q6K00199_N01,TEST_KNOWN_K1,FMOD0067,FMOD0067,FMOD0067,False
Q0019,Q6K00199,Q6K00199_N02,TEST_KNOWN_K1,FMOD0067,UNKNOWN,FMOD0067,False
Q0019,Q6K00199,Q6K00199_N03,TEST_KNOWN_K1,FMOD0067,UNKNOWN,FMOD0067,False
Q0019,Q6K00199,Q6K00199_N05,TEST_KNOWN_K1,FMOD0067,UNKNOWN,UNKNOWN,False
Q0019,Q6K00199,Q6K00199_N07,TEST_KNOWN_K1,FMOD0067,UNKNOWN,UNKNOWN,False
Q0020,Q6K00200,Q6K00200_N01,TEST_KNOWN_K1,FMOD0051,UNKNOWN,UNKNOWN,False
Q0020,Q6K00200,Q6K00200_N02,TEST_KNOWN_K1,FMOD0051,FMOD0051,FMOD0051,False
Q0020,Q6K00200,Q6K00200_N04,TEST_KNOWN_K1,FMOD0051,FMOD0051,FMOD0051,False
Q0020,Q6K00200,Q6K00200_N05,TEST_KNOWN_K1,FMOD0051,UNKNOWN,FMOD0051,False
Q0020,Q6K00200,Q6K00200_N06,TEST_KNOWN_K1,FMOD0051,FMOD0051,FMOD0051,False
Q0021,Q6K00201,Q6K00201_N04,TEST_KNOWN_K1,FMOD0066,FMOD0066,FMOD0066,False
Q0021,Q6K00201,Q6K00201_N06,TEST_KNOWN_K1,FMOD0066,FMOD0066,UNKNOWN,False
Q0022,Q6K00202,Q6K00202_N01,TEST_KNOWN_K1,FMOD0087,UNKNOWN,FMOD0087,False
Q0022,Q6K00202,Q6K00202_N04,TEST_KNOWN_K1,FMOD0087,FMOD0087,FMOD0087,False
Q0022,Q6K00202,Q6K00202_N05,TEST_KNOWN_K1,FMOD0087,UNKNOWN,FMOD0087,False
Q0022,Q6K00202,Q6K00202_N06,TEST_KNOWN_K1,FMOD0087,FMOD0087,FMOD0087,False
Q0022,Q6K00202,Q6K00202_N07,TEST_KNOWN_K1,FMOD0087,UNKNOWN,FMOD0087,False
Q0023,Q6K00203,Q6K00203_N04,TEST_KNOWN_K1,FMOD0079,UNKNOWN,FMOD0079,False
Q0025,Q6K00205,Q6K00205_N01,TEST_KNOWN_K1,FMOD0051,FMOD0051,FMOD0051,False
Q0025,Q6K00205,Q6K00205_N03,TEST_KNOWN_K1,FMOD0051,UNKNOWN,FMOD0051,False
Q0025,Q6K00205,Q6K00205_N04,TEST_KNOWN_K1,FMOD0051,FMOD0051,FMOD0051,False
Q0025,Q6K00205,Q6K00205_N05,TEST_KNOWN_K1,FMOD0051,UNKNOWN,FMOD0051,False
Q0025,Q6K00205,Q6K00205_N06,TEST_KNOWN_K1,FMOD0051,UNKNOWN,FMOD0051,False
Q0026,Q6K00206,Q6K00206_N01,TEST_KNOWN_K1,FMOD0016,UNKNOWN,FMOD0016,True
Q0026,Q6K00206,Q6K00206_N02,TEST_KNOWN_K1,FMOD0016,UNKNOWN,UNKNOWN,True
Q0026,Q6K00206,Q6K00206_N03,TEST_KNOWN_K1,FMOD0016,UNKNOWN,UNKNOWN,True
Q0026,Q6K00206,Q6K00206_N06,TEST_KNOWN_K1,FMOD0016,FMOD0016,UNKNOWN,True
Q0026,Q6K00206,Q6K00206_N07,TEST_KNOWN_K1,FMOD0016,UNKNOWN,FMOD0016,True
Q0027,Q6K00207,Q6K00207_N01,TEST_KNOWN_K1,FMOD0023,UNKNOWN,FMOD0023,False
Q0027,Q6K00207,Q6K00207_N02,TEST_KNOWN_K1,FMOD0023,FMOD0023,FMOD0023,False
Q0027,Q6K00207,Q6K00207_N03,TEST_KNOWN_K1,FMOD0023,FMOD0023,FMOD0023,False
Q0027,Q6K00207,Q6K00207_N04,TEST_KNOWN_K1,FMOD0023,UNKNOWN,FMOD0023,False
Q0027,Q6K00207,Q6K00207_N06,TEST_KNOWN_K1,FMOD0023,UNKNOWN,FMOD0023,False
Q0030,Q6K00210,Q6K00210_N01,TEST_KNOWN_K1,FMOD0023,FMOD0023,FMOD0023,False
Q0030,Q6K00210,Q6K00210_N02,TEST_KNOWN_K1,FMOD0023,FMOD0023,UNKNOWN,False
Q0030,Q6K00210,Q6K00210_N05,TEST_KNOWN_K1,FMOD0023,UNKNOWN,FMOD0023,False
Q0030,Q6K00210,Q6K00210_N06,TEST_KNOWN_K1,FMOD0023,FMOD0023,UNKNOWN,False
Q0030,Q6K00210,Q6K00210_N07,TEST_KNOWN_K1,FMOD0023,FMOD0023,FMOD0023,False
Q0031,Q6K00211,Q6K00211_N01,TEST_KNOWN_K1,FMOD0053,UNKNOWN,FMOD0053,False
Q0031,Q6K00211,Q6K00211_N03,TEST_KNOWN_K1,FMOD0053,FMOD0053,FMOD0053,False
Q0031,Q6K00211,Q6K00211_N04,TEST_KNOWN_K1,FMOD0053,FMOD0053,FMOD0053,False
Q0031,Q6K00211,Q6K00211_N05,TEST_KNOWN_K1,FMOD0053,FMOD0053,FMOD0053,False
Q0031,Q6K00211,Q6K00211_N07,TEST_KNOWN_K1,FMOD0053,UNKNOWN,FMOD0053,False
Q0032,Q6K00212,Q6K00212_N02,TEST_KNOWN_K1,FMOD0060,UNKNOWN,FMOD0060,True
Q0032,Q6K00212,Q6K00212_N04,TEST_KNOWN_K1,FMOD0060,UNKNOWN,FMOD0060,True
Q0032,Q6K00212,Q6K00212_N05,TEST_KNOWN_K1,FMOD0060,FMOD0060,FMOD0060,True
Q0032,Q6K00212,Q6K00212_N06,TEST_KNOWN_K1,FMOD0060,FMOD0060,FMOD0060,True
Q0032,Q6K00212,Q6K00212_N07,TEST_KNOWN_K1,FMOD0060,FMOD0060,FMOD0060,True
Q0033,Q6K00213,Q6K00213_N01,TEST_KNOWN_K1,FMOD0087,FMOD0087,FMOD0087,False
Q0033,Q6K00213,Q6K00213_N02,TEST_KNOWN_K1,FMOD0087,UNKNOWN,FMOD0087,False
Q0033,Q6K00213,Q6K00213_N03,TEST_KNOWN_K1,FMOD0087,UNKNOWN,FMOD0087,False
Q0033,Q6K00213,Q6K00213_N04,TEST_KNOWN_K1,FMOD0087,UNKNOWN,FMOD0087,False
Q0033,Q6K00213,Q6K00213_N06,TEST_KNOWN_K1,FMOD0087,FMOD0087,FMOD0087,False
Q0036,Q6K00216,Q6K00216_N01,TEST_KNOWN_K1,FMOD0016,UNKNOWN,UNKNOWN,True
Q0036,Q6K00216,Q6K00216_N02,TEST_KNOWN_K1,FMOD0016,UNKNOWN,UNKNOWN,True
Q0036,Q6K00216,Q6K00216_N03,TEST_KNOWN_K1,FMOD0016,UNKNOWN,UNKNOWN,True
Q0036,Q6K00216,Q6K00216_N04,TEST_KNOWN_K1,FMOD0016,UNKNOWN,FMOD0016,True
Q0036,Q6K00216,Q6K00216_N06,TEST_KNOWN_K1,FMOD0016,FMOD0016,UNKNOWN,True
Q0037,Q6K00217,Q6K00217_N01,TEST_KNOWN_K1,FMOD0016,UNKNOWN,UNKNOWN,True
Q0037,Q6K00217,Q6K00217_N03,TEST_KNOWN_K1,FMOD0016,UNKNOWN,UNKNOWN,True
Q0037,Q6K00217,Q6K00217_N04,TEST_KNOWN_K1,FMOD0016,UNKNOWN,FMOD0016,True
Q0037,Q6K00217,Q6K00217_N06,TEST_KNOWN_K1,FMOD0016,UNKNOWN,UNKNOWN,True
Q0037,Q6K00217,Q6K00217_N07,TEST_KNOWN_K1,FMOD0016,FMOD0016,UNKNOWN,True
Q0038,Q6K00218,Q6K00218_N01,TEST_KNOWN_K1,FMOD0083,FMOD0083,FMOD0083,False
Q0038,Q6K00218,Q6K00218_N02,TEST_KNOWN_K1,FMOD0083,FMOD0083,FMOD0083,False
Q0038,Q6K00218,Q6K00218_N03,TEST_KNOWN_K1,FMOD0083,FMOD0083,FMOD0083,False
Q0038,Q6K00218,Q6K00218_N05,TEST_KNOWN_K1,FMOD0083,FMOD0083,UNKNOWN,False
Q0038,Q6K00218,Q6K00218_N06,TEST_KNOWN_K1,FMOD0083,UNKNOWN,UNKNOWN,False
Q0039,Q6K00219,Q6K00219_N01,TEST_KNOWN_K1,FMOD0060,UNKNOWN,UNKNOWN,True
Q0039,Q6K00219,Q6K00219_N02,TEST_KNOWN_K1,FMOD0060,FMOD0060,FMOD0060,True
Q0039,Q6K00219,Q6K00219_N04,TEST_KNOWN_K1,FMOD0060,UNKNOWN,UNKNOWN,True
Q0039,Q6K00219,Q6K00219_N06,TEST_KNOWN_K1,FMOD0060,FMOD0060,UNKNOWN,True
Q0039,Q6K00219,Q6K00219_N07,TEST_KNOWN_K1,FMOD0060,UNKNOWN,FMOD0060,True
Q0040,Q6K00220,Q6K00220_N02,TEST_KNOWN_K1,FMOD0074,FMOD0074,FMOD0074,False
Q0040,Q6K00220,Q6K00220_N03,TEST_KNOWN_K1,FMOD0074,FMOD0074,FMOD0074,False
Q0040,Q6K00220,Q6K00220_N04,TEST_KNOWN_K1,FMOD0074,FMOD0074,FMOD0074,False
Q0040,Q6K00220,Q6K00220_N05,TEST_KNOWN_K1,FMOD0074,FMOD0074,FMOD0074,False
Q0040,Q6K00220,Q6K00220_N06,TEST_KNOWN_K1,FMOD0074,FMOD0074,FMOD0074,False
Q0041,Q6K00221,Q6K00221_N01,TEST_KNOWN_K1,FMOD0023,UNKNOWN,FMOD0023,False
Q0041,Q6K00221,Q6K00221_N02,TEST_KNOWN_K1,FMOD0023,FMOD0023,FMOD0023,False
Q0041,Q6K00221,Q6K00221_N03,TEST_KNOWN_K1,FMOD0023,UNKNOWN,FMOD0023,False
Q0041,Q6K00221,Q6K00221_N04,TEST_KNOWN_K1,FMOD0023,FMOD0023,FMOD0023,False
Q0041,Q6K00221,Q6K00221_N06,TEST_KNOWN_K1,FMOD0023,UNKNOWN,FMOD0023,False
Q0042,Q6K00222,Q6K00222_N01,TEST_KNOWN_K1,FMOD0061,FMOD0061,FMOD0061,False
Q0042,Q6K00222,Q6K00222_N02,TEST_KNOWN_K1,FMOD0061,FMOD0061,FMOD0061,False
Q0042,Q6K00222,Q6K00222_N03,TEST_KNOWN_K1,FMOD0061,UNKNOWN,FMOD0061,False
Q0042,Q6K00222,Q6K00222_N04,TEST_KNOWN_K1,FMOD0061,UNKNOWN,FMOD0061,False
Q0042,Q6K00222,Q6K00222_N06,TEST_KNOWN_K1,FMOD0061,UNKNOWN,FMOD0061,False
Q0044,Q6K00224,Q6K00224_N02,TEST_KNOWN_K1,FMOD0074,UNKNOWN,UNKNOWN,False
Q0044,Q6K00224,Q6K00224_N04,TEST_KNOWN_K1,FMOD0074,FMOD0074,FMOD0074,False
Q0044,Q6K00224,Q6K00224_N05,TEST_KNOWN_K1,FMOD0074,UNKNOWN,FMOD0074,False
Q0044,Q6K00224,Q6K00224_N06,TEST_KNOWN_K1,FMOD0074,FMOD0074,FMOD0074,False
Q0044,Q6K00224,Q6K00224_N07,TEST_KNOWN_K1,FMOD0074,FMOD0074,FMOD0074,False
Q0045,Q6K00225,Q6K00225_N02,TEST_KNOWN_K1,FMOD0074,FMOD0074,FMOD0074,False
Q0045,Q6K00225,Q6K00225_N04,TEST_KNOWN_K1,FMOD0074,FMOD0074,FMOD0074,False
Q0045,Q6K00225,Q6K00225_N05,TEST_KNOWN_K1,FMOD0074,FMOD0074,FMOD0074,False
Q0045,Q6K00225,Q6K00225_N06,TEST_KNOWN_K1,FMOD0074,FMOD0074,FMOD0074,False
Q0045,Q6K00225,Q6K00225_N07,TEST_KNOWN_K1,FMOD0074,FMOD0074,FMOD0074,False
Q0046,Q6K00226,Q6K00226_N01,TEST_KNOWN_K1,FMOD0053,FMOD0053,FMOD0053,False
Q0046,Q6K00226,Q6K00226_N02,TEST_KNOWN_K1,FMOD0053,FMOD0053,UNKNOWN,False
Q0046,Q6K00226,Q6K00226_N03,TEST_KNOWN_K1,FMOD0053,UNKNOWN,UNKNOWN,False
Q0046,Q6K00226,Q6K00226_N04,TEST_KNOWN_K1,FMOD0053,UNKNOWN,FMOD0053,False
Q0046,Q6K00226,Q6K00226_N06,TEST_KNOWN_K1,FMOD0053,FMOD0053,UNKNOWN,False
Q0047,Q6K00227,Q6K00227_N01,TEST_KNOWN_K1,FMOD0096,FMOD0096,FMOD0096,False
Q0047,Q6K00227,Q6K00227_N03,TEST_KNOWN_K1,FMOD0096,FMOD0096,FMOD0096,False
Q0047,Q6K00227,Q6K00227_N04,TEST_KNOWN_K1,FMOD0096,FMOD0096,UNKNOWN,False
Q0047,Q6K00227,Q6K00227_N05,TEST_KNOWN_K1,FMOD0096,FMOD0096,FMOD0096,False
Q0047,Q6K00227,Q6K00227_N07,TEST_KNOWN_K1,FMOD0096,FMOD0096,UNKNOWN,False
Q0049,Q6K00229,Q6K00229_N01,TEST_KNOWN_K1,FMOD0086,FMOD0086,FMOD0086,False
Q0049,Q6K00229,Q6K00229_N04,TEST_KNOWN_K1,FMOD0086,FMOD0086,FMOD0086,False
Q0049,Q6K00229,Q6K00229_N05,TEST_KNOWN_K1,FMOD0086,FMOD0086,FMOD0086,False
Q0049,Q6K00229,Q6K00229_N06,TEST_KNOWN_K1,FMOD0086,FMOD0086,FMOD0086,False
Q0049,Q6K00229,Q6K00229_N07,TEST_KNOWN_K1,FMOD0086,FMOD0086,FMOD0086,False
Q0050,Q6K00230,Q6K00230_N01,TEST_KNOWN_K1,FMOD0036,UNKNOWN,FMOD0036,False
Q0050,Q6K00230,Q6K00230_N02,TEST_KNOWN_K1,FMOD0036,FMOD0036,FMOD0036,False
Q0050,Q6K00230,Q6K00230_N03,TEST_KNOWN_K1,FMOD0036,FMOD0036,FMOD0036,False
Q0050,Q6K00230,Q6K00230_N04,TEST_KNOWN_K1,FMOD0036,FMOD0036,FMOD0036,False
Q0050,Q6K00230,Q6K00230_N05,TEST_KNOWN_K1,FMOD0036,FMOD0036,FMOD0036,False
Q0052,Q6K00232,Q6K00232_N01,TEST_KNOWN_K1,FMOD0060,UNKNOWN,FMOD0060,True
Q0052,Q6K00232,Q6K00232_N02,TEST_KNOWN_K1,FMOD0060,FMOD0060,FMOD0060,True
Q0052,Q6K00232,Q6K00232_N03,TEST_KNOWN_K1,FMOD0060,FMOD0060,FMOD0060,True
Q0052,Q6K00232,Q6K00232_N04,TEST_KNOWN_K1,FMOD0060,FMOD0060,FMOD0060,True
Q0052,Q6K00232,Q6K00232_N07,TEST_KNOWN_K1,FMOD0060,UNKNOWN,FMOD0060,True
Q0055,Q6K00235,Q6K00235_N01,TEST_KNOWN_K1,FMOD0096,FMOD0096,FMOD0096,False
Q0055,Q6K00235,Q6K00235_N02,TEST_KNOWN_K1,FMOD0096,FMOD0096,UNKNOWN,False
Q0055,Q6K00235,Q6K00235_N03,TEST_KNOWN_K1,FMOD0096,FMOD0096,FMOD0096,False
Q0055,Q6K00235,Q6K00235_N04,TEST_KNOWN_K1,FMOD0096,FMOD0096,FMOD0096,False
Q0055,Q6K00235,Q6K00235_N05,TEST_KNOWN_K1,FMOD0096,FMOD0096,UNKNOWN,False
Q0056,Q6K00236,Q6K00236_N01,TEST_KNOWN_K1,FMOD0036,FMOD0036,FMOD0036,False
Q0056,Q6K00236,Q6K00236_N02,TEST_KNOWN_K1,FMOD0036,FMOD0036,FMOD0036,False
Q0056,Q6K00236,Q6K00236_N03,TEST_KNOWN_K1,FMOD0036,FMOD0036,FMOD0036,False
Q0056,Q6K00236,Q6K00236_N04,TEST_KNOWN_K1,FMOD0036,FMOD0036,FMOD0036,False
Q0056,Q6K00236,Q6K00236_N05,TEST_KNOWN_K1,FMOD0036,FMOD0036,FMOD0036,False
Q0057,Q6K00237,Q6K00237_N01,TEST_KNOWN_K1,FMOD0067,FMOD0067,FMOD0067,True
Q0057,Q6K00237,Q6K00237_N03,TEST_KNOWN_K1,FMOD0067,FMOD0067,FMOD0067,True
Q0057,Q6K00237,Q6K00237_N04,TEST_KNOWN_K1,FMOD0067,UNKNOWN,UNKNOWN,True
Q0057,Q6K00237,Q6K00237_N06,TEST_KNOWN_K1,FMOD0067,UNKNOWN,FMOD0067,True
Q0057,Q6K00237,Q6K00237_N07,TEST_KNOWN_K1,FMOD0067,FMOD0067,FMOD0067,True
Q0063,Q6K00243,Q6K00243_N02,TEST_KNOWN_K2,FMOD0067,UNKNOWN,UNKNOWN,False
Q0063,Q6K00243,Q6K00243_N05,TEST_KNOWN_K2,FMOD0067,UNKNOWN,UNKNOWN,False
Q0063,Q6K00243,Q6K00243_N06,TEST_KNOWN_K2,FMOD0067,FMOD0067,FMOD0067,False
Q0064,Q6K00244,Q6K00244_N01,TEST_KNOWN_K2,FMOD0089,FMOD0089,FMOD0089,False
Q0064,Q6K00244,Q6K00244_N03,TEST_KNOWN_K2,FMOD0089,FMOD0089,FMOD0089,False
Q0064,Q6K00244,Q6K00244_N06,TEST_KNOWN_K2,FMOD0089,UNKNOWN,FMOD0089,False
Q0064,Q6K00244,Q6K00244_N07,TEST_KNOWN_K2,FMOD0023,FMOD0023,FMOD0023,False
Q0065,Q6K00245,Q6K00245_N01,TEST_KNOWN_K2,FMOD0086,FMOD0086,FMOD0086,False
Q0065,Q6K00245,Q6K00245_N02,TEST_KNOWN_K2,FMOD0086,FMOD0086,FMOD0086,False
Q0065,Q6K00245,Q6K00245_N03,TEST_KNOWN_K2,FMOD0022,FMOD0022,FMOD0022,False
Q0065,Q6K00245,Q6K00245_N04,TEST_KNOWN_K2,FMOD0022,FMOD0022,FMOD0022,False
Q0065,Q6K00245,Q6K00245_N06,TEST_KNOWN_K2,FMOD0022,FMOD0022,FMOD0022,False
Q0066,Q6K00246,Q6K00246_N01,TEST_KNOWN_K2,FMOD0053,FMOD0053,UNKNOWN,False
Q0066,Q6K00246,Q6K00246_N02,TEST_KNOWN_K2,FMOD0053,UNKNOWN,FMOD0053,False
Q0066,Q6K00246,Q6K00246_N04,TEST_KNOWN_K2,FMOD0053,UNKNOWN,FMOD0053,False
Q0066,Q6K00246,Q6K00246_N05,TEST_KNOWN_K2,FMOD0005,UNKNOWN,FMOD0005,False
Q0066,Q6K00246,Q6K00246_N07,TEST_KNOWN_K2,FMOD0005,UNKNOWN,UNKNOWN,False
Q0067,Q6K00247,Q6K00247_N02,TEST_KNOWN_K2,FMOD0060,UNKNOWN,FMOD0060,True
Q0067,Q6K00247,Q6K00247_N03,TEST_KNOWN_K2,FMOD0060,FMOD0060,FMOD0060,True
Q0068,Q6K00248,Q6K00248_N03,TEST_KNOWN_K2,FMOD0040,UNKNOWN,FMOD0040,False
Q0068,Q6K00248,Q6K00248_N04,TEST_KNOWN_K2,FMOD0040,UNKNOWN,FMOD0040,False
Q0068,Q6K00248,Q6K00248_N05,TEST_KNOWN_K2,FMOD0040,FMOD0040,UNKNOWN,False
Q0069,Q6K00249,Q6K00249_N01,TEST_KNOWN_K2,FMOD0074,FMOD0074,FMOD0074,False
Q0069,Q6K00249,Q6K00249_N03,TEST_KNOWN_K2,FMOD0040,FMOD0040,UNKNOWN,False
Q0069,Q6K00249,Q6K00249_N04,TEST_KNOWN_K2,FMOD0040,FMOD0040,UNKNOWN,False
Q0069,Q6K00249,Q6K00249_N07,TEST_KNOWN_K2,FMOD0074,FMOD0074,FMOD0074,False
Q0070,Q6K00250,Q6K00250_N02,TEST_KNOWN_K2,FMOD0099,UNKNOWN,FMOD0099,True
Q0070,Q6K00250,Q6K00250_N03,TEST_KNOWN_K2,FMOD0099,FMOD0099,FMOD0099,True
Q0070,Q6K00250,Q6K00250_N04,TEST_KNOWN_K2,FMOD0099,FMOD0099,FMOD0099,True
Q0070,Q6K00250,Q6K00250_N06,TEST_KNOWN_K2,FMOD0096,FMOD0096,FMOD0096,False
Q0070,Q6K00250,Q6K00250_N07,TEST_KNOWN_K2,FMOD0096,FMOD0096,UNKNOWN,False
Q0071,Q6K00251,Q6K00251_N02,TEST_KNOWN_K2,FMOD0067,FMOD0067,FMOD0067,False
Q0071,Q6K00251,Q6K00251_N07,TEST_KNOWN_K2,FMOD0067,UNKNOWN,UNKNOWN,False
Q0072,Q6K00252,Q6K00252_N05,TEST_KNOWN_K2,FMOD0086,FMOD0086,FMOD0086,False
Q0072,Q6K00252,Q6K00252_N06,TEST_KNOWN_K2,FMOD0086,FMOD0086,FMOD0086,False
Q0073,Q6K00253,Q6K00253_N01,TEST_KNOWN_K2,FMOD0051,FMOD0051,FMOD0051,False
Q0073,Q6K00253,Q6K00253_N03,TEST_KNOWN_K2,FMOD0051,UNKNOWN,UNKNOWN,False
Q0073,Q6K00253,Q6K00253_N04,TEST_KNOWN_K2,FMOD0051,UNKNOWN,FMOD0051,False
Q0073,Q6K00253,Q6K00253_N05,TEST_KNOWN_K2,FMOD0016,UNKNOWN,FMOD0016,True
Q0073,Q6K00253,Q6K00253_N06,TEST_KNOWN_K2,FMOD0016,UNKNOWN,UNKNOWN,True
Q0074,Q6K00254,Q6K00254_N01,TEST_KNOWN_K2,FMOD0083,FMOD0083,FMOD0083,False
Q0074,Q6K00254,Q6K00254_N02,TEST_KNOWN_K2,FMOD0083,FMOD0083,FMOD0083,False
Q0074,Q6K00254,Q6K00254_N05,TEST_KNOWN_K2,FMOD0040,UNKNOWN,UNKNOWN,False
Q0074,Q6K00254,Q6K00254_N07,TEST_KNOWN_K2,FMOD0083,FMOD0083,FMOD0083,False
Q0075,Q6K00255,Q6K00255_N02,TEST_KNOWN_K2,FMOD0053,FMOD0053,FMOD0053,False
Q0075,Q6K00255,Q6K00255_N04,TEST_KNOWN_K2,FMOD0016,UNKNOWN,UNKNOWN,True
Q0075,Q6K00255,Q6K00255_N05,TEST_KNOWN_K2,FMOD0053,FMOD0053,FMOD0053,False
Q0075,Q6K00255,Q6K00255_N06,TEST_KNOWN_K2,FMOD0053,FMOD0053,FMOD0053,False
Q0075,Q6K00255,Q6K00255_N07,TEST_KNOWN_K2,FMOD0016,UNKNOWN,UNKNOWN,True
Q0076,Q6K00256,Q6K00256_N01,TEST_KNOWN_K2,FMOD0083,FMOD0083,FMOD0083,False
Q0076,Q6K00256,Q6K00256_N02,TEST_KNOWN_K2,FMOD0087,UNKNOWN,FMOD0087,False
Q0076,Q6K00256,Q6K00256_N03,TEST_KNOWN_K2,FMOD0083,UNKNOWN,FMOD0083,False
Q0076,Q6K00256,Q6K00256_N04,TEST_KNOWN_K2,FMOD0087,FMOD0087,FMOD0087,False
Q0076,Q6K00256,Q6K00256_N06,TEST_KNOWN_K2,FMOD0083,FMOD0083,FMOD0083,False
Q0077,Q6K00257,Q6K00257_N02,TEST_KNOWN_K2,FMOD0077,FMOD0077,FMOD0077,False
Q0077,Q6K00257,Q6K00257_N05,TEST_KNOWN_K2,FMOD0077,FMOD0077,FMOD0077,False
Q0078,Q6K00258,Q6K00258_N03,TEST_KNOWN_K2,FMOD0096,FMOD0096,FMOD0096,False
Q0078,Q6K00258,Q6K00258_N04,TEST_KNOWN_K2,FMOD0096,FMOD0096,UNKNOWN,False
Q0079,Q6K00259,Q6K00259_N02,TEST_KNOWN_K2,FMOD0089,FMOD0089,FMOD0089,False
Q0079,Q6K00259,Q6K00259_N03,TEST_KNOWN_K2,FMOD0089,UNKNOWN,FMOD0089,False
Q0080,Q6K00260,Q6K00260_N02,TEST_KNOWN_K2,FMOD0099,FMOD0099,FMOD0099,True
Q0080,Q6K00260,Q6K00260_N05,TEST_KNOWN_K2,FMOD0099,FMOD0099,FMOD0099,True
Q0080,Q6K00260,Q6K00260_N07,TEST_KNOWN_K2,FMOD0099,UNKNOWN,FMOD0099,True
Q0081,Q6K00261,Q6K00261_N01,TEST_KNOWN_K2,FMOD0067,FMOD0067,FMOD0067,False
Q0081,Q6K00261,Q6K00261_N02,TEST_KNOWN_K2,FMOD0067,FMOD0067,FMOD0067,False
Q0081,Q6K00261,Q6K00261_N04,TEST_KNOWN_K2,FMOD0067,FMOD0067,FMOD0067,False
Q0081,Q6K00261,Q6K00261_N05,TEST_KNOWN_K2,FMOD0022,FMOD0022,FMOD0022,False
Q0081,Q6K00261,Q6K00261_N06,TEST_KNOWN_K2,FMOD0022,UNKNOWN,FMOD0022,False
Q0082,Q6K00262,Q6K00262_N01,TEST_KNOWN_K2,FMOD0060,FMOD0060,UNKNOWN,True
Q0082,Q6K00262,Q6K00262_N04,TEST_KNOWN_K2,FMOD0060,UNKNOWN,FMOD0060,True
Q0082,Q6K00262,Q6K00262_N06,TEST_KNOWN_K2,FMOD0060,FMOD0060,UNKNOWN,True
Q0083,Q6K00263,Q6K00263_N05,TEST_KNOWN_K2,FMOD0096,FMOD0096,FMOD0096,False
Q0083,Q6K00263,Q6K00263_N06,TEST_KNOWN_K2,FMOD0096,FMOD0096,FMOD0096,False
Q0085,Q6K00265,Q6K00265_N01,TEST_KNOWN_K2,FMOD0074,FMOD0074,FMOD0074,False
Q0085,Q6K00265,Q6K00265_N03,TEST_KNOWN_K2,FMOD0074,FMOD0074,FMOD0074,False
Q0085,Q6K00265,Q6K00265_N04,TEST_KNOWN_K2,FMOD0004,FMOD0004,FMOD0004,False
Q0085,Q6K00265,Q6K00265_N05,TEST_KNOWN_K2,FMOD0004,UNKNOWN,FMOD0004,False
Q0085,Q6K00265,Q6K00265_N06,TEST_KNOWN_K2,FMOD0074,FMOD0074,FMOD0074,False
Q0086,Q6K00266,Q6K00266_N01,TEST_KNOWN_K2,FMOD0005,UNKNOWN,FMOD0005,False
Q0086,Q6K00266,Q6K00266_N02,TEST_KNOWN_K2,FMOD0061,UNKNOWN,FMOD0061,False
Q0086,Q6K00266,Q6K00266_N04,TEST_KNOWN_K2,FMOD0061,UNKNOWN,FMOD0061,False
Q0086,Q6K00266,Q6K00266_N06,TEST_KNOWN_K2,FMOD0005,UNKNOWN,FMOD0005,False
Q0086,Q6K00266,Q6K00266_N07,TEST_KNOWN_K2,FMOD0005,UNKNOWN,FMOD0005,False
Q0087,Q6K00267,Q6K00267_N02,TEST_KNOWN_K2,FMOD0022,FMOD0022,FMOD0022,False
Q0087,Q6K00267,Q6K00267_N06,TEST_KNOWN_K2,FMOD0022,FMOD0022,FMOD0022,False
Q0087,Q6K00267,Q6K00267_N07,TEST_KNOWN_K2,FMOD0022,FMOD0022,FMOD0022,False
Q0088,Q6K00268,Q6K00268_N02,TEST_KNOWN_K2,FMOD0050,UNKNOWN,FMOD0050,True
Q0088,Q6K00268,Q6K00268_N04,TEST_KNOWN_K2,FMOD0050,FMOD0050,FMOD0050,True
Q0088,Q6K00268,Q6K00268_N05,TEST_KNOWN_K2,FMOD0077,FMOD0077,FMOD0077,False
Q0088,Q6K00268,Q6K00268_N06,TEST_KNOWN_K2,FMOD0077,FMOD0077,FMOD0077,False
Q0088,Q6K00268,Q6K00268_N07,TEST_KNOWN_K2,FMOD0077,FMOD0077,FMOD0077,False
Q0089,Q6K00269,Q6K00269_N01,TEST_KNOWN_K2,FMOD0087,UNKNOWN,FMOD0087,False
Q0089,Q6K00269,Q6K00269_N05,TEST_KNOWN_K2,FMOD0087,UNKNOWN,FMOD0087,False
Q0091,Q6K00271,Q6K00271_N02,TEST_KNOWN_K2,FMOD0086,FMOD0086,FMOD0086,False
Q0091,Q6K00271,Q6K00271_N07,TEST_KNOWN_K2,FMOD0086,FMOD0086,FMOD0086,False
Q0092,Q6K00272,Q6K00272_N05,TEST_KNOWN_K2,FMOD0087,FMOD0087,FMOD0087,False
Q0092,Q6K00272,Q6K00272_N06,TEST_KNOWN_K2,FMOD0087,FMOD0087,FMOD0087,False
Q0092,Q6K00272,Q6K00272_N07,TEST_KNOWN_K2,FMOD0087,UNKNOWN,FMOD0087,False
Q0093,Q6K00273,Q6K00273_N01,TEST_KNOWN_K2,FMOD0023,UNKNOWN,FMOD0023,False
Q0093,Q6K00273,Q6K00273_N05,TEST_KNOWN_K2,FMOD0023,FMOD0023,FMOD0023,False
Q0093,Q6K00273,Q6K00273_N06,TEST_KNOWN_K2,FMOD0023,FMOD0023,FMOD0023,False
Q0094,Q6K00274,Q6K00274_N01,TEST_KNOWN_K2,FMOD0004,FMOD0004,FMOD0004,False
Q0094,Q6K00274,Q6K00274_N05,TEST_KNOWN_K2,FMOD0004,UNKNOWN,FMOD0004,False
Q0094,Q6K00274,Q6K00274_N06,TEST_KNOWN_K2,FMOD0004,UNKNOWN,FMOD0004,False
Q0095,Q6K00275,Q6K00275_N01,TEST_KNOWN_K2,FMOD0074,FMOD0074,FMOD0074,False
Q0095,Q6K00275,Q6K00275_N03,TEST_KNOWN_K2,FMOD0074,FMOD0074,FMOD0074,False
Q0095,Q6K00275,Q6K00275_N05,TEST_KNOWN_K2,FMOD0086,FMOD0086,FMOD0086,False
Q0095,Q6K00275,Q6K00275_N06,TEST_KNOWN_K2,FMOD0086,FMOD0086,FMOD0086,False
Q0095,Q6K00275,Q6K00275_N07,TEST_KNOWN_K2,FMOD0074,UNKNOWN,FMOD0074,False
Q0096,Q6K00276,Q6K00276_N03,TEST_KNOWN_K2,FMOD0087,FMOD0087,FMOD0087,False
Q0096,Q6K00276,Q6K00276_N04,TEST_KNOWN_K2,FMOD0087,UNKNOWN,FMOD0087,False
Q0096,Q6K00276,Q6K00276_N05,TEST_KNOWN_K2,FMOD0087,UNKNOWN,FMOD0087,False
Q0097,Q6K00277,Q6K00277_N02,TEST_KNOWN_K2,FMOD0067,UNKNOWN,FMOD0067,True
Q0097,Q6K00277,Q6K00277_N03,TEST_KNOWN_K2,FMOD0067,FMOD0067,FMOD0067,True
Q0097,Q6K00277,Q6K00277_N04,TEST_KNOWN_K2,FMOD0053,FMOD0053,FMOD0053,False
Q0097,Q6K00277,Q6K00277_N05,TEST_KNOWN_K2,FMOD0053,UNKNOWN,FMOD0053,False
Q0097,Q6K00277,Q6K00277_N06,TEST_KNOWN_K2,FMOD0067,FMOD0067,FMOD0067,True
Q0098,Q6K00278,Q6K00278_N03,TEST_KNOWN_K2,FMOD0014,FMOD0014,FMOD0014,False
Q0098,Q6K00278,Q6K00278_N04,TEST_KNOWN_K2,FMOD0014,FMOD0014,FMOD0014,False
Q0099,Q6K00279,Q6K00279_N01,TEST_KNOWN_K2,FMOD0051,FMOD0051,UNKNOWN,False
Q0099,Q6K00279,Q6K00279_N02,TEST_KNOWN_K2,FMOD0014,FMOD0014,FMOD0014,False
Q0099,Q6K00279,Q6K00279_N05,TEST_KNOWN_K2,FMOD0014,FMOD0014,FMOD0014,False
Q0099,Q6K00279,Q6K00279_N06,TEST_KNOWN_K2,FMOD0014,FMOD0014,UNKNOWN,False
Q0099,Q6K00279,Q6K00279_N07,TEST_KNOWN_K2,FMOD0051,UNKNOWN,UNKNOWN,False
Q0100,Q6K00280,Q6K00280_N02,TEST_KNOWN_K2,FMOD0051,UNKNOWN,UNKNOWN,False
Q0100,Q6K00280,Q6K00280_N04,TEST_KNOWN_K2,FMOD0051,UNKNOWN,FMOD0051,False
Q0100,Q6K00280,Q6K00280_N06,TEST_KNOWN_K2,FMOD0051,FMOD0051,FMOD0051,False
Q0101,Q6K00281,Q6K00281_N02,TEST_KNOWN_K2,FMOD0060,FMOD0060,FMOD0060,True
Q0101,Q6K00281,Q6K00281_N03,TEST_KNOWN_K2,FMOD0060,UNKNOWN,FMOD0060,True
Q0102,Q6K00282,Q6K00282_N05,TEST_KNOWN_K2,FMOD0077,FMOD0077,FMOD0077,False
Q0102,Q6K00282,Q6K00282_N06,TEST_KNOWN_K2,FMOD0077,FMOD0077,FMOD0077,False
Q0103,Q6K00283,Q6K00283_N03,TEST_KNOWN_K2,FMOD0036,UNKNOWN,FMOD0036,False
Q0103,Q6K00283,Q6K00283_N06,TEST_KNOWN_K2,FMOD0036,UNKNOWN,FMOD0036,False
Q0103,Q6K00283,Q6K00283_N07,TEST_KNOWN_K2,FMOD0036,FMOD0036,FMOD0036,False
Q0104,Q6K00284,Q6K00284_N03,TEST_KNOWN_K2,FMOD0016,UNKNOWN,FMOD0016,True
Q0104,Q6K00284,Q6K00284_N04,TEST_KNOWN_K2,FMOD0083,FMOD0083,FMOD0083,False
Q0104,Q6K00284,Q6K00284_N05,TEST_KNOWN_K2,FMOD0016,UNKNOWN,UNKNOWN,True
Q0104,Q6K00284,Q6K00284_N06,TEST_KNOWN_K2,FMOD0083,FMOD0083,FMOD0083,False
Q0104,Q6K00284,Q6K00284_N07,TEST_KNOWN_K2,FMOD0016,FMOD0016,UNKNOWN,True
Q0105,Q6K00285,Q6K00285_N02,TEST_KNOWN_K2,FMOD0083,FMOD0083,FMOD0083,False
Q0105,Q6K00285,Q6K00285_N05,TEST_KNOWN_K2,FMOD0083,FMOD0083,FMOD0083,False
Q0106,Q6K00286,Q6K00286_N01,TEST_KNOWN_K2,FMOD0051,FMOD0051,FMOD0051,False
Q0106,Q6K00286,Q6K00286_N02,TEST_KNOWN_K2,FMOD0077,FMOD0077,FMOD0077,False
Q0106,Q6K00286,Q6K00286_N03,TEST_KNOWN_K2,FMOD0077,FMOD0077,FMOD0077,False
Q0106,Q6K00286,Q6K00286_N05,TEST_KNOWN_K2,FMOD0051,UNKNOWN,FMOD0051,False
Q0106,Q6K00286,Q6K00286_N06,TEST_KNOWN_K2,FMOD0051,FMOD0051,UNKNOWN,False
Q0107,Q6K00287,Q6K00287_N01,TEST_KNOWN_K2,FMOD0004,FMOD0004,FMOD0004,False
Q0107,Q6K00287,Q6K00287_N07,TEST_KNOWN_K2,FMOD0004,UNKNOWN,FMOD0004,False
Q0108,Q6K00288,Q6K00288_N01,TEST_KNOWN_K2,FMOD0067,FMOD0067,FMOD0067,False
Q0108,Q6K00288,Q6K00288_N02,TEST_KNOWN_K2,FMOD0074,FMOD0074,FMOD0074,False
Q0108,Q6K00288,Q6K00288_N04,TEST_KNOWN_K2,FMOD0067,FMOD0067,FMOD0067,False
Q0108,Q6K00288,Q6K00288_N06,TEST_KNOWN_K2,FMOD0074,FMOD0074,FMOD0074,False
Q0108,Q6K00288,Q6K00288_N07,TEST_KNOWN_K2,FMOD0067,FMOD0067,FMOD0067,False
Q0109,Q6K00289,Q6K00289_N01,TEST_KNOWN_K2,FMOD0099,FMOD0099,FMOD0099,True
Q0109,Q6K00289,Q6K00289_N03,TEST_KNOWN_K2,FMOD0099,FMOD0099,FMOD0099,True
Q0109,Q6K00289,Q6K00289_N04,TEST_KNOWN_K2,FMOD0040,UNKNOWN,FMOD0040,False
Q0109,Q6K00289,Q6K00289_N06,TEST_KNOWN_K2,FMOD0099,UNKNOWN,FMOD0099,True
Q0109,Q6K00289,Q6K00289_N07,TEST_KNOWN_K2,FMOD0040,UNKNOWN,FMOD0040,False
Q0111,Q6K00291,Q6K00291_N02,TEST_KNOWN_K2,FMOD0079,UNKNOWN,FMOD0079,False
Q0111,Q6K00291,Q6K00291_N03,TEST_KNOWN_K2,FMOD0079,FMOD0079,FMOD0079,False
Q0111,Q6K00291,Q6K00291_N06,TEST_KNOWN_K2,FMOD0066,FMOD0066,FMOD0066,False
Q0112,Q6K00292,Q6K00292_N02,TEST_KNOWN_K2,FMOD0074,FMOD0074,FMOD0074,False
Q0112,Q6K00292,Q6K00292_N04,TEST_KNOWN_K2,FMOD0074,UNKNOWN,FMOD0074,False
Q0113,Q6K00293,Q6K00293_N03,TEST_KNOWN_K2,FMOD0074,FMOD0074,FMOD0074,False
Q0113,Q6K00293,Q6K00293_N04,TEST_KNOWN_K2,FMOD0074,FMOD0074,FMOD0074,False
Q0113,Q6K00293,Q6K00293_N05,TEST_KNOWN_K2,FMOD0074,FMOD0074,FMOD0074,False
Q0114,Q6K00294,Q6K00294_N03,TEST_KNOWN_K2,FMOD0036,UNKNOWN,FMOD0036,False
Q0114,Q6K00294,Q6K00294_N07,TEST_KNOWN_K2,FMOD0036,FMOD0036,FMOD0036,False
Q0115,Q6K00295,Q6K00295_N06,TEST_KNOWN_K2,FMOD0066,FMOD0066,UNKNOWN,False
Q0116,Q6K00296,Q6K00296_N01,TEST_KNOWN_K2,FMOD0060,FMOD0060,UNKNOWN,True
Q0116,Q6K00296,Q6K00296_N03,TEST_KNOWN_K2,FMOD0060,FMOD0060,UNKNOWN,True
Q0116,Q6K00296,Q6K00296_N06,TEST_KNOWN_K2,FMOD0060,UNKNOWN,FMOD0060,True
Q0117,Q6K00297,Q6K00297_N01,TEST_KNOWN_K2,FMOD0040,FMOD0040,UNKNOWN,False
Q0117,Q6K00297,Q6K00297_N02,TEST_KNOWN_K2,FMOD0051,UNKNOWN,UNKNOWN,False
Q0117,Q6K00297,Q6K00297_N04,TEST_KNOWN_K2,FMOD0051,FMOD0051,UNKNOWN,False
Q0117,Q6K00297,Q6K00297_N05,TEST_KNOWN_K2,FMOD0051,FMOD0051,FMOD0051,False
Q0117,Q6K00297,Q6K00297_N06,TEST_KNOWN_K2,FMOD0040,UNKNOWN,UNKNOWN,False
Q0118,Q6K00298,Q6K00298_N01,TEST_KNOWN_K2,FMOD0036,UNKNOWN,FMOD0036,False
Q0118,Q6K00298,Q6K00298_N02,TEST_KNOWN_K2,FMOD0074,FMOD0074,FMOD0074,False
Q0118,Q6K00298,Q6K00298_N03,TEST_KNOWN_K2,FMOD0036,FMOD0036,FMOD0036,False
Q0118,Q6K00298,Q6K00298_N06,TEST_KNOWN_K2,FMOD0074,FMOD0074,FMOD0074,False
Q0118,Q6K00298,Q6K00298_N07,TEST_KNOWN_K2,FMOD0074,FMOD0074,FMOD0074,False
Q0119,Q6K00299,Q6K00299_N01,TEST_KNOWN_K2,FMOD0040,UNKNOWN,FMOD0040,False
Q0119,Q6K00299,Q6K00299_N03,TEST_KNOWN_K2,FMOD0089,UNKNOWN,FMOD0089,False
Q0119,Q6K00299,Q6K00299_N04,TEST_KNOWN_K2,FMOD0040,UNKNOWN,FMOD0040,False
Q0120,Q6K00300,Q6K00300_N01,TEST_KNOWN_K2,FMOD0086,FMOD0086,FMOD0086,False
Q0120,Q6K00300,Q6K00300_N02,TEST_KNOWN_K2,FMOD0067,UNKNOWN,FMOD0067,True
Q0120,Q6K00300,Q6K00300_N05,TEST_KNOWN_K2,FMOD0086,FMOD0086,FMOD0086,False
Q0120,Q6K00300,Q6K00300_N06,TEST_KNOWN_K2,FMOD0067,FMOD0067,FMOD0067,True
Q0120,Q6K00300,Q6K00300_N07,TEST_KNOWN_K2,FMOD0086,FMOD0086,FMOD0086,False
Q0121,Q6K00301,Q6K00301_N01,TEST_KNOWN_K3,FMOD0053,FMOD0053,FMOD0053,False
Q0121,Q6K00301,Q6K00301_N04,TEST_KNOWN_K3,FMOD0060,FMOD0060,UNKNOWN,True
Q0121,Q6K00301,Q6K00301_N07,TEST_KNOWN_K3,FMOD0060,FMOD0060,UNKNOWN,True
Q0122,Q6K00302,Q6K00302_N02,TEST_KNOWN_K3,FMOD0005,UNKNOWN,FMOD0005,False
Q0122,Q6K00302,Q6K00302_N05,TEST_KNOWN_K3,FMOD0005,UNKNOWN,FMOD0005,False
Q0123,Q6K00303,Q6K00303_N01,TEST_KNOWN_K3,FMOD0053,FMOD0053,FMOD0053,False
Q0123,Q6K00303,Q6K00303_N02,TEST_KNOWN_K3,FMOD0087,FMOD0087,FMOD0087,False
Q0123,Q6K00303,Q6K00303_N03,TEST_KNOWN_K3,FMOD0016,UNKNOWN,FMOD0016,True
Q0123,Q6K00303,Q6K00303_N06,TEST_KNOWN_K3,FMOD0053,FMOD0053,UNKNOWN,False
Q0123,Q6K00303,Q6K00303_N07,TEST_KNOWN_K3,FMOD0087,UNKNOWN,FMOD0087,False
Q0124,Q6K00304,Q6K00304_N02,TEST_KNOWN_K3,FMOD0083,UNKNOWN,FMOD0083,False
Q0124,Q6K00304,Q6K00304_N03,TEST_KNOWN_K3,FMOD0077,FMOD0077,FMOD0077,False
Q0124,Q6K00304,Q6K00304_N05,TEST_KNOWN_K3,FMOD0083,FMOD0083,FMOD0083,False
Q0124,Q6K00304,Q6K00304_N06,TEST_KNOWN_K3,FMOD0087,FMOD0087,FMOD0087,False
Q0124,Q6K00304,Q6K00304_N07,TEST_KNOWN_K3,FMOD0077,FMOD0077,FMOD0077,False
Q0125,Q6K00305,Q6K00305_N07,TEST_KNOWN_K3,FMOD0005,UNKNOWN,FMOD0005,False
Q0126,Q6K00306,Q6K00306_N02,TEST_KNOWN_K3,FMOD0014,FMOD0014,FMOD0014,False
Q0126,Q6K00306,Q6K00306_N03,TEST_KNOWN_K3,FMOD0077,UNKNOWN,FMOD0077,False
Q0126,Q6K00306,Q6K00306_N07,TEST_KNOWN_K3,FMOD0014,FMOD0014,FMOD0014,False
Q0127,Q6K00307,Q6K00307_N01,TEST_KNOWN_K3,FMOD0079,FMOD0079,FMOD0079,False
Q0127,Q6K00307,Q6K00307_N02,TEST_KNOWN_K3,FMOD0083,UNKNOWN,FMOD0083,False
Q0127,Q6K00307,Q6K00307_N03,TEST_KNOWN_K3,FMOD0036,UNKNOWN,UNKNOWN,False
Q0127,Q6K00307,Q6K00307_N06,TEST_KNOWN_K3,FMOD0036,UNKNOWN,FMOD0083,False
Q0127,Q6K00307,Q6K00307_N07,TEST_KNOWN_K3,FMOD0083,UNKNOWN,FMOD0083,False
Q0128,Q6K00308,Q6K00308_N03,TEST_KNOWN_K3,FMOD0050,UNKNOWN,FMOD0035,True
Q0128,Q6K00308,Q6K00308_N04,TEST_KNOWN_K3,FMOD0083,FMOD0083,UNKNOWN,False
Q0128,Q6K00308,Q6K00308_N05,TEST_KNOWN_K3,FMOD0083,UNKNOWN,UNKNOWN,False
Q0128,Q6K00308,Q6K00308_N06,TEST_KNOWN_K3,FMOD0050,UNKNOWN,FMOD0035,True
Q0129,Q6K00309,Q6K00309_N03,TEST_KNOWN_K3,FMOD0050,FMOD0050,FMOD0050,True
Q0129,Q6K00309,Q6K00309_N04,TEST_KNOWN_K3,FMOD0083,UNKNOWN,FMOD0035,False
Q0129,Q6K00309,Q6K00309_N07,TEST_KNOWN_K3,FMOD0050,FMOD0050,FMOD0050,True
Q0130,Q6K00310,Q6K00310_N01,TEST_KNOWN_K3,FMOD0022,FMOD0022,FMOD0022,False
Q0130,Q6K00310,Q6K00310_N03,TEST_KNOWN_K3,FMOD0005,UNKNOWN,FMOD0005,False
Q0130,Q6K00310,Q6K00310_N04,TEST_KNOWN_K3,FMOD0074,FMOD0074,FMOD0074,False
Q0130,Q6K00310,Q6K00310_N05,TEST_KNOWN_K3,FMOD0005,UNKNOWN,FMOD0005,False
Q0130,Q6K00310,Q6K00310_N06,TEST_KNOWN_K3,FMOD0074,UNKNOWN,FMOD0074,False
Q0131,Q6K00311,Q6K00311_N01,TEST_KNOWN_K3,FMOD0051,FMOD0051,FMOD0051,False
Q0131,Q6K00311,Q6K00311_N02,TEST_KNOWN_K3,FMOD0067,FMOD0067,UNKNOWN,True
Q0131,Q6K00311,Q6K00311_N04,TEST_KNOWN_K3,FMOD0051,FMOD0051,FMOD0051,False
Q0131,Q6K00311,Q6K00311_N06,TEST_KNOWN_K3,FMOD0067,FMOD0067,FMOD0067,True
Q0131,Q6K00311,Q6K00311_N07,TEST_KNOWN_K3,FMOD0086,FMOD0086,FMOD0086,False
Q0132,Q6K00312,Q6K00312_N02,TEST_KNOWN_K3,FMOD0023,UNKNOWN,FMOD0023,False
Q0132,Q6K00312,Q6K00312_N03,TEST_KNOWN_K3,FMOD0061,UNKNOWN,FMOD0061,False
Q0132,Q6K00312,Q6K00312_N05,TEST_KNOWN_K3,FMOD0023,FMOD0023,FMOD0023,False
Q0132,Q6K00312,Q6K00312_N06,TEST_KNOWN_K3,FMOD0061,UNKNOWN,FMOD0061,False
Q0133,Q6K00313,Q6K00313_N02,TEST_KNOWN_K3,FMOD0061,UNKNOWN,FMOD0061,False
Q0133,Q6K00313,Q6K00313_N06,TEST_KNOWN_K3,FMOD0061,UNKNOWN,FMOD0061,False
Q0134,Q6K00314,Q6K00314_N01,TEST_KNOWN_K3,FMOD0053,FMOD0053,UNKNOWN,False
Q0134,Q6K00314,Q6K00314_N03,TEST_KNOWN_K3,FMOD0099,FMOD0099,FMOD0099,True
Q0134,Q6K00314,Q6K00314_N04,TEST_KNOWN_K3,FMOD0099,UNKNOWN,FMOD0099,True
Q0134,Q6K00314,Q6K00314_N06,TEST_KNOWN_K3,FMOD0053,FMOD0053,UNKNOWN,False
Q0135,Q6K00315,Q6K00315_N03,TEST_KNOWN_K3,FMOD0060,UNKNOWN,FMOD0060,True
Q0135,Q6K00315,Q6K00315_N05,TEST_KNOWN_K3,FMOD0040,UNKNOWN,UNKNOWN,False
Q0136,Q6K00316,Q6K00316_N01,TEST_KNOWN_K3,FMOD0099,FMOD0099,FMOD0099,True
Q0136,Q6K00316,Q6K00316_N03,TEST_KNOWN_K3,FMOD0089,FMOD0089,FMOD0089,False
Q0136,Q6K00316,Q6K00316_N04,TEST_KNOWN_K3,FMOD0022,FMOD0022,FMOD0022,False
Q0136,Q6K00316,Q6K00316_N05,TEST_KNOWN_K3,FMOD0089,FMOD0089,FMOD0089,False
Q0136,Q6K00316,Q6K00316_N06,TEST_KNOWN_K3,FMOD0022,FMOD0022,FMOD0022,False
Q0137,Q6K00317,Q6K00317_N01,TEST_KNOWN_K3,FMOD0061,FMOD0061,FMOD0061,False
Q0137,Q6K00317,Q6K00317_N02,TEST_KNOWN_K3,FMOD0089,UNKNOWN,FMOD0089,False
Q0137,Q6K00317,Q6K00317_N06,TEST_KNOWN_K3,FMOD0096,FMOD0096,FMOD0096,False
Q0137,Q6K00317,Q6K00317_N07,TEST_KNOWN_K3,FMOD0096,FMOD0096,FMOD0096,False
Q0138,Q6K00318,Q6K00318_N01,TEST_KNOWN_K3,FMOD0004,UNKNOWN,FMOD0004,False
Q0138,Q6K00318,Q6K00318_N02,TEST_KNOWN_K3,FMOD0086,FMOD0086,FMOD0086,False
Q0138,Q6K00318,Q6K00318_N03,TEST_KNOWN_K3,FMOD0053,FMOD0053,UNKNOWN,False
Q0138,Q6K00318,Q6K00318_N04,TEST_KNOWN_K3,FMOD0004,UNKNOWN,FMOD0004,False
Q0138,Q6K00318,Q6K00318_N06,TEST_KNOWN_K3,FMOD0086,FMOD0086,FMOD0086,False
Q0139,Q6K00319,Q6K00319_N07,TEST_KNOWN_K3,FMOD0060,FMOD0060,FMOD0060,True
Q0141,Q6K00321,Q6K00321_N01,TEST_KNOWN_K3,FMOD0066,FMOD0066,UNKNOWN,False
Q0141,Q6K00321,Q6K00321_N05,TEST_KNOWN_K3,FMOD0040,FMOD0040,UNKNOWN,False
Q0141,Q6K00321,Q6K00321_N06,TEST_KNOWN_K3,FMOD0040,UNKNOWN,FMOD0040,False
Q0142,Q6K00322,Q6K00322_N01,TEST_KNOWN_K3,FMOD0089,UNKNOWN,FMOD0089,False
Q0142,Q6K00322,Q6K00322_N03,TEST_KNOWN_K3,FMOD0087,FMOD0087,FMOD0087,False
Q0142,Q6K00322,Q6K00322_N04,TEST_KNOWN_K3,FMOD0089,FMOD0089,FMOD0089,False
Q0142,Q6K00322,Q6K00322_N05,TEST_KNOWN_K3,FMOD0087,FMOD0087,FMOD0087,False
Q0142,Q6K00322,Q6K00322_N07,TEST_KNOWN_K3,FMOD0036,UNKNOWN,FMOD0036,False
Q0143,Q6K00323,Q6K00323_N02,TEST_KNOWN_K3,FMOD0036,FMOD0036,FMOD0036,False
Q0143,Q6K00323,Q6K00323_N04,TEST_KNOWN_K3,FMOD0077,FMOD0077,FMOD0077,False
Q0143,Q6K00323,Q6K00323_N07,TEST_KNOWN_K3,FMOD0077,FMOD0077,FMOD0077,False
Q0144,Q6K00324,Q6K00324_N03,TEST_KNOWN_K3,FMOD0067,FMOD0067,FMOD0067,True
Q0144,Q6K00324,Q6K00324_N04,TEST_KNOWN_K3,FMOD0067,FMOD0067,FMOD0067,True
Q0144,Q6K00324,Q6K00324_N06,TEST_KNOWN_K3,FMOD0051,FMOD0051,FMOD0051,False
Q0144,Q6K00324,Q6K00324_N07,TEST_KNOWN_K3,FMOD0051,UNKNOWN,FMOD0051,False
Q0145,Q6K00325,Q6K00325_N01,TEST_KNOWN_K3,FMOD0023,UNKNOWN,FMOD0023,False
Q0145,Q6K00325,Q6K00325_N06,TEST_KNOWN_K3,FMOD0086,FMOD0086,FMOD0086,False
Q0145,Q6K00325,Q6K00325_N07,TEST_KNOWN_K3,FMOD0086,FMOD0086,FMOD0086,False
Q0146,Q6K00326,Q6K00326_N02,TEST_KNOWN_K3,FMOD0099,FMOD0099,FMOD0099,True
Q0146,Q6K00326,Q6K00326_N04,TEST_KNOWN_K3,FMOD0099,FMOD0099,FMOD0099,True
Q0147,Q6K00327,Q6K00327_N02,TEST_KNOWN_K3,FMOD0051,UNKNOWN,UNKNOWN,False
Q0147,Q6K00327,Q6K00327_N03,TEST_KNOWN_K3,FMOD0051,UNKNOWN,FMOD0051,False
Q0147,Q6K00327,Q6K00327_N06,TEST_KNOWN_K3,FMOD0016,UNKNOWN,UNKNOWN,True
Q0148,Q6K00328,Q6K00328_N01,TEST_KNOWN_K3,FMOD0040,FMOD0040,UNKNOWN,False
Q0148,Q6K00328,Q6K00328_N04,TEST_KNOWN_K3,FMOD0040,FMOD0040,UNKNOWN,False
Q0148,Q6K00328,Q6K00328_N05,TEST_KNOWN_K3,FMOD0087,FMOD0087,FMOD0087,False
Q0150,Q6K00330,Q6K00330_N03,TEST_KNOWN_K3,FMOD0096,FMOD0096,UNKNOWN,False
Q0150,Q6K00330,Q6K00330_N04,TEST_KNOWN_K3,FMOD0022,FMOD0022,FMOD0022,False
Q0150,Q6K00330,Q6K00330_N07,TEST_KNOWN_K3,FMOD0022,FMOD0022,FMOD0022,False
Q0151,Q6K00331,Q6K00331_N01,TEST_KNOWN_K3,FMOD0005,UNKNOWN,FMOD0005,False
Q0151,Q6K00331,Q6K00331_N02,TEST_KNOWN_K3,FMOD0005,UNKNOWN,FMOD0005,False
Q0151,Q6K00331,Q6K00331_N03,TEST_KNOWN_K3,FMOD0079,UNKNOWN,UNKNOWN,False
Q0151,Q6K00331,Q6K00331_N05,TEST_KNOWN_K3,FMOD0051,UNKNOWN,UNKNOWN,False
Q0151,Q6K00331,Q6K00331_N06,TEST_KNOWN_K3,FMOD0079,UNKNOWN,UNKNOWN,False
Q0154,Q6K00334,Q6K00334_N01,TEST_KNOWN_K3,FMOD0061,FMOD0061,FMOD0061,False
Q0154,Q6K00334,Q6K00334_N04,TEST_KNOWN_K3,FMOD0061,FMOD0061,FMOD0061,False
Q0154,Q6K00334,Q6K00334_N05,TEST_KNOWN_K3,FMOD0083,FMOD0083,FMOD0083,False
Q0154,Q6K00334,Q6K00334_N07,TEST_KNOWN_K3,FMOD0083,FMOD0083,FMOD0083,False
Q0155,Q6K00335,Q6K00335_N04,TEST_KNOWN_K3,FMOD0051,UNKNOWN,FMOD0051,False
Q0155,Q6K00335,Q6K00335_N06,TEST_KNOWN_K3,FMOD0087,FMOD0087,FMOD0087,False
Q0155,Q6K00335,Q6K00335_N07,TEST_KNOWN_K3,FMOD0087,UNKNOWN,FMOD0087,False
Q0156,Q6K00336,Q6K00336_N02,TEST_KNOWN_K3,FMOD0014,FMOD0014,FMOD0014,False
Q0156,Q6K00336,Q6K00336_N03,TEST_KNOWN_K3,FMOD0023,FMOD0023,FMOD0023,False
Q0156,Q6K00336,Q6K00336_N06,TEST_KNOWN_K3,FMOD0023,FMOD0023,FMOD0023,False
Q0156,Q6K00336,Q6K00336_N07,TEST_KNOWN_K3,FMOD0014,FMOD0014,FMOD0014,False
Q0157,Q6K00337,Q6K00337_N02,TEST_KNOWN_K3,FMOD0066,FMOD0066,FMOD0066,False
Q0157,Q6K00337,Q6K00337_N03,TEST_KNOWN_K3,FMOD0086,FMOD0086,FMOD0086,False
Q0157,Q6K00337,Q6K00337_N05,TEST_KNOWN_K3,FMOD0077,UNKNOWN,FMOD0077,False
Q0157,Q6K00337,Q6K00337_N07,TEST_KNOWN_K3,FMOD0077,UNKNOWN,FMOD0077,False
Q0158,Q6K00338,Q6K00338_N01,TEST_KNOWN_K3,FMOD0074,FMOD0074,FMOD0074,False
Q0158,Q6K00338,Q6K00338_N03,TEST_KNOWN_K3,FMOD0074,FMOD0074,FMOD0074,False
Q0158,Q6K00338,Q6K00338_N04,TEST_KNOWN_K3,FMOD0067,FMOD0067,FMOD0067,True
Q0158,Q6K00338,Q6K00338_N07,TEST_KNOWN_K3,FMOD0067,FMOD0067,UNKNOWN,True
Q0159,Q6K00339,Q6K00339_N01,TEST_KNOWN_K3,FMOD0087,UNKNOWN,FMOD0087,False
Q0159,Q6K00339,Q6K00339_N02,TEST_KNOWN_K3,FMOD0014,FMOD0014,FMOD0014,False
Q0159,Q6K00339,Q6K00339_N04,TEST_KNOWN_K3,FMOD0014,FMOD0014,FMOD0014,False
Q0160,Q6K00340,Q6K00340_N04,TEST_KNOWN_K3,FMOD0089,FMOD0089,FMOD0089,False
Q0161,Q6K00341,Q6K00341_N01,TEST_KNOWN_K3,FMOD0022,FMOD0022,UNKNOWN,False
Q0162,Q6K00342,Q6K00342_N01,TEST_KNOWN_K3,FMOD0087,FMOD0087,FMOD0087,False
Q0162,Q6K00342,Q6K00342_N02,TEST_KNOWN_K3,FMOD0066,FMOD0066,UNKNOWN,False
Q0162,Q6K00342,Q6K00342_N03,TEST_KNOWN_K3,FMOD0053,FMOD0053,FMOD0053,False
Q0162,Q6K00342,Q6K00342_N04,TEST_KNOWN_K3,FMOD0053,FMOD0053,FMOD0053,False
Q0162,Q6K00342,Q6K00342_N07,TEST_KNOWN_K3,FMOD0087,UNKNOWN,FMOD0087,False
Q0163,Q6K00343,Q6K00343_N02,TEST_KNOWN_K3,FMOD0087,UNKNOWN,FMOD0087,False
Q0163,Q6K00343,Q6K00343_N03,TEST_KNOWN_K3,FMOD0087,FMOD0087,FMOD0087,False
Q0163,Q6K00343,Q6K00343_N04,TEST_KNOWN_K3,FMOD0016,UNKNOWN,UNKNOWN,True
Q0163,Q6K00343,Q6K00343_N06,TEST_KNOWN_K3,FMOD0016,UNKNOWN,UNKNOWN,True
Q0164,Q6K00344,Q6K00344_N06,TEST_KNOWN_K3,FMOD0023,FMOD0023,FMOD0023,False
Q0165,Q6K00345,Q6K00345_N01,TEST_KNOWN_K3,FMOD0099,FMOD0099,FMOD0099,True
Q0165,Q6K00345,Q6K00345_N03,TEST_KNOWN_K3,FMOD0099,FMOD0099,FMOD0099,True
Q0165,Q6K00345,Q6K00345_N04,TEST_KNOWN_K3,FMOD0086,FMOD0086,FMOD0086,False
Q0165,Q6K00345,Q6K00345_N05,TEST_KNOWN_K3,FMOD0086,FMOD0086,FMOD0086,False
Q0166,Q6K00346,Q6K00346_N01,TEST_KNOWN_K3,FMOD0005,UNKNOWN,FMOD0005,False
Q0166,Q6K00346,Q6K00346_N04,TEST_KNOWN_K3,FMOD0014,FMOD0014,FMOD0014,False
Q0166,Q6K00346,Q6K00346_N06,TEST_KNOWN_K3,FMOD0005,UNKNOWN,FMOD0005,False
Q0167,Q6K00347,Q6K00347_N05,TEST_KNOWN_K3,FMOD0053,FMOD0053,FMOD0053,False
Q0167,Q6K00347,Q6K00347_N06,TEST_KNOWN_K3,FMOD0023,FMOD0023,FMOD0023,False
Q0167,Q6K00347,Q6K00347_N07,TEST_KNOWN_K3,FMOD0023,FMOD0023,FMOD0023,False
Q0168,Q6K00348,Q6K00348_N04,TEST_KNOWN_K3,FMOD0077,UNKNOWN,FMOD0025,False
Q0168,Q6K00348,Q6K00348_N07,TEST_KNOWN_K3,FMOD0077,FMOD0077,FMOD0077,False
Q0169,Q6K00349,Q6K00349_N02,TEST_KNOWN_K3,FMOD0023,UNKNOWN,FMOD0023,False
Q0169,Q6K00349,Q6K00349_N03,TEST_KNOWN_K3,FMOD0016,UNKNOWN,FMOD0023,True
Q0169,Q6K00349,Q6K00349_N04,TEST_KNOWN_K3,FMOD0060,FMOD0060,FMOD0060,True
Q0169,Q6K00349,Q6K00349_N05,TEST_KNOWN_K3,FMOD0016,UNKNOWN,UNKNOWN,True
Q0169,Q6K00349,Q6K00349_N07,TEST_KNOWN_K3,FMOD0023,UNKNOWN,FMOD0023,False
Q0170,Q6K00350,Q6K00350_N01,TEST_KNOWN_K3,FMOD0022,FMOD0022,FMOD0022,False
Q0170,Q6K00350,Q6K00350_N02,TEST_KNOWN_K3,FMOD0083,FMOD0083,UNKNOWN,False
Q0170,Q6K00350,Q6K00350_N03,TEST_KNOWN_K3,FMOD0053,UNKNOWN,FMOD0053,False
Q0170,Q6K00350,Q6K00350_N04,TEST_KNOWN_K3,FMOD0053,FMOD0053,FMOD0053,False
Q0170,Q6K00350,Q6K00350_N06,TEST_KNOWN_K3,FMOD0022,FMOD0022,FMOD0022,False
Q0171,Q6K00351,Q6K00351_N02,TEST_KNOWN_K3,FMOD0005,UNKNOWN,FMOD0005,False
Q0171,Q6K00351,Q6K00351_N03,TEST_KNOWN_K3,FMOD0022,FMOD0022,FMOD0022,False
Q0171,Q6K00351,Q6K00351_N04,TEST_KNOWN_K3,FMOD0099,FMOD0099,FMOD0099,True
Q0171,Q6K00351,Q6K00351_N06,TEST_KNOWN_K3,FMOD0005,UNKNOWN,UNKNOWN,False
Q0171,Q6K00351,Q6K00351_N07,TEST_KNOWN_K3,FMOD0099,FMOD0099,FMOD0099,True
Q0172,Q6K00352,Q6K00352_N02,TEST_KNOWN_K3,FMOD0023,FMOD0023,FMOD0023,False
Q0173,Q6K00353,Q6K00353_N02,TEST_KNOWN_K3,FMOD0061,FMOD0061,FMOD0061,False
Q0173,Q6K00353,Q6K00353_N06,TEST_KNOWN_K3,FMOD0086,FMOD0086,FMOD0086,False
Q0173,Q6K00353,Q6K00353_N07,TEST_KNOWN_K3,FMOD0086,FMOD0086,FMOD0086,False
Q0174,Q6K00354,Q6K00354_N01,TEST_KNOWN_K3,FMOD0099,UNKNOWN,FMOD0099,True
Q0174,Q6K00354,Q6K00354_N02,TEST_KNOWN_K3,FMOD0099,FMOD0099,FMOD0099,True
Q0174,Q6K00354,Q6K00354_N07,TEST_KNOWN_K3,FMOD0079,FMOD0079,FMOD0079,False
Q0175,Q6K00355,Q6K00355_N01,TEST_KNOWN_K3,FMOD0051,UNKNOWN,UNKNOWN,False
Q0175,Q6K00355,Q6K00355_N02,TEST_KNOWN_K3,FMOD0051,FMOD0051,UNKNOWN,False
Q0175,Q6K00355,Q6K00355_N03,TEST_KNOWN_K3,FMOD0077,FMOD0077,FMOD0077,False
Q0175,Q6K00355,Q6K00355_N04,TEST_KNOWN_K3,FMOD0077,UNKNOWN,FMOD0023,False
Q0176,Q6K00356,Q6K00356_N01,TEST_KNOWN_K3,FMOD0061,UNKNOWN,FMOD0061,False
Q0176,Q6K00356,Q6K00356_N02,TEST_KNOWN_K3,FMOD0004,FMOD0004,FMOD0004,False
Q0176,Q6K00356,Q6K00356_N04,TEST_KNOWN_K3,FMOD0051,FMOD0051,FMOD0051,False
Q0176,Q6K00356,Q6K00356_N05,TEST_KNOWN_K3,FMOD0061,UNKNOWN,UNKNOWN,False
Q0176,Q6K00356,Q6K00356_N07,TEST_KNOWN_K3,FMOD0051,FMOD0051,FMOD0051,False
Q0177,Q6K00357,Q6K00357_N02,TEST_KNOWN_K3,FMOD0099,FMOD0099,FMOD0099,True
Q0177,Q6K00357,Q6K00357_N05,TEST_KNOWN_K3,FMOD0014,FMOD0014,FMOD0014,False
Q0177,Q6K00357,Q6K00357_N07,TEST_KNOWN_K3,FMOD0099,FMOD0099,FMOD0099,True
Q0178,Q6K00358,Q6K00358_N03,TEST_KNOWN_K3,FMOD0036,UNKNOWN,UNKNOWN,False
Q0178,Q6K00358,Q6K00358_N05,TEST_KNOWN_K3,FMOD0060,UNKNOWN,FMOD0060,True
Q0178,Q6K00358,Q6K00358_N07,TEST_KNOWN_K3,FMOD0060,UNKNOWN,FMOD0060,True
Q0179,Q6K00359,Q6K00359_N02,TEST_KNOWN_K3,FMOD0087,UNKNOWN,FMOD0087,False
Q0179,Q6K00359,Q6K00359_N04,TEST_KNOWN_K3,FMOD0086,FMOD0086,FMOD0086,False
Q0179,Q6K00359,Q6K00359_N05,TEST_KNOWN_K3,FMOD0087,UNKNOWN,FMOD0087,False
Q0179,Q6K00359,Q6K00359_N06,TEST_KNOWN_K3,FMOD0086,FMOD0086,FMOD0086,False
Q0180,Q6K00360,Q6K00360_N02,TEST_KNOWN_K3,FMOD0060,FMOD0060,FMOD0060,True
Q0180,Q6K00360,Q6K00360_N05,TEST_KNOWN_K3,FMOD0060,UNKNOWN,FMOD0060,True
Q0182,Q6K00362,Q6K00362_N01,TEST_MIXED_1K1U,UNKNOWN,UNKNOWN,UNKNOWN,False
Q0182,Q6K00362,Q6K00362_N03,TEST_MIXED_1K1U,UNKNOWN,UNKNOWN,UNKNOWN,False
Q0182,Q6K00362,Q6K00362_N06,TEST_MIXED_1K1U,UNKNOWN,UNKNOWN,UNKNOWN,False
Q0183,Q6K00363,Q6K00363_N06,TEST_MIXED_1K1U,FMOD0066,FMOD0066,UNKNOWN,False
Q0184,Q6K00364,Q6K00364_N01,TEST_MIXED_1K1U,FMOD0077,FMOD0077,FMOD0077,False
Q0184,Q6K00364,Q6K00364_N05,TEST_MIXED_1K1U,FMOD0077,UNKNOWN,FMOD0077,False
Q0185,Q6K00365,Q6K00365_N01,TEST_MIXED_1K1U,UNKNOWN,UNKNOWN,UNKNOWN,False
Q0185,Q6K00365,Q6K00365_N02,TEST_MIXED_1K1U,FMOD0087,UNKNOWN,FMOD0087,False
Q0185,Q6K00365,Q6K00365_N03,TEST_MIXED_1K1U,UNKNOWN,UNKNOWN,UNKNOWN,False
Q0185,Q6K00365,Q6K00365_N05,TEST_MIXED_1K1U,FMOD0087,UNKNOWN,FMOD0087,False
Q0185,Q6K00365,Q6K00365_N07,TEST_MIXED_1K1U,FMOD0087,FMOD0087,FMOD0087,False
Q0186,Q6K00366,Q6K00366_N01,TEST_MIXED_1K1U,FMOD0040,UNKNOWN,FMOD0040,False
Q0186,Q6K00366,Q6K00366_N03,TEST_MIXED_1K1U,FMOD0040,FMOD0040,UNKNOWN,False
Q0186,Q6K00366,Q6K00366_N04,TEST_MIXED_1K1U,UNKNOWN,UNKNOWN,UNKNOWN,False
Q0186,Q6K00366,Q6K00366_N05,TEST_MIXED_1K1U,UNKNOWN,UNKNOWN,UNKNOWN,False
Q0186,Q6K00366,Q6K00366_N06,TEST_MIXED_1K1U,FMOD0040,UNKNOWN,FMOD0040,False
Q0187,Q6K00367,Q6K00367_N02,TEST_MIXED_1K1U,UNKNOWN,UNKNOWN,UNKNOWN,True
Q0187,Q6K00367,Q6K00367_N06,TEST_MIXED_1K1U,UNKNOWN,UNKNOWN,UNKNOWN,True
Q0187,Q6K00367,Q6K00367_N07,TEST_MIXED_1K1U,UNKNOWN,UNKNOWN,UNKNOWN,True
Q0188,Q6K00368,Q6K00368_N05,TEST_MIXED_1K1U,FMOD0036,UNKNOWN,FMOD0036,False
Q0188,Q6K00368,Q6K00368_N06,TEST_MIXED_1K1U,FMOD0036,UNKNOWN,FMOD0036,False
Q0189,Q6K00369,Q6K00369_N03,TEST_MIXED_1K1U,FMOD0004,UNKNOWN,FMOD0004,True
Q0189,Q6K00369,Q6K00369_N06,TEST_MIXED_1K1U,FMOD0004,FMOD0004,FMOD0004,True
Q0190,Q6K00370,Q6K00370_N01,TEST_MIXED_1K1U,FMOD0005,UNKNOWN,FMOD0005,False
Q0190,Q6K00370,Q6K00370_N02,TEST_MIXED_1K1U,UNKNOWN,UNKNOWN,UNKNOWN,False
Q0190,Q6K00370,Q6K00370_N03,TEST_MIXED_1K1U,FMOD0005,UNKNOWN,FMOD0005,False
Q0190,Q6K00370,Q6K00370_N05,TEST_MIXED_1K1U,UNKNOWN,UNKNOWN,UNKNOWN,False
Q0190,Q6K00370,Q6K00370_N06,TEST_MIXED_1K1U,FMOD0005,UNKNOWN,UNKNOWN,False
Q0191,Q6K00371,Q6K00371_N01,TEST_MIXED_1K1U,FMOD0016,UNKNOWN,UNKNOWN,True
Q0191,Q6K00371,Q6K00371_N02,TEST_MIXED_1K1U,UNKNOWN,UNKNOWN,UNKNOWN,False
Q0191,Q6K00371,Q6K00371_N03,TEST_MIXED_1K1U,UNKNOWN,UNKNOWN,UNKNOWN,False
Q0191,Q6K00371,Q6K00371_N04,TEST_MIXED_1K1U,FMOD0016,UNKNOWN,UNKNOWN,True
Q0191,Q6K00371,Q6K00371_N07,TEST_MIXED_1K1U,UNKNOWN,UNKNOWN,UNKNOWN,False
Q0192,Q6K00372,Q6K00372_N02,TEST_MIXED_1K1U,UNKNOWN,UNKNOWN,UNKNOWN,True
Q0192,Q6K00372,Q6K00372_N03,TEST_MIXED_1K1U,UNKNOWN,UNKNOWN,UNKNOWN,True
Q0192,Q6K00372,Q6K00372_N04,TEST_MIXED_1K1U,FMOD0051,UNKNOWN,UNKNOWN,False
Q0192,Q6K00372,Q6K00372_N05,TEST_MIXED_1K1U,FMOD0051,FMOD0051,FMOD0051,False
Q0192,Q6K00372,Q6K00372_N06,TEST_MIXED_1K1U,UNKNOWN,UNKNOWN,UNKNOWN,True
Q0193,Q6K00373,Q6K00373_N04,TEST_MIXED_1K1U,UNKNOWN,UNKNOWN,UNKNOWN,False
Q0193,Q6K00373,Q6K00373_N06,TEST_MIXED_1K1U,UNKNOWN,UNKNOWN,UNKNOWN,False
Q0193,Q6K00373,Q6K00373_N07,TEST_MIXED_1K1U,UNKNOWN,UNKNOWN,UNKNOWN,False
Q0194,Q6K00374,Q6K00374_N01,TEST_MIXED_1K1U,FMOD0051,FMOD0051,FMOD0051,False
Q0194,Q6K00374,Q6K00374_N02,TEST_MIXED_1K1U,UNKNOWN,UNKNOWN,UNKNOWN,False
Q0194,Q6K00374,Q6K00374_N03,TEST_MIXED_1K1U,FMOD0051,UNKNOWN,FMOD0051,False
Q0194,Q6K00374,Q6K00374_N04,TEST_MIXED_1K1U,UNKNOWN,UNKNOWN,UNKNOWN,False
Q0194,Q6K00374,Q6K00374_N05,TEST_MIXED_1K1U,UNKNOWN,UNKNOWN,UNKNOWN,False
Q0195,Q6K00375,Q6K00375_N02,TEST_MIXED_1K1U,FMOD0099,FMOD0099,FMOD0099,True
Q0195,Q6K00375,Q6K00375_N03,TEST_MIXED_1K1U,FMOD0099,FMOD0099,FMOD0099,True
Q0195,Q6K00375,Q6K00375_N05,TEST_MIXED_1K1U,UNKNOWN,UNKNOWN,FMOD0023,False
Q0195,Q6K00375,Q6K00375_N06,TEST_MIXED_1K1U,FMOD0099,UNKNOWN,FMOD0099,True
Q0195,Q6K00375,Q6K00375_N07,TEST_MIXED_1K1U,UNKNOWN,UNKNOWN,UNKNOWN,False
Q0196,Q6K00376,Q6K00376_N02,TEST_MIXED_1K1U,UNKNOWN,UNKNOWN,UNKNOWN,False
Q0196,Q6K00376,Q6K00376_N03,TEST_MIXED_1K1U,UNKNOWN,UNKNOWN,UNKNOWN,False
Q0196,Q6K00376,Q6K00376_N04,TEST_MIXED_1K1U,FMOD0005,UNKNOWN,FMOD0005,False
Q0196,Q6K00376,Q6K00376_N05,TEST_MIXED_1K1U,FMOD0005,UNKNOWN,FMOD0005,False
Q0196,Q6K00376,Q6K00376_N06,TEST_MIXED_1K1U,FMOD0005,UNKNOWN,UNKNOWN,False
Q0197,Q6K00377,Q6K00377_N01,TEST_MIXED_1K1U,FMOD0022,UNKNOWN,FMOD0022,False
Q0197,Q6K00377,Q6K00377_N02,TEST_MIXED_1K1U,FMOD0022,FMOD0022,FMOD0022,False
Q0197,Q6K00377,Q6K00377_N04,TEST_MIXED_1K1U,UNKNOWN,UNKNOWN,UNKNOWN,False
Q0197,Q6K00377,Q6K00377_N05,TEST_MIXED_1K1U,UNKNOWN,UNKNOWN,UNKNOWN,False
Q0197,Q6K00377,Q6K00377_N07,TEST_MIXED_1K1U,UNKNOWN,UNKNOWN,UNKNOWN,False
Q0198,Q6K00378,Q6K00378_N01,TEST_MIXED_1K1U,FMOD0023,FMOD0023,FMOD0023,False
Q0198,Q6K00378,Q6K00378_N04,TEST_MIXED_1K1U,FMOD0023,UNKNOWN,FMOD0023,False
Q0199,Q6K00379,Q6K00379_N01,TEST_MIXED_1K1U,FMOD0089,FMOD0089,FMOD0089,False
Q0199,Q6K00379,Q6K00379_N03,TEST_MIXED_1K1U,UNKNOWN,UNKNOWN,UNKNOWN,False
Q0199,Q6K00379,Q6K00379_N04,TEST_MIXED_1K1U,UNKNOWN,UNKNOWN,UNKNOWN,False
Q0199,Q6K00379,Q6K00379_N05,TEST_MIXED_1K1U,UNKNOWN,UNKNOWN,UNKNOWN,False
Q0199,Q6K00379,Q6K00379_N06,TEST_MIXED_1K1U,FMOD0089,FMOD0089,FMOD0089,False
Q0200,Q6K00380,Q6K00380_N03,TEST_MIXED_1K1U,FMOD0023,FMOD0023,FMOD0023,False
Q0200,Q6K00380,Q6K00380_N04,TEST_MIXED_1K1U,FMOD0023,FMOD0023,FMOD0023,False
Q0200,Q6K00380,Q6K00380_N05,TEST_MIXED_1K1U,UNKNOWN,UNKNOWN,UNKNOWN,False
Q0200,Q6K00380,Q6K00380_N06,TEST_MIXED_1K1U,UNKNOWN,UNKNOWN,UNKNOWN,False
Q0201,Q6K00381,Q6K00381_N01,TEST_MIXED_1K1U,UNKNOWN,UNKNOWN,UNKNOWN,False
Q0201,Q6K00381,Q6K00381_N02,TEST_MIXED_1K1U,FMOD0077,FMOD0077,FMOD0077,False
Q0201,Q6K00381,Q6K00381_N04,TEST_MIXED_1K1U,FMOD0077,FMOD0077,FMOD0077,False
Q0201,Q6K00381,Q6K00381_N05,TEST_MIXED_1K1U,UNKNOWN,UNKNOWN,UNKNOWN,False
Q0201,Q6K00381,Q6K00381_N07,TEST_MIXED_1K1U,FMOD0077,FMOD0077,FMOD0077,False
Q0202,Q6K00382,Q6K00382_N01,TEST_MIXED_1K1U,FMOD0022,FMOD0022,FMOD0022,False
Q0202,Q6K00382,Q6K00382_N02,TEST_MIXED_1K1U,FMOD0022,FMOD0022,FMOD0022,False
Q0202,Q6K00382,Q6K00382_N03,TEST_MIXED_1K1U,UNKNOWN,UNKNOWN,UNKNOWN,False
Q0202,Q6K00382,Q6K00382_N04,TEST_MIXED_1K1U,UNKNOWN,UNKNOWN,UNKNOWN,False
Q0202,Q6K00382,Q6K00382_N07,TEST_MIXED_1K1U,FMOD0022,FMOD0022,FMOD0022,False
Q0203,Q6K00383,Q6K00383_N04,TEST_MIXED_1K1U,FMOD0060,FMOD0060,FMOD0060,True
Q0203,Q6K00383,Q6K00383_N06,TEST_MIXED_1K1U,FMOD0060,UNKNOWN,FMOD0060,True
Q0204,Q6K00384,Q6K00384_N01,TEST_MIXED_1K1U,FMOD0083,FMOD0083,FMOD0083,False
Q0204,Q6K00384,Q6K00384_N04,TEST_MIXED_1K1U,FMOD0083,FMOD0083,FMOD0083,False
Q0205,Q6K00385,Q6K00385_N03,TEST_MIXED_1K1U,FMOD0061,UNKNOWN,UNKNOWN,False
Q0205,Q6K00385,Q6K00385_N05,TEST_MIXED_1K1U,FMOD0061,FMOD0061,FMOD0061,False
Q0205,Q6K00385,Q6K00385_N06,TEST_MIXED_1K1U,FMOD0061,UNKNOWN,FMOD0061,False
Q0206,Q6K00386,Q6K00386_N03,TEST_MIXED_1K1U,FMOD0066,FMOD0066,UNKNOWN,False
Q0206,Q6K00386,Q6K00386_N04,TEST_MIXED_1K1U,UNKNOWN,UNKNOWN,UNKNOWN,False
Q0206,Q6K00386,Q6K00386_N05,TEST_MIXED_1K1U,FMOD0066,FMOD0066,FMOD0066,False
Q0206,Q6K00386,Q6K00386_N06,TEST_MIXED_1K1U,UNKNOWN,UNKNOWN,UNKNOWN,False
Q0207,Q6K00387,Q6K00387_N03,TEST_MIXED_1K1U,UNKNOWN,UNKNOWN,UNKNOWN,False
Q0207,Q6K00387,Q6K00387_N04,TEST_MIXED_1K1U,UNKNOWN,UNKNOWN,UNKNOWN,False
Q0207,Q6K00387,Q6K00387_N06,TEST_MIXED_1K1U,UNKNOWN,UNKNOWN,UNKNOWN,False
Q0208,Q6K00388,Q6K00388_N03,TEST_MIXED_1K1U,FMOD0074,FMOD0074,FMOD0074,False
Q0208,Q6K00388,Q6K00388_N05,TEST_MIXED_1K1U,FMOD0074,FMOD0074,FMOD0074,False
Q0209,Q6K00389,Q6K00389_N01,TEST_MIXED_1K1U,UNKNOWN,FMOD0005,UNKNOWN,False
Q0209,Q6K00389,Q6K00389_N03,TEST_MIXED_1K1U,UNKNOWN,UNKNOWN,UNKNOWN,False
Q0210,Q6K00390,Q6K00390_N01,TEST_MIXED_1K1U,FMOD0023,UNKNOWN,FMOD0023,False
Q0210,Q6K00390,Q6K00390_N03,TEST_MIXED_1K1U,FMOD0023,UNKNOWN,FMOD0023,False
Q0211,Q6K00391,Q6K00391_N01,TEST_MIXED_1K1U,UNKNOWN,UNKNOWN,UNKNOWN,False
Q0211,Q6K00391,Q6K00391_N02,TEST_MIXED_1K1U,FMOD0089,UNKNOWN,UNKNOWN,False
Q0211,Q6K00391,Q6K00391_N05,TEST_MIXED_1K1U,FMOD0089,UNKNOWN,FMOD0089,False
Q0211,Q6K00391,Q6K00391_N06,TEST_MIXED_1K1U,UNKNOWN,FMOD0005,UNKNOWN,False
Q0212,Q6K00392,Q6K00392_N02,TEST_MIXED_1K1U,UNKNOWN,UNKNOWN,UNKNOWN,False
Q0212,Q6K00392,Q6K00392_N03,TEST_MIXED_1K1U,FMOD0079,UNKNOWN,UNKNOWN,False
Q0212,Q6K00392,Q6K00392_N05,TEST_MIXED_1K1U,UNKNOWN,UNKNOWN,UNKNOWN,False
Q0212,Q6K00392,Q6K00392_N06,TEST_MIXED_1K1U,FMOD0079,FMOD0079,FMOD0079,False
Q0212,Q6K00392,Q6K00392_N07,TEST_MIXED_1K1U,UNKNOWN,UNKNOWN,UNKNOWN,False
Q0213,Q6K00393,Q6K00393_N02,TEST_MIXED_1K1U,UNKNOWN,UNKNOWN,UNKNOWN,False
Q0213,Q6K00393,Q6K00393_N03,TEST_MIXED_1K1U,UNKNOWN,UNKNOWN,UNKNOWN,False
Q0213,Q6K00393,Q6K00393_N04,TEST_MIXED_1K1U,FMOD0053,FMOD0053,UNKNOWN,False
Q0213,Q6K00393,Q6K00393_N05,TEST_MIXED_1K1U,UNKNOWN,UNKNOWN,UNKNOWN,False
Q0213,Q6K00393,Q6K00393_N06,TEST_MIXED_1K1U,FMOD0053,UNKNOWN,UNKNOWN,False
Q0214,Q6K00394,Q6K00394_N01,TEST_MIXED_1K1U,UNKNOWN,UNKNOWN,UNKNOWN,False
Q0214,Q6K00394,Q6K00394_N05,TEST_MIXED_1K1U,UNKNOWN,UNKNOWN,UNKNOWN,False
Q0214,Q6K00394,Q6K00394_N06,TEST_MIXED_1K1U,UNKNOWN,UNKNOWN,UNKNOWN,False
Q0215,Q6K00395,Q6K00395_N01,TEST_MIXED_1K1U,FMOD0053,FMOD0053,FMOD0053,False
Q0215,Q6K00395,Q6K00395_N03,TEST_MIXED_1K1U,UNKNOWN,UNKNOWN,UNKNOWN,False
Q0215,Q6K00395,Q6K00395_N04,TEST_MIXED_1K1U,FMOD0053,UNKNOWN,FMOD0053,False
Q0215,Q6K00395,Q6K00395_N05,TEST_MIXED_1K1U,UNKNOWN,UNKNOWN,UNKNOWN,False
Q0215,Q6K00395,Q6K00395_N06,TEST_MIXED_1K1U,UNKNOWN,UNKNOWN,FMOD0053,False
Q0216,Q6K00396,Q6K00396_N01,TEST_MIXED_1K1U,UNKNOWN,FMOD0014,UNKNOWN,False
Q0216,Q6K00396,Q6K00396_N02,TEST_MIXED_1K1U,UNKNOWN,UNKNOWN,UNKNOWN,False
Q0216,Q6K00396,Q6K00396_N05,TEST_MIXED_1K1U,FMOD0066,FMOD0066,FMOD0066,False
Q0217,Q6K00397,Q6K00397_N02,TEST_MIXED_1K1U,FMOD0079,FMOD0079,FMOD0079,False
Q0217,Q6K00397,Q6K00397_N03,TEST_MIXED_1K1U,UNKNOWN,UNKNOWN,UNKNOWN,False
Q0217,Q6K00397,Q6K00397_N04,TEST_MIXED_1K1U,FMOD0079,FMOD0079,FMOD0079,False
Q0217,Q6K00397,Q6K00397_N06,TEST_MIXED_1K1U,FMOD0079,UNKNOWN,FMOD0079,False
Q0217,Q6K00397,Q6K00397_N07,TEST_MIXED_1K1U,UNKNOWN,UNKNOWN,UNKNOWN,False
Q0221,Q6K00401,Q6K00401_N01,TEST_MIXED_1K1U,UNKNOWN,UNKNOWN,UNKNOWN,False
Q0221,Q6K00401,Q6K00401_N05,TEST_MIXED_1K1U,UNKNOWN,UNKNOWN,UNKNOWN,False
Q0223,Q6K00403,Q6K00403_N02,TEST_MIXED_1K1U,UNKNOWN,UNKNOWN,UNKNOWN,False
Q0223,Q6K00403,Q6K00403_N04,TEST_MIXED_1K1U,UNKNOWN,UNKNOWN,UNKNOWN,False
Q0223,Q6K00403,Q6K00403_N07,TEST_MIXED_1K1U,UNKNOWN,UNKNOWN,FMOD0035,False
Q0224,Q6K00404,Q6K00404_N03,TEST_MIXED_1K1U,FMOD0040,UNKNOWN,UNKNOWN,False
Q0224,Q6K00404,Q6K00404_N05,TEST_MIXED_1K1U,FMOD0040,UNKNOWN,UNKNOWN,False
Q0224,Q6K00404,Q6K00404_N07,TEST_MIXED_1K1U,FMOD0040,UNKNOWN,UNKNOWN,False
Q0225,Q6K00405,Q6K00405_N01,TEST_MIXED_1K1U,FMOD0016,UNKNOWN,FMOD0016,True
Q0225,Q6K00405,Q6K00405_N02,TEST_MIXED_1K1U,FMOD0016,UNKNOWN,FMOD0016,True
Q0225,Q6K00405,Q6K00405_N05,TEST_MIXED_1K1U,UNKNOWN,UNKNOWN,UNKNOWN,False
Q0225,Q6K00405,Q6K00405_N06,TEST_MIXED_1K1U,UNKNOWN,UNKNOWN,UNKNOWN,False
Q0225,Q6K00405,Q6K00405_N07,TEST_MIXED_1K1U,FMOD0016,FMOD0016,UNKNOWN,True
Q0226,Q6K00406,Q6K00406_N03,TEST_MIXED_1K1U,FMOD0036,UNKNOWN,FMOD0036,False
Q0226,Q6K00406,Q6K00406_N05,TEST_MIXED_1K1U,FMOD0036,UNKNOWN,FMOD0036,False
Q0226,Q6K00406,Q6K00406_N07,TEST_MIXED_1K1U,FMOD0036,FMOD0036,FMOD0036,False
Q0227,Q6K00407,Q6K00407_N03,TEST_MIXED_1K1U,UNKNOWN,UNKNOWN,UNKNOWN,False
Q0227,Q6K00407,Q6K00407_N04,TEST_MIXED_1K1U,FMOD0005,UNKNOWN,UNKNOWN,False
Q0227,Q6K00407,Q6K00407_N05,TEST_MIXED_1K1U,UNKNOWN,UNKNOWN,UNKNOWN,False
Q0227,Q6K00407,Q6K00407_N06,TEST_MIXED_1K1U,UNKNOWN,UNKNOWN,UNKNOWN,False
Q0227,Q6K00407,Q6K00407_N07,TEST_MIXED_1K1U,FMOD0005,UNKNOWN,FMOD0005,False
Q0228,Q6K00408,Q6K00408_N01,TEST_MIXED_1K1U,FMOD0022,FMOD0022,FMOD0022,False
Q0228,Q6K00408,Q6K00408_N04,TEST_MIXED_1K1U,FMOD0022,FMOD0022,FMOD0022,False
Q0228,Q6K00408,Q6K00408_N06,TEST_MIXED_1K1U,FMOD0022,FMOD0022,FMOD0022,False
Q0229,Q6K00409,Q6K00409_N04,TEST_MIXED_1K1U,UNKNOWN,UNKNOWN,UNKNOWN,False
Q0229,Q6K00409,Q6K00409_N06,TEST_MIXED_1K1U,UNKNOWN,UNKNOWN,UNKNOWN,False
Q0230,Q6K00410,Q6K00410_N01,TEST_MIXED_1K1U,UNKNOWN,UNKNOWN,UNKNOWN,False
Q0230,Q6K00410,Q6K00410_N03,TEST_MIXED_1K1U,FMOD0005,UNKNOWN,UNKNOWN,False
Q0230,Q6K00410,Q6K00410_N04,TEST_MIXED_1K1U,UNKNOWN,UNKNOWN,UNKNOWN,False
Q0230,Q6K00410,Q6K00410_N05,TEST_MIXED_1K1U,FMOD0005,UNKNOWN,FMOD0005,False
Q0230,Q6K00410,Q6K00410_N06,TEST_MIXED_1K1U,FMOD0005,UNKNOWN,FMOD0005,False
Q0231,Q6K00411,Q6K00411_N01,TEST_MIXED_1K1U,UNKNOWN,UNKNOWN,UNKNOWN,True
Q0231,Q6K00411,Q6K00411_N04,TEST_MIXED_1K1U,UNKNOWN,UNKNOWN,UNKNOWN,True
Q0233,Q6K00413,Q6K00413_N01,TEST_MIXED_1K1U,FMOD0060,FMOD0060,FMOD0060,True
Q0233,Q6K00413,Q6K00413_N03,TEST_MIXED_1K1U,FMOD0060,UNKNOWN,FMOD0060,True
Q0234,Q6K00414,Q6K00414_N03,TEST_MIXED_1K1U,UNKNOWN,UNKNOWN,UNKNOWN,False
Q0234,Q6K00414,Q6K00414_N06,TEST_MIXED_1K1U,UNKNOWN,UNKNOWN,UNKNOWN,False
Q0234,Q6K00414,Q6K00414_N07,TEST_MIXED_1K1U,UNKNOWN,UNKNOWN,UNKNOWN,False
Q0235,Q6K00415,Q6K00415_N04,TEST_MIXED_1K1U,UNKNOWN,UNKNOWN,UNKNOWN,True
Q0235,Q6K00415,Q6K00415_N07,TEST_MIXED_1K1U,UNKNOWN,UNKNOWN,UNKNOWN,True
Q0236,Q6K00416,Q6K00416_N03,TEST_MIXED_1K1U,UNKNOWN,UNKNOWN,UNKNOWN,False
Q0236,Q6K00416,Q6K00416_N05,TEST_MIXED_1K1U,UNKNOWN,UNKNOWN,UNKNOWN,False
Q0236,Q6K00416,Q6K00416_N07,TEST_MIXED_1K1U,UNKNOWN,UNKNOWN,UNKNOWN,False
Q0237,Q6K00417,Q6K00417_N04,TEST_MIXED_1K1U,FMOD0051,UNKNOWN,FMOD0051,False
Q0237,Q6K00417,Q6K00417_N05,TEST_MIXED_1K1U,FMOD0051,UNKNOWN,FMOD0051,False
Q0237,Q6K00417,Q6K00417_N06,TEST_MIXED_1K1U,FMOD0051,UNKNOWN,FMOD0051,False
Q0238,Q6K00418,Q6K00418_N02,TEST_MIXED_1K1U,UNKNOWN,UNKNOWN,UNKNOWN,False
Q0238,Q6K00418,Q6K00418_N04,TEST_MIXED_1K1U,UNKNOWN,FMOD0005,UNKNOWN,False
Q0238,Q6K00418,Q6K00418_N05,TEST_MIXED_1K1U,UNKNOWN,UNKNOWN,UNKNOWN,False
Q0238,Q6K00418,Q6K00418_N06,TEST_MIXED_1K1U,FMOD0083,FMOD0083,FMOD0083,False
Q0238,Q6K00418,Q6K00418_N07,TEST_MIXED_1K1U,FMOD0083,UNKNOWN,FMOD0083,False
Q0239,Q6K00419,Q6K00419_N01,TEST_MIXED_1K1U,FMOD0096,FMOD0096,FMOD0096,False
Q0239,Q6K00419,Q6K00419_N02,TEST_MIXED_1K1U,FMOD0096,FMOD0096,FMOD0096,False
Q0239,Q6K00419,Q6K00419_N04,TEST_MIXED_1K1U,UNKNOWN,UNKNOWN,UNKNOWN,False
Q0239,Q6K00419,Q6K00419_N06,TEST_MIXED_1K1U,FMOD0096,FMOD0096,UNKNOWN,False
Q0239,Q6K00419,Q6K00419_N07,TEST_MIXED_1K1U,UNKNOWN,UNKNOWN,UNKNOWN,False
Q0240,Q6K00420,Q6K00420_N02,TEST_MIXED_1K1U,UNKNOWN,UNKNOWN,UNKNOWN,False
Q0240,Q6K00420,Q6K00420_N03,TEST_MIXED_1K1U,UNKNOWN,UNKNOWN,UNKNOWN,False
Q0240,Q6K00420,Q6K00420_N05,TEST_MIXED_1K1U,FMOD0036,UNKNOWN,FMOD0036,False
Q0240,Q6K00420,Q6K00420_N06,TEST_MIXED_1K1U,FMOD0036,UNKNOWN,FMOD0036,False
Q0240,Q6K00420,Q6K00420_N07,TEST_MIXED_1K1U,FMOD0036,FMOD0036,FMOD0036,False
Q0241,Q6K00421,Q6K00421_N01,TEST_MIXED_2K1U,FMOD0005,UNKNOWN,FMOD0005,False
Q0241,Q6K00421,Q6K00421_N03,TEST_MIXED_2K1U,UNKNOWN,UNKNOWN,UNKNOWN,False
Q0241,Q6K00421,Q6K00421_N06,TEST_MIXED_2K1U,FMOD0005,UNKNOWN,UNKNOWN,False
Q0242,Q6K00422,Q6K00422_N04,TEST_MIXED_2K1U,FMOD0053,FMOD0053,FMOD0053,False
Q0242,Q6K00422,Q6K00422_N05,TEST_MIXED_2K1U,FMOD0053,UNKNOWN,FMOD0053,False
Q0242,Q6K00422,Q6K00422_N06,TEST_MIXED_2K1U,FMOD0083,FMOD0083,UNKNOWN,False
Q0243,Q6K00423,Q6K00423_N02,TEST_MIXED_2K1U,FMOD0004,FMOD0004,FMOD0004,True
Q0243,Q6K00423,Q6K00423_N03,TEST_MIXED_2K1U,FMOD0004,UNKNOWN,FMOD0004,True
Q0243,Q6K00423,Q6K00423_N04,TEST_MIXED_2K1U,FMOD0061,FMOD0061,FMOD0061,False
Q0243,Q6K00423,Q6K00423_N05,TEST_MIXED_2K1U,UNKNOWN,UNKNOWN,UNKNOWN,False
Q0243,Q6K00423,Q6K00423_N06,TEST_MIXED_2K1U,FMOD0061,UNKNOWN,UNKNOWN,False
Q0244,Q6K00424,Q6K00424_N01,TEST_MIXED_2K1U,FMOD0053,FMOD0053,FMOD0053,False
Q0244,Q6K00424,Q6K00424_N02,TEST_MIXED_2K1U,UNKNOWN,UNKNOWN,UNKNOWN,False
Q0244,Q6K00424,Q6K00424_N03,TEST_MIXED_2K1U,FMOD0053,UNKNOWN,FMOD0053,False
Q0245,Q6K00425,Q6K00425_N03,TEST_MIXED_2K1U,FMOD0060,FMOD0060,UNKNOWN,True
Q0245,Q6K00425,Q6K00425_N04,TEST_MIXED_2K1U,UNKNOWN,UNKNOWN,UNKNOWN,False
Q0245,Q6K00425,Q6K00425_N06,TEST_MIXED_2K1U,UNKNOWN,UNKNOWN,UNKNOWN,False
Q0246,Q6K00426,Q6K00426_N01,TEST_MIXED_2K1U,FMOD0022,FMOD0022,FMOD0022,False
Q0246,Q6K00426,Q6K00426_N02,TEST_MIXED_2K1U,UNKNOWN,UNKNOWN,UNKNOWN,False
Q0246,Q6K00426,Q6K00426_N03,TEST_MIXED_2K1U,FMOD0040,UNKNOWN,FMOD0040,False
Q0246,Q6K00426,Q6K00426_N05,TEST_MIXED_2K1U,FMOD0022,UNKNOWN,FMOD0022,False
Q0247,Q6K00427,Q6K00427_N01,TEST_MIXED_2K1U,FMOD0016,UNKNOWN,UNKNOWN,True
Q0247,Q6K00427,Q6K00427_N03,TEST_MIXED_2K1U,FMOD0016,UNKNOWN,UNKNOWN,True
Q0247,Q6K00427,Q6K00427_N04,TEST_MIXED_2K1U,FMOD0005,UNKNOWN,FMOD0005,False
Q0247,Q6K00427,Q6K00427_N05,TEST_MIXED_2K1U,FMOD0005,UNKNOWN,FMOD0005,False
Q0248,Q6K00428,Q6K00428_N03,TEST_MIXED_2K1U,FMOD0099,UNKNOWN,FMOD0099,True
Q0249,Q6K00429,Q6K00429_N01,TEST_MIXED_2K1U,FMOD0086,FMOD0086,FMOD0086,False
Q0249,Q6K00429,Q6K00429_N03,TEST_MIXED_2K1U,FMOD0086,FMOD0086,FMOD0086,False
Q0249,Q6K00429,Q6K00429_N05,TEST_MIXED_2K1U,UNKNOWN,UNKNOWN,UNKNOWN,False
Q0250,Q6K00430,Q6K00430_N02,TEST_MIXED_2K1U,FMOD0061,UNKNOWN,FMOD0061,False
Q0250,Q6K00430,Q6K00430_N03,TEST_MIXED_2K1U,UNKNOWN,UNKNOWN,UNKNOWN,False
Q0250,Q6K00430,Q6K00430_N05,TEST_MIXED_2K1U,FMOD0061,UNKNOWN,UNKNOWN,False
Q0251,Q6K00431,Q6K00431_N01,TEST_MIXED_2K1U,FMOD0005,UNKNOWN,FMOD0005,False
Q0251,Q6K00431,Q6K00431_N04,TEST_MIXED_2K1U,FMOD0074,UNKNOWN,FMOD0074,False
Q0251,Q6K00431,Q6K00431_N06,TEST_MIXED_2K1U,FMOD0074,FMOD0074,FMOD0074,False
Q0251,Q6K00431,Q6K00431_N07,TEST_MIXED_2K1U,FMOD0005,UNKNOWN,UNKNOWN,False
Q0252,Q6K00432,Q6K00432_N02,TEST_MIXED_2K1U,UNKNOWN,UNKNOWN,UNKNOWN,False
Q0252,Q6K00432,Q6K00432_N03,TEST_MIXED_2K1U,FMOD0053,FMOD0053,FMOD0053,False
Q0252,Q6K00432,Q6K00432_N07,TEST_MIXED_2K1U,FMOD0053,UNKNOWN,FMOD0053,False
Q0253,Q6K00433,Q6K00433_N02,TEST_MIXED_2K1U,UNKNOWN,UNKNOWN,UNKNOWN,True
Q0253,Q6K00433,Q6K00433_N03,TEST_MIXED_2K1U,FMOD0004,FMOD0004,FMOD0004,True
Q0253,Q6K00433,Q6K00433_N04,TEST_MIXED_2K1U,FMOD0004,UNKNOWN,FMOD0004,True
Q0253,Q6K00433,Q6K00433_N05,TEST_MIXED_2K1U,FMOD0079,UNKNOWN,FMOD0079,False
Q0253,Q6K00433,Q6K00433_N07,TEST_MIXED_2K1U,UNKNOWN,UNKNOWN,UNKNOWN,True
Q0254,Q6K00434,Q6K00434_N01,TEST_MIXED_2K1U,FMOD0016,UNKNOWN,UNKNOWN,True
Q0254,Q6K00434,Q6K00434_N03,TEST_MIXED_2K1U,FMOD0016,UNKNOWN,UNKNOWN,True
Q0255,Q6K00435,Q6K00435_N02,TEST_MIXED_2K1U,FMOD0099,UNKNOWN,FMOD0099,True
Q0255,Q6K00435,Q6K00435_N04,TEST_MIXED_2K1U,FMOD0099,UNKNOWN,FMOD0099,True
Q0256,Q6K00436,Q6K00436_N04,TEST_MIXED_2K1U,FMOD0099,FMOD0099,FMOD0099,True
Q0257,Q6K00437,Q6K00437_N01,TEST_MIXED_2K1U,UNKNOWN,UNKNOWN,UNKNOWN,False
Q0257,Q6K00437,Q6K00437_N05,TEST_MIXED_2K1U,FMOD0096,FMOD0096,FMOD0096,False
Q0257,Q6K00437,Q6K00437_N06,TEST_MIXED_2K1U,UNKNOWN,UNKNOWN,FMOD0110,False
Q0257,Q6K00437,Q6K00437_N07,TEST_MIXED_2K1U,FMOD0096,UNKNOWN,FMOD0096,False
Q0258,Q6K00438,Q6K00438_N04,TEST_MIXED_2K1U,UNKNOWN,UNKNOWN,UNKNOWN,False
Q0258,Q6K00438,Q6K00438_N05,TEST_MIXED_2K1U,FMOD0022,FMOD0022,FMOD0022,False
Q0258,Q6K00438,Q6K00438_N07,TEST_MIXED_2K1U,UNKNOWN,UNKNOWN,UNKNOWN,False
Q0259,Q6K00439,Q6K00439_N01,TEST_MIXED_2K1U,FMOD0083,FMOD0083,FMOD0083,False
Q0259,Q6K00439,Q6K00439_N04,TEST_MIXED_2K1U,UNKNOWN,UNKNOWN,UNKNOWN,False
Q0259,Q6K00439,Q6K00439_N06,TEST_MIXED_2K1U,UNKNOWN,UNKNOWN,UNKNOWN,False
Q0260,Q6K00440,Q6K00440_N01,TEST_MIXED_2K1U,UNKNOWN,UNKNOWN,UNKNOWN,True
Q0260,Q6K00440,Q6K00440_N02,TEST_MIXED_2K1U,FMOD0061,FMOD0061,FMOD0061,False
Q0260,Q6K00440,Q6K00440_N07,TEST_MIXED_2K1U,UNKNOWN,UNKNOWN,FMOD0119,True
Q0261,Q6K00441,Q6K00441_N02,TEST_MIXED_2K1U,UNKNOWN,UNKNOWN,UNKNOWN,False
Q0261,Q6K00441,Q6K00441_N06,TEST_MIXED_2K1U,UNKNOWN,UNKNOWN,FMOD0015,False
Q0262,Q6K00442,Q6K00442_N02,TEST_MIXED_2K1U,UNKNOWN,UNKNOWN,UNKNOWN,False
Q0262,Q6K00442,Q6K00442_N03,TEST_MIXED_2K1U,FMOD0016,UNKNOWN,UNKNOWN,True
Q0262,Q6K00442,Q6K00442_N05,TEST_MIXED_2K1U,UNKNOWN,UNKNOWN,UNKNOWN,False
Q0262,Q6K00442,Q6K00442_N06,TEST_MIXED_2K1U,FMOD0087,FMOD0087,FMOD0087,False
Q0262,Q6K00442,Q6K00442_N07,TEST_MIXED_2K1U,FMOD0087,FMOD0087,FMOD0087,False
Q0264,Q6K00444,Q6K00444_N02,TEST_MIXED_2K1U,FMOD0022,FMOD0022,FMOD0022,False
Q0264,Q6K00444,Q6K00444_N03,TEST_MIXED_2K1U,UNKNOWN,UNKNOWN,UNKNOWN,False
Q0264,Q6K00444,Q6K00444_N07,TEST_MIXED_2K1U,UNKNOWN,UNKNOWN,UNKNOWN,False
Q0265,Q6K00445,Q6K00445_N01,TEST_MIXED_2K1U,FMOD0023,FMOD0023,UNKNOWN,False
Q0265,Q6K00445,Q6K00445_N05,TEST_MIXED_2K1U,UNKNOWN,UNKNOWN,UNKNOWN,False
Q0265,Q6K00445,Q6K00445_N07,TEST_MIXED_2K1U,UNKNOWN,UNKNOWN,UNKNOWN,False
Q0266,Q6K00446,Q6K00446_N03,TEST_MIXED_2K1U,FMOD0067,UNKNOWN,FMOD0067,True
Q0266,Q6K00446,Q6K00446_N04,TEST_MIXED_2K1U,FMOD0060,FMOD0060,UNKNOWN,True
Q0266,Q6K00446,Q6K00446_N05,TEST_MIXED_2K1U,UNKNOWN,UNKNOWN,UNKNOWN,False
Q0266,Q6K00446,Q6K00446_N06,TEST_MIXED_2K1U,UNKNOWN,UNKNOWN,UNKNOWN,False
Q0266,Q6K00446,Q6K00446_N07,TEST_MIXED_2K1U,FMOD0067,FMOD0067,FMOD0067,True
Q0267,Q6K00447,Q6K00447_N02,TEST_MIXED_2K1U,FMOD0087,FMOD0087,FMOD0087,False
Q0267,Q6K00447,Q6K00447_N03,TEST_MIXED_2K1U,UNKNOWN,UNKNOWN,UNKNOWN,True
Q0267,Q6K00447,Q6K00447_N04,TEST_MIXED_2K1U,FMOD0087,UNKNOWN,FMOD0087,False
Q0267,Q6K00447,Q6K00447_N06,TEST_MIXED_2K1U,UNKNOWN,UNKNOWN,UNKNOWN,True
Q0267,Q6K00447,Q6K00447_N07,TEST_MIXED_2K1U,FMOD0086,FMOD0086,FMOD0086,False
Q0268,Q6K00448,Q6K00448_N03,TEST_MIXED_2K1U,UNKNOWN,UNKNOWN,UNKNOWN,False
Q0268,Q6K00448,Q6K00448_N04,TEST_MIXED_2K1U,UNKNOWN,UNKNOWN,UNKNOWN,False
Q0269,Q6K00449,Q6K00449_N01,TEST_MIXED_2K1U,FMOD0066,UNKNOWN,FMOD0066,False
Q0269,Q6K00449,Q6K00449_N02,TEST_MIXED_2K1U,UNKNOWN,UNKNOWN,FMOD0023,True
Q0269,Q6K00449,Q6K00449_N06,TEST_MIXED_2K1U,FMOD0096,FMOD0096,FMOD0096,False
Q0269,Q6K00449,Q6K00449_N07,TEST_MIXED_2K1U,FMOD0096,FMOD0096,UNKNOWN,False
Q0270,Q6K00450,Q6K00450_N02,TEST_MIXED_2K1U,FMOD0087,UNKNOWN,FMOD0087,False
Q0270,Q6K00450,Q6K00450_N07,TEST_MIXED_2K1U,FMOD0087,UNKNOWN,FMOD0087,False
Q0271,Q6K00451,Q6K00451_N03,TEST_MIXED_2K1U,UNKNOWN,UNKNOWN,UNKNOWN,False
Q0271,Q6K00451,Q6K00451_N04,TEST_MIXED_2K1U,FMOD0004,FMOD0004,FMOD0004,True
Q0271,Q6K00451,Q6K00451_N06,TEST_MIXED_2K1U,UNKNOWN,UNKNOWN,UNKNOWN,False
Q0272,Q6K00452,Q6K00452_N02,TEST_MIXED_2K1U,UNKNOWN,UNKNOWN,FMOD0102,False
Q0272,Q6K00452,Q6K00452_N05,TEST_MIXED_2K1U,UNKNOWN,UNKNOWN,FMOD0035,False
Q0273,Q6K00453,Q6K00453_N03,TEST_MIXED_2K1U,FMOD0079,UNKNOWN,UNKNOWN,False
Q0273,Q6K00453,Q6K00453_N05,TEST_MIXED_2K1U,UNKNOWN,UNKNOWN,UNKNOWN,False
Q0273,Q6K00453,Q6K00453_N07,TEST_MIXED_2K1U,FMOD0079,FMOD0079,FMOD0079,False
Q0274,Q6K00454,Q6K00454_N01,TEST_MIXED_2K1U,FMOD0077,FMOD0077,FMOD0077,False
Q0274,Q6K00454,Q6K00454_N02,TEST_MIXED_2K1U,UNKNOWN,UNKNOWN,UNKNOWN,False
Q0274,Q6K00454,Q6K00454_N03,TEST_MIXED_2K1U,UNKNOWN,FMOD0005,UNKNOWN,False
Q0274,Q6K00454,Q6K00454_N04,TEST_MIXED_2K1U,FMOD0077,FMOD0077,FMOD0077,False
Q0274,Q6K00454,Q6K00454_N05,TEST_MIXED_2K1U,FMOD0067,FMOD0067,FMOD0067,True
Q0275,Q6K00455,Q6K00455_N02,TEST_MIXED_2K1U,FMOD0077,FMOD0077,FMOD0077,False
Q0275,Q6K00455,Q6K00455_N04,TEST_MIXED_2K1U,UNKNOWN,UNKNOWN,UNKNOWN,False
Q0275,Q6K00455,Q6K00455_N05,TEST_MIXED_2K1U,FMOD0077,FMOD0077,FMOD0077,False
Q0275,Q6K00455,Q6K00455_N06,TEST_MIXED_2K1U,FMOD0016,UNKNOWN,UNKNOWN,True
Q0275,Q6K00455,Q6K00455_N07,TEST_MIXED_2K1U,FMOD0016,UNKNOWN,UNKNOWN,True
Q0276,Q6K00456,Q6K00456_N02,TEST_MIXED_2K1U,FMOD0016,UNKNOWN,UNKNOWN,True
Q0276,Q6K00456,Q6K00456_N03,TEST_MIXED_2K1U,FMOD0004,FMOD0004,FMOD0004,False
Q0276,Q6K00456,Q6K00456_N04,TEST_MIXED_2K1U,FMOD0004,UNKNOWN,FMOD0004,False
Q0276,Q6K00456,Q6K00456_N05,TEST_MIXED_2K1U,FMOD0016,UNKNOWN,UNKNOWN,True
Q0276,Q6K00456,Q6K00456_N06,TEST_MIXED_2K1U,UNKNOWN,UNKNOWN,UNKNOWN,False
Q0278,Q6K00458,Q6K00458_N02,TEST_MIXED_2K1U,UNKNOWN,UNKNOWN,UNKNOWN,False
Q0278,Q6K00458,Q6K00458_N03,TEST_MIXED_2K1U,FMOD0079,UNKNOWN,FMOD0079,False
Q0278,Q6K00458,Q6K00458_N04,TEST_MIXED_2K1U,FMOD0016,UNKNOWN,UNKNOWN,True
Q0278,Q6K00458,Q6K00458_N05,TEST_MIXED_2K1U,FMOD0016,UNKNOWN,UNKNOWN,True
Q0278,Q6K00458,Q6K00458_N06,TEST_MIXED_2K1U,FMOD0079,UNKNOWN,FMOD0079,False
Q0279,Q6K00459,Q6K00459_N02,TEST_MIXED_2K1U,UNKNOWN,UNKNOWN,FMOD0023,False
Q0279,Q6K00459,Q6K00459_N05,TEST_MIXED_2K1U,FMOD0051,UNKNOWN,UNKNOWN,False
Q0279,Q6K00459,Q6K00459_N06,TEST_MIXED_2K1U,UNKNOWN,UNKNOWN,UNKNOWN,False
Q0279,Q6K00459,Q6K00459_N07,TEST_MIXED_2K1U,FMOD0051,FMOD0051,UNKNOWN,False
Q0280,Q6K00460,Q6K00460_N03,TEST_MIXED_2K1U,FMOD0099,UNKNOWN,FMOD0099,True
Q0280,Q6K00460,Q6K00460_N05,TEST_MIXED_2K1U,FMOD0099,FMOD0099,FMOD0099,True
Q0282,Q6K00462,Q6K00462_N01,TEST_MIXED_2K1U,FMOD0099,UNKNOWN,FMOD0099,True
Q0282,Q6K00462,Q6K00462_N05,TEST_MIXED_2K1U,UNKNOWN,UNKNOWN,UNKNOWN,False
Q0282,Q6K00462,Q6K00462_N07,TEST_MIXED_2K1U,FMOD0099,FMOD0099,FMOD0099,True
Q0283,Q6K00463,Q6K00463_N03,TEST_MIXED_2K1U,FMOD0096,FMOD0096,UNKNOWN,False
Q0283,Q6K00463,Q6K00463_N04,TEST_MIXED_2K1U,FMOD0096,FMOD0096,FMOD0096,False
Q0283,Q6K00463,Q6K00463_N06,TEST_MIXED_2K1U,UNKNOWN,UNKNOWN,UNKNOWN,False
Q0284,Q6K00464,Q6K00464_N01,TEST_MIXED_2K1U,UNKNOWN,UNKNOWN,UNKNOWN,False
Q0284,Q6K00464,Q6K00464_N05,TEST_MIXED_2K1U,FMOD0099,UNKNOWN,FMOD0099,True
Q0284,Q6K00464,Q6K00464_N06,TEST_MIXED_2K1U,FMOD0099,FMOD0099,FMOD0099,True
Q0285,Q6K00465,Q6K00465_N01,TEST_MIXED_2K1U,FMOD0096,FMOD0096,UNKNOWN,False
Q0285,Q6K00465,Q6K00465_N02,TEST_MIXED_2K1U,FMOD0096,FMOD0096,FMOD0096,False
Q0285,Q6K00465,Q6K00465_N04,TEST_MIXED_2K1U,UNKNOWN,UNKNOWN,UNKNOWN,False
Q0285,Q6K00465,Q6K00465_N06,TEST_MIXED_2K1U,FMOD0083,UNKNOWN,FMOD0083,False
Q0285,Q6K00465,Q6K00465_N07,TEST_MIXED_2K1U,FMOD0083,UNKNOWN,FMOD0083,False
Q0286,Q6K00466,Q6K00466_N01,TEST_MIXED_2K1U,FMOD0053,UNKNOWN,FMOD0053,False
Q0286,Q6K00466,Q6K00466_N02,TEST_MIXED_2K1U,FMOD0067,FMOD0067,FMOD0067,False
Q0286,Q6K00466,Q6K00466_N04,TEST_MIXED_2K1U,FMOD0053,FMOD0053,UNKNOWN,False
Q0286,Q6K00466,Q6K00466_N05,TEST_MIXED_2K1U,UNKNOWN,UNKNOWN,UNKNOWN,False
Q0286,Q6K00466,Q6K00466_N06,TEST_MIXED_2K1U,FMOD0067,FMOD0067,FMOD0067,False
Q0287,Q6K00467,Q6K00467_N04,TEST_MIXED_2K1U,UNKNOWN,FMOD0014,UNKNOWN,False
Q0287,Q6K00467,Q6K00467_N07,TEST_MIXED_2K1U,UNKNOWN,UNKNOWN,UNKNOWN,False
Q0288,Q6K00468,Q6K00468_N02,TEST_MIXED_2K1U,FMOD0051,FMOD0051,UNKNOWN,False
Q0288,Q6K00468,Q6K00468_N06,TEST_MIXED_2K1U,FMOD0051,UNKNOWN,UNKNOWN,False
Q0289,Q6K00469,Q6K00469_N01,TEST_MIXED_2K1U,FMOD0067,UNKNOWN,UNKNOWN,True
Q0289,Q6K00469,Q6K00469_N05,TEST_MIXED_2K1U,FMOD0067,FMOD0067,FMOD0067,True
Q0290,Q6K00470,Q6K00470_N02,TEST_MIXED_2K1U,FMOD0061,UNKNOWN,FMOD0061,False
Q0290,Q6K00470,Q6K00470_N05,TEST_MIXED_2K1U,FMOD0060,FMOD0060,FMOD0060,True
Q0290,Q6K00470,Q6K00470_N07,TEST_MIXED_2K1U,FMOD0060,UNKNOWN,FMOD0060,True
Q0291,Q6K00471,Q6K00471_N02,TEST_MIXED_2K1U,UNKNOWN,UNKNOWN,UNKNOWN,False
Q0291,Q6K00471,Q6K00471_N06,TEST_MIXED_2K1U,UNKNOWN,UNKNOWN,UNKNOWN,False
Q0291,Q6K00471,Q6K00471_N07,TEST_MIXED_2K1U,FMOD0099,UNKNOWN,FMOD0099,True
Q0292,Q6K00472,Q6K00472_N01,TEST_MIXED_2K1U,FMOD0022,FMOD0022,FMOD0022,False
Q0292,Q6K00472,Q6K00472_N03,TEST_MIXED_2K1U,UNKNOWN,UNKNOWN,UNKNOWN,False
Q0292,Q6K00472,Q6K00472_N05,TEST_MIXED_2K1U,UNKNOWN,UNKNOWN,UNKNOWN,False
Q0293,Q6K00473,Q6K00473_N01,TEST_MIXED_2K1U,FMOD0079,UNKNOWN,FMOD0079,False
Q0293,Q6K00473,Q6K00473_N03,TEST_MIXED_2K1U,UNKNOWN,UNKNOWN,FMOD0119,False
Q0293,Q6K00473,Q6K00473_N04,TEST_MIXED_2K1U,FMOD0086,FMOD0086,FMOD0086,False
Q0293,Q6K00473,Q6K00473_N05,TEST_MIXED_2K1U,UNKNOWN,UNKNOWN,UNKNOWN,False
Q0293,Q6K00473,Q6K00473_N07,TEST_MIXED_2K1U,FMOD0086,FMOD0086,FMOD0086,False
Q0294,Q6K00474,Q6K00474_N03,TEST_MIXED_2K1U,FMOD0099,FMOD0099,FMOD0099,True
Q0294,Q6K00474,Q6K00474_N05,TEST_MIXED_2K1U,FMOD0086,FMOD0086,FMOD0086,False
Q0294,Q6K00474,Q6K00474_N07,TEST_MIXED_2K1U,FMOD0099,UNKNOWN,FMOD0099,True
Q0295,Q6K00475,Q6K00475_N04,TEST_MIXED_2K1U,FMOD0077,FMOD0077,FMOD0077,False
Q0296,Q6K00476,Q6K00476_N01,TEST_MIXED_2K1U,FMOD0040,FMOD0040,UNKNOWN,False
Q0296,Q6K00476,Q6K00476_N02,TEST_MIXED_2K1U,UNKNOWN,UNKNOWN,UNKNOWN,False
Q0296,Q6K00476,Q6K00476_N05,TEST_MIXED_2K1U,FMOD0016,UNKNOWN,FMOD0016,True
Q0296,Q6K00476,Q6K00476_N06,TEST_MIXED_2K1U,FMOD0040,FMOD0040,UNKNOWN,False
Q0296,Q6K00476,Q6K00476_N07,TEST_MIXED_2K1U,FMOD0016,UNKNOWN,UNKNOWN,True
Q0297,Q6K00477,Q6K00477_N01,TEST_MIXED_2K1U,UNKNOWN,UNKNOWN,UNKNOWN,False
Q0297,Q6K00477,Q6K00477_N07,TEST_MIXED_2K1U,UNKNOWN,UNKNOWN,UNKNOWN,False
Q0298,Q6K00478,Q6K00478_N01,TEST_MIXED_2K1U,FMOD0099,UNKNOWN,FMOD0099,True
Q0298,Q6K00478,Q6K00478_N03,TEST_MIXED_2K1U,UNKNOWN,UNKNOWN,UNKNOWN,False
Q0298,Q6K00478,Q6K00478_N04,TEST_MIXED_2K1U,UNKNOWN,UNKNOWN,UNKNOWN,False
Q0299,Q6K00479,Q6K00479_N02,TEST_MIXED_2K1U,UNKNOWN,UNKNOWN,UNKNOWN,False
Q0299,Q6K00479,Q6K00479_N04,TEST_MIXED_2K1U,FMOD0022,FMOD0022,FMOD0022,False
Q0299,Q6K00479,Q6K00479_N05,TEST_MIXED_2K1U,FMOD0022,FMOD0022,FMOD0022,False
Q0299,Q6K00479,Q6K00479_N06,TEST_MIXED_2K1U,UNKNOWN,UNKNOWN,UNKNOWN,False
Q0300,Q6K00480,Q6K00480_N01,TEST_MIXED_2K1U,FMOD0099,FMOD0099,FMOD0099,True
Q0300,Q6K00480,Q6K00480_N02,TEST_MIXED_2K1U,FMOD0005,UNKNOWN,FMOD0005,False
Q0300,Q6K00480,Q6K00480_N03,TEST_MIXED_2K1U,FMOD0005,UNKNOWN,FMOD0005,False
Q0301,Q6K00481,Q6K00481_N03,TEST_UNKNOWN_K1,UNKNOWN,UNKNOWN,UNKNOWN,False
Q0301,Q6K00481,Q6K00481_N04,TEST_UNKNOWN_K1,UNKNOWN,UNKNOWN,UNKNOWN,False
Q0301,Q6K00481,Q6K00481_N05,TEST_UNKNOWN_K1,UNKNOWN,UNKNOWN,UNKNOWN,False
Q0301,Q6K00481,Q6K00481_N06,TEST_UNKNOWN_K1,UNKNOWN,FMOD0014,UNKNOWN,False
Q0301,Q6K00481,Q6K00481_N07,TEST_UNKNOWN_K1,UNKNOWN,UNKNOWN,UNKNOWN,False
Q0302,Q6K00482,Q6K00482_N01,TEST_UNKNOWN_K1,UNKNOWN,UNKNOWN,UNKNOWN,False
Q0302,Q6K00482,Q6K00482_N03,TEST_UNKNOWN_K1,UNKNOWN,UNKNOWN,UNKNOWN,False
Q0302,Q6K00482,Q6K00482_N05,TEST_UNKNOWN_K1,UNKNOWN,UNKNOWN,UNKNOWN,False
Q0302,Q6K00482,Q6K00482_N06,TEST_UNKNOWN_K1,UNKNOWN,UNKNOWN,UNKNOWN,False
Q0302,Q6K00482,Q6K00482_N07,TEST_UNKNOWN_K1,UNKNOWN,UNKNOWN,UNKNOWN,False
Q0303,Q6K00483,Q6K00483_N01,TEST_UNKNOWN_K1,UNKNOWN,UNKNOWN,UNKNOWN,False
Q0303,Q6K00483,Q6K00483_N03,TEST_UNKNOWN_K1,UNKNOWN,UNKNOWN,UNKNOWN,False
Q0303,Q6K00483,Q6K00483_N04,TEST_UNKNOWN_K1,UNKNOWN,UNKNOWN,UNKNOWN,False
Q0303,Q6K00483,Q6K00483_N06,TEST_UNKNOWN_K1,UNKNOWN,UNKNOWN,UNKNOWN,False
Q0303,Q6K00483,Q6K00483_N07,TEST_UNKNOWN_K1,UNKNOWN,UNKNOWN,UNKNOWN,False
Q0305,Q6K00485,Q6K00485_N01,TEST_UNKNOWN_K1,UNKNOWN,UNKNOWN,FMOD0069,False
Q0305,Q6K00485,Q6K00485_N02,TEST_UNKNOWN_K1,UNKNOWN,UNKNOWN,UNKNOWN,False
Q0305,Q6K00485,Q6K00485_N04,TEST_UNKNOWN_K1,UNKNOWN,UNKNOWN,UNKNOWN,False
Q0305,Q6K00485,Q6K00485_N05,TEST_UNKNOWN_K1,UNKNOWN,UNKNOWN,UNKNOWN,False
Q0305,Q6K00485,Q6K00485_N07,TEST_UNKNOWN_K1,UNKNOWN,UNKNOWN,UNKNOWN,False
Q0306,Q6K00486,Q6K00486_N02,TEST_UNKNOWN_K1,UNKNOWN,UNKNOWN,UNKNOWN,False
Q0306,Q6K00486,Q6K00486_N03,TEST_UNKNOWN_K1,UNKNOWN,UNKNOWN,UNKNOWN,False
Q0306,Q6K00486,Q6K00486_N04,TEST_UNKNOWN_K1,UNKNOWN,UNKNOWN,UNKNOWN,False
Q0306,Q6K00486,Q6K00486_N06,TEST_UNKNOWN_K1,UNKNOWN,UNKNOWN,UNKNOWN,False
Q0306,Q6K00486,Q6K00486_N07,TEST_UNKNOWN_K1,UNKNOWN,UNKNOWN,UNKNOWN,False
Q0307,Q6K00487,Q6K00487_N01,TEST_UNKNOWN_K1,UNKNOWN,UNKNOWN,UNKNOWN,False
Q0307,Q6K00487,Q6K00487_N02,TEST_UNKNOWN_K1,UNKNOWN,UNKNOWN,UNKNOWN,False
Q0307,Q6K00487,Q6K00487_N04,TEST_UNKNOWN_K1,UNKNOWN,UNKNOWN,UNKNOWN,False
Q0307,Q6K00487,Q6K00487_N06,TEST_UNKNOWN_K1,UNKNOWN,UNKNOWN,UNKNOWN,False
Q0308,Q6K00488,Q6K00488_N01,TEST_UNKNOWN_K1,UNKNOWN,UNKNOWN,UNKNOWN,False
Q0308,Q6K00488,Q6K00488_N02,TEST_UNKNOWN_K1,UNKNOWN,UNKNOWN,UNKNOWN,False
Q0308,Q6K00488,Q6K00488_N04,TEST_UNKNOWN_K1,UNKNOWN,UNKNOWN,UNKNOWN,False
Q0308,Q6K00488,Q6K00488_N05,TEST_UNKNOWN_K1,UNKNOWN,UNKNOWN,UNKNOWN,False
Q0308,Q6K00488,Q6K00488_N07,TEST_UNKNOWN_K1,UNKNOWN,UNKNOWN,UNKNOWN,False
Q0309,Q6K00489,Q6K00489_N01,TEST_UNKNOWN_K1,UNKNOWN,UNKNOWN,UNKNOWN,False
Q0309,Q6K00489,Q6K00489_N03,TEST_UNKNOWN_K1,UNKNOWN,UNKNOWN,UNKNOWN,False
Q0309,Q6K00489,Q6K00489_N04,TEST_UNKNOWN_K1,UNKNOWN,UNKNOWN,UNKNOWN,False
Q0309,Q6K00489,Q6K00489_N05,TEST_UNKNOWN_K1,UNKNOWN,UNKNOWN,UNKNOWN,False
Q0309,Q6K00489,Q6K00489_N07,TEST_UNKNOWN_K1,UNKNOWN,UNKNOWN,FMOD0015,False
Q0310,Q6K00490,Q6K00490_N01,TEST_UNKNOWN_K1,UNKNOWN,UNKNOWN,UNKNOWN,True
Q0310,Q6K00490,Q6K00490_N03,TEST_UNKNOWN_K1,UNKNOWN,UNKNOWN,UNKNOWN,True
Q0310,Q6K00490,Q6K00490_N04,TEST_UNKNOWN_K1,UNKNOWN,UNKNOWN,UNKNOWN,True
Q0310,Q6K00490,Q6K00490_N05,TEST_UNKNOWN_K1,UNKNOWN,UNKNOWN,UNKNOWN,True
Q0310,Q6K00490,Q6K00490_N07,TEST_UNKNOWN_K1,UNKNOWN,UNKNOWN,UNKNOWN,True
Q0313,Q6K00493,Q6K00493_N01,TEST_UNKNOWN_K1,UNKNOWN,UNKNOWN,UNKNOWN,False
Q0313,Q6K00493,Q6K00493_N04,TEST_UNKNOWN_K1,UNKNOWN,UNKNOWN,UNKNOWN,False
Q0313,Q6K00493,Q6K00493_N05,TEST_UNKNOWN_K1,UNKNOWN,UNKNOWN,FMOD0015,False
Q0313,Q6K00493,Q6K00493_N06,TEST_UNKNOWN_K1,UNKNOWN,UNKNOWN,UNKNOWN,False
Q0313,Q6K00493,Q6K00493_N07,TEST_UNKNOWN_K1,UNKNOWN,UNKNOWN,UNKNOWN,False
Q0315,Q6K00495,Q6K00495_N01,TEST_UNKNOWN_K1,UNKNOWN,UNKNOWN,UNKNOWN,False
Q0315,Q6K00495,Q6K00495_N02,TEST_UNKNOWN_K1,UNKNOWN,UNKNOWN,FMOD0083,False
Q0315,Q6K00495,Q6K00495_N03,TEST_UNKNOWN_K1,UNKNOWN,UNKNOWN,FMOD0083,False
Q0315,Q6K00495,Q6K00495_N04,TEST_UNKNOWN_K1,UNKNOWN,UNKNOWN,UNKNOWN,False
Q0315,Q6K00495,Q6K00495_N05,TEST_UNKNOWN_K1,UNKNOWN,UNKNOWN,UNKNOWN,False
Q0316,Q6K00496,Q6K00496_N01,TEST_UNKNOWN_K1,UNKNOWN,UNKNOWN,UNKNOWN,True
Q0316,Q6K00496,Q6K00496_N03,TEST_UNKNOWN_K1,UNKNOWN,UNKNOWN,UNKNOWN,True
Q0316,Q6K00496,Q6K00496_N04,TEST_UNKNOWN_K1,UNKNOWN,UNKNOWN,UNKNOWN,True
Q0316,Q6K00496,Q6K00496_N05,TEST_UNKNOWN_K1,UNKNOWN,UNKNOWN,UNKNOWN,True
Q0316,Q6K00496,Q6K00496_N06,TEST_UNKNOWN_K1,UNKNOWN,UNKNOWN,UNKNOWN,True
Q0317,Q6K00497,Q6K00497_N01,TEST_UNKNOWN_K1,UNKNOWN,UNKNOWN,UNKNOWN,False
Q0317,Q6K00497,Q6K00497_N02,TEST_UNKNOWN_K1,UNKNOWN,UNKNOWN,UNKNOWN,False
Q0317,Q6K00497,Q6K00497_N03,TEST_UNKNOWN_K1,UNKNOWN,UNKNOWN,UNKNOWN,False
Q0317,Q6K00497,Q6K00497_N04,TEST_UNKNOWN_K1,UNKNOWN,UNKNOWN,UNKNOWN,False
Q0317,Q6K00497,Q6K00497_N07,TEST_UNKNOWN_K1,UNKNOWN,FMOD0014,UNKNOWN,False
Q0318,Q6K00498,Q6K00498_N01,TEST_UNKNOWN_K1,UNKNOWN,UNKNOWN,UNKNOWN,False
Q0318,Q6K00498,Q6K00498_N03,TEST_UNKNOWN_K1,UNKNOWN,UNKNOWN,UNKNOWN,False
Q0318,Q6K00498,Q6K00498_N04,TEST_UNKNOWN_K1,UNKNOWN,UNKNOWN,UNKNOWN,False
Q0318,Q6K00498,Q6K00498_N06,TEST_UNKNOWN_K1,UNKNOWN,UNKNOWN,UNKNOWN,False
Q0318,Q6K00498,Q6K00498_N07,TEST_UNKNOWN_K1,UNKNOWN,UNKNOWN,UNKNOWN,False
Q0319,Q6K00499,Q6K00499_N02,TEST_UNKNOWN_K1,UNKNOWN,UNKNOWN,UNKNOWN,False
Q0319,Q6K00499,Q6K00499_N03,TEST_UNKNOWN_K1,UNKNOWN,UNKNOWN,FMOD0005,False
Q0319,Q6K00499,Q6K00499_N04,TEST_UNKNOWN_K1,UNKNOWN,UNKNOWN,UNKNOWN,False
Q0319,Q6K00499,Q6K00499_N06,TEST_UNKNOWN_K1,UNKNOWN,UNKNOWN,UNKNOWN,False
Q0319,Q6K00499,Q6K00499_N07,TEST_UNKNOWN_K1,UNKNOWN,UNKNOWN,UNKNOWN,False
Q0320,Q6K00500,Q6K00500_N02,TEST_UNKNOWN_K1,UNKNOWN,UNKNOWN,FMOD0035,True
Q0320,Q6K00500,Q6K00500_N03,TEST_UNKNOWN_K1,UNKNOWN,UNKNOWN,FMOD0035,True
Q0320,Q6K00500,Q6K00500_N04,TEST_UNKNOWN_K1,UNKNOWN,UNKNOWN,UNKNOWN,True
Q0320,Q6K00500,Q6K00500_N05,TEST_UNKNOWN_K1,UNKNOWN,UNKNOWN,UNKNOWN,True
Q0320,Q6K00500,Q6K00500_N07,TEST_UNKNOWN_K1,UNKNOWN,UNKNOWN,UNKNOWN,True
Q0322,Q6K00502,Q6K00502_N01,TEST_UNKNOWN_K1,UNKNOWN,UNKNOWN,UNKNOWN,False
Q0322,Q6K00502,Q6K00502_N03,TEST_UNKNOWN_K1,UNKNOWN,UNKNOWN,UNKNOWN,False
Q0322,Q6K00502,Q6K00502_N04,TEST_UNKNOWN_K1,UNKNOWN,UNKNOWN,UNKNOWN,False
Q0322,Q6K00502,Q6K00502_N06,TEST_UNKNOWN_K1,UNKNOWN,UNKNOWN,UNKNOWN,False
Q0322,Q6K00502,Q6K00502_N07,TEST_UNKNOWN_K1,UNKNOWN,FMOD0005,UNKNOWN,False
Q0323,Q6K00503,Q6K00503_N01,TEST_UNKNOWN_K1,UNKNOWN,UNKNOWN,UNKNOWN,False
Q0323,Q6K00503,Q6K00503_N02,TEST_UNKNOWN_K1,UNKNOWN,UNKNOWN,UNKNOWN,False
Q0323,Q6K00503,Q6K00503_N03,TEST_UNKNOWN_K1,UNKNOWN,UNKNOWN,UNKNOWN,False
Q0323,Q6K00503,Q6K00503_N04,TEST_UNKNOWN_K1,UNKNOWN,UNKNOWN,UNKNOWN,False
Q0323,Q6K00503,Q6K00503_N05,TEST_UNKNOWN_K1,UNKNOWN,UNKNOWN,UNKNOWN,False
Q0325,Q6K00505,Q6K00505_N01,TEST_UNKNOWN_K1,UNKNOWN,UNKNOWN,UNKNOWN,False
Q0325,Q6K00505,Q6K00505_N02,TEST_UNKNOWN_K1,UNKNOWN,UNKNOWN,UNKNOWN,False
Q0325,Q6K00505,Q6K00505_N03,TEST_UNKNOWN_K1,UNKNOWN,FMOD0005,UNKNOWN,False
Q0325,Q6K00505,Q6K00505_N04,TEST_UNKNOWN_K1,UNKNOWN,UNKNOWN,UNKNOWN,False
Q0325,Q6K00505,Q6K00505_N05,TEST_UNKNOWN_K1,UNKNOWN,UNKNOWN,UNKNOWN,False
Q0326,Q6K00506,Q6K00506_N02,TEST_UNKNOWN_K1,UNKNOWN,UNKNOWN,UNKNOWN,False
Q0326,Q6K00506,Q6K00506_N03,TEST_UNKNOWN_K1,UNKNOWN,UNKNOWN,UNKNOWN,False
Q0326,Q6K00506,Q6K00506_N04,TEST_UNKNOWN_K1,UNKNOWN,UNKNOWN,UNKNOWN,False
Q0326,Q6K00506,Q6K00506_N06,TEST_UNKNOWN_K1,UNKNOWN,UNKNOWN,UNKNOWN,False
Q0326,Q6K00506,Q6K00506_N07,TEST_UNKNOWN_K1,UNKNOWN,UNKNOWN,UNKNOWN,False
Q0328,Q6K00508,Q6K00508_N02,TEST_UNKNOWN_K1,UNKNOWN,UNKNOWN,UNKNOWN,False
Q0328,Q6K00508,Q6K00508_N03,TEST_UNKNOWN_K1,UNKNOWN,UNKNOWN,UNKNOWN,False
Q0328,Q6K00508,Q6K00508_N05,TEST_UNKNOWN_K1,UNKNOWN,FMOD0014,UNKNOWN,False
Q0328,Q6K00508,Q6K00508_N06,TEST_UNKNOWN_K1,UNKNOWN,UNKNOWN,UNKNOWN,False
Q0328,Q6K00508,Q6K00508_N07,TEST_UNKNOWN_K1,UNKNOWN,UNKNOWN,UNKNOWN,False
Q0329,Q6K00509,Q6K00509_N02,TEST_UNKNOWN_K1,UNKNOWN,UNKNOWN,UNKNOWN,True
Q0329,Q6K00509,Q6K00509_N03,TEST_UNKNOWN_K1,UNKNOWN,UNKNOWN,UNKNOWN,True
Q0329,Q6K00509,Q6K00509_N04,TEST_UNKNOWN_K1,UNKNOWN,UNKNOWN,UNKNOWN,True
Q0329,Q6K00509,Q6K00509_N06,TEST_UNKNOWN_K1,UNKNOWN,UNKNOWN,UNKNOWN,True
Q0329,Q6K00509,Q6K00509_N07,TEST_UNKNOWN_K1,UNKNOWN,UNKNOWN,UNKNOWN,True
Q0330,Q6K00510,Q6K00510_N01,TEST_UNKNOWN_K1,UNKNOWN,UNKNOWN,UNKNOWN,False
Q0330,Q6K00510,Q6K00510_N03,TEST_UNKNOWN_K1,UNKNOWN,UNKNOWN,UNKNOWN,False
Q0330,Q6K00510,Q6K00510_N04,TEST_UNKNOWN_K1,UNKNOWN,UNKNOWN,UNKNOWN,False
Q0330,Q6K00510,Q6K00510_N06,TEST_UNKNOWN_K1,UNKNOWN,UNKNOWN,UNKNOWN,False
Q0330,Q6K00510,Q6K00510_N07,TEST_UNKNOWN_K1,UNKNOWN,UNKNOWN,UNKNOWN,False
Q0332,Q6K00512,Q6K00512_N02,TEST_UNKNOWN_K1,UNKNOWN,UNKNOWN,UNKNOWN,True
Q0332,Q6K00512,Q6K00512_N03,TEST_UNKNOWN_K1,UNKNOWN,UNKNOWN,UNKNOWN,True
Q0332,Q6K00512,Q6K00512_N04,TEST_UNKNOWN_K1,UNKNOWN,UNKNOWN,UNKNOWN,True
Q0332,Q6K00512,Q6K00512_N05,TEST_UNKNOWN_K1,UNKNOWN,UNKNOWN,FMOD0035,True
Q0332,Q6K00512,Q6K00512_N06,TEST_UNKNOWN_K1,UNKNOWN,UNKNOWN,FMOD0035,True
Q0333,Q6K00513,Q6K00513_N01,TEST_UNKNOWN_K1,UNKNOWN,UNKNOWN,UNKNOWN,False
Q0333,Q6K00513,Q6K00513_N03,TEST_UNKNOWN_K1,UNKNOWN,UNKNOWN,UNKNOWN,False
Q0333,Q6K00513,Q6K00513_N04,TEST_UNKNOWN_K1,UNKNOWN,UNKNOWN,FMOD0004,False
Q0333,Q6K00513,Q6K00513_N06,TEST_UNKNOWN_K1,UNKNOWN,UNKNOWN,FMOD0110,False
Q0333,Q6K00513,Q6K00513_N07,TEST_UNKNOWN_K1,UNKNOWN,UNKNOWN,UNKNOWN,False
Q0335,Q6K00515,Q6K00515_N01,TEST_UNKNOWN_K1,UNKNOWN,UNKNOWN,UNKNOWN,False
Q0335,Q6K00515,Q6K00515_N02,TEST_UNKNOWN_K1,UNKNOWN,UNKNOWN,UNKNOWN,False
Q0335,Q6K00515,Q6K00515_N03,TEST_UNKNOWN_K1,UNKNOWN,UNKNOWN,UNKNOWN,False
Q0335,Q6K00515,Q6K00515_N04,TEST_UNKNOWN_K1,UNKNOWN,UNKNOWN,UNKNOWN,False
Q0335,Q6K00515,Q6K00515_N05,TEST_UNKNOWN_K1,UNKNOWN,UNKNOWN,UNKNOWN,False
Q0337,Q6K00517,Q6K00517_N01,TEST_UNKNOWN_K1,UNKNOWN,UNKNOWN,UNKNOWN,False
Q0337,Q6K00517,Q6K00517_N03,TEST_UNKNOWN_K1,UNKNOWN,FMOD0005,UNKNOWN,False
Q0337,Q6K00517,Q6K00517_N04,TEST_UNKNOWN_K1,UNKNOWN,UNKNOWN,UNKNOWN,False
Q0337,Q6K00517,Q6K00517_N05,TEST_UNKNOWN_K1,UNKNOWN,UNKNOWN,UNKNOWN,False
Q0337,Q6K00517,Q6K00517_N07,TEST_UNKNOWN_K1,UNKNOWN,UNKNOWN,UNKNOWN,False
Q0338,Q6K00518,Q6K00518_N01,TEST_UNKNOWN_K1,UNKNOWN,UNKNOWN,FMOD0035,True
Q0338,Q6K00518,Q6K00518_N02,TEST_UNKNOWN_K1,UNKNOWN,UNKNOWN,UNKNOWN,True
Q0338,Q6K00518,Q6K00518_N03,TEST_UNKNOWN_K1,UNKNOWN,UNKNOWN,UNKNOWN,True
Q0338,Q6K00518,Q6K00518_N05,TEST_UNKNOWN_K1,UNKNOWN,UNKNOWN,UNKNOWN,True
Q0338,Q6K00518,Q6K00518_N06,TEST_UNKNOWN_K1,UNKNOWN,UNKNOWN,UNKNOWN,True
Q0339,Q6K00519,Q6K00519_N01,TEST_UNKNOWN_K1,UNKNOWN,UNKNOWN,UNKNOWN,True
Q0339,Q6K00519,Q6K00519_N02,TEST_UNKNOWN_K1,UNKNOWN,UNKNOWN,FMOD0119,True
Q0339,Q6K00519,Q6K00519_N03,TEST_UNKNOWN_K1,UNKNOWN,UNKNOWN,FMOD0119,True
Q0339,Q6K00519,Q6K00519_N05,TEST_UNKNOWN_K1,UNKNOWN,UNKNOWN,UNKNOWN,True
Q0339,Q6K00519,Q6K00519_N06,TEST_UNKNOWN_K1,UNKNOWN,UNKNOWN,UNKNOWN,True
Q0340,Q6K00520,Q6K00520_N02,TEST_UNKNOWN_K1,UNKNOWN,UNKNOWN,UNKNOWN,False
Q0340,Q6K00520,Q6K00520_N03,TEST_UNKNOWN_K1,UNKNOWN,UNKNOWN,UNKNOWN,False
Q0340,Q6K00520,Q6K00520_N05,TEST_UNKNOWN_K1,UNKNOWN,UNKNOWN,UNKNOWN,False
Q0340,Q6K00520,Q6K00520_N06,TEST_UNKNOWN_K1,UNKNOWN,UNKNOWN,UNKNOWN,False
Q0340,Q6K00520,Q6K00520_N07,TEST_UNKNOWN_K1,UNKNOWN,UNKNOWN,UNKNOWN,False
Q0342,Q6K00522,Q6K00522_N01,TEST_UNKNOWN_K1,UNKNOWN,UNKNOWN,UNKNOWN,False
Q0342,Q6K00522,Q6K00522_N02,TEST_UNKNOWN_K1,UNKNOWN,UNKNOWN,UNKNOWN,False
Q0342,Q6K00522,Q6K00522_N03,TEST_UNKNOWN_K1,UNKNOWN,FMOD0005,UNKNOWN,False
Q0342,Q6K00522,Q6K00522_N05,TEST_UNKNOWN_K1,UNKNOWN,UNKNOWN,UNKNOWN,False
Q0342,Q6K00522,Q6K00522_N07,TEST_UNKNOWN_K1,UNKNOWN,UNKNOWN,UNKNOWN,False
Q0343,Q6K00523,Q6K00523_N01,TEST_UNKNOWN_K1,UNKNOWN,UNKNOWN,UNKNOWN,False
Q0343,Q6K00523,Q6K00523_N03,TEST_UNKNOWN_K1,UNKNOWN,UNKNOWN,UNKNOWN,False
Q0343,Q6K00523,Q6K00523_N04,TEST_UNKNOWN_K1,UNKNOWN,UNKNOWN,UNKNOWN,False
Q0343,Q6K00523,Q6K00523_N05,TEST_UNKNOWN_K1,UNKNOWN,FMOD0005,UNKNOWN,False
Q0343,Q6K00523,Q6K00523_N06,TEST_UNKNOWN_K1,UNKNOWN,UNKNOWN,UNKNOWN,False
Q0344,Q6K00524,Q6K00524_N01,TEST_UNKNOWN_K1,UNKNOWN,UNKNOWN,UNKNOWN,False
Q0344,Q6K00524,Q6K00524_N02,TEST_UNKNOWN_K1,UNKNOWN,FMOD0014,FMOD0035,False
Q0344,Q6K00524,Q6K00524_N03,TEST_UNKNOWN_K1,UNKNOWN,UNKNOWN,UNKNOWN,False
Q0344,Q6K00524,Q6K00524_N04,TEST_UNKNOWN_K1,UNKNOWN,UNKNOWN,UNKNOWN,False
Q0344,Q6K00524,Q6K00524_N07,TEST_UNKNOWN_K1,UNKNOWN,UNKNOWN,UNKNOWN,False
Q0348,Q6K00528,Q6K00528_N01,TEST_UNKNOWN_K1,UNKNOWN,FMOD0014,UNKNOWN,False
Q0348,Q6K00528,Q6K00528_N02,TEST_UNKNOWN_K1,UNKNOWN,UNKNOWN,UNKNOWN,False
Q0348,Q6K00528,Q6K00528_N04,TEST_UNKNOWN_K1,UNKNOWN,UNKNOWN,UNKNOWN,False
Q0348,Q6K00528,Q6K00528_N05,TEST_UNKNOWN_K1,UNKNOWN,UNKNOWN,UNKNOWN,False
Q0348,Q6K00528,Q6K00528_N06,TEST_UNKNOWN_K1,UNKNOWN,UNKNOWN,UNKNOWN,False
Q0350,Q6K00530,Q6K00530_N01,TEST_UNKNOWN_K1,UNKNOWN,UNKNOWN,UNKNOWN,False
Q0350,Q6K00530,Q6K00530_N03,TEST_UNKNOWN_K1,UNKNOWN,UNKNOWN,UNKNOWN,False
Q0350,Q6K00530,Q6K00530_N04,TEST_UNKNOWN_K1,UNKNOWN,UNKNOWN,UNKNOWN,False
Q0350,Q6K00530,Q6K00530_N06,TEST_UNKNOWN_K1,UNKNOWN,UNKNOWN,UNKNOWN,False
Q0350,Q6K00530,Q6K00530_N07,TEST_UNKNOWN_K1,UNKNOWN,UNKNOWN,FMOD0069,False
Q0351,Q6K00531,Q6K00531_N01,TEST_UNKNOWN_K1,UNKNOWN,FMOD0005,UNKNOWN,False
Q0351,Q6K00531,Q6K00531_N03,TEST_UNKNOWN_K1,UNKNOWN,UNKNOWN,UNKNOWN,False
Q0351,Q6K00531,Q6K00531_N04,TEST_UNKNOWN_K1,UNKNOWN,UNKNOWN,UNKNOWN,False
Q0351,Q6K00531,Q6K00531_N05,TEST_UNKNOWN_K1,UNKNOWN,UNKNOWN,UNKNOWN,False
Q0351,Q6K00531,Q6K00531_N06,TEST_UNKNOWN_K1,UNKNOWN,UNKNOWN,UNKNOWN,False
Q0352,Q6K00532,Q6K00532_N01,TEST_UNKNOWN_K1,UNKNOWN,UNKNOWN,UNKNOWN,False
Q0352,Q6K00532,Q6K00532_N02,TEST_UNKNOWN_K1,UNKNOWN,UNKNOWN,FMOD0069,False
Q0352,Q6K00532,Q6K00532_N03,TEST_UNKNOWN_K1,UNKNOWN,UNKNOWN,UNKNOWN,False
Q0352,Q6K00532,Q6K00532_N05,TEST_UNKNOWN_K1,UNKNOWN,UNKNOWN,UNKNOWN,False
Q0352,Q6K00532,Q6K00532_N07,TEST_UNKNOWN_K1,UNKNOWN,UNKNOWN,UNKNOWN,False
Q0353,Q6K00533,Q6K00533_N02,TEST_UNKNOWN_K1,UNKNOWN,UNKNOWN,UNKNOWN,False
Q0353,Q6K00533,Q6K00533_N03,TEST_UNKNOWN_K1,UNKNOWN,UNKNOWN,UNKNOWN,False
Q0353,Q6K00533,Q6K00533_N04,TEST_UNKNOWN_K1,UNKNOWN,UNKNOWN,UNKNOWN,False
Q0353,Q6K00533,Q6K00533_N05,TEST_UNKNOWN_K1,UNKNOWN,UNKNOWN,UNKNOWN,False
Q0353,Q6K00533,Q6K00533_N06,TEST_UNKNOWN_K1,UNKNOWN,UNKNOWN,UNKNOWN,False
Q0354,Q6K00534,Q6K00534_N02,TEST_UNKNOWN_K1,UNKNOWN,UNKNOWN,UNKNOWN,False
Q0354,Q6K00534,Q6K00534_N04,TEST_UNKNOWN_K1,UNKNOWN,UNKNOWN,UNKNOWN,False
Q0354,Q6K00534,Q6K00534_N05,TEST_UNKNOWN_K1,UNKNOWN,UNKNOWN,UNKNOWN,False
Q0354,Q6K00534,Q6K00534_N06,TEST_UNKNOWN_K1,UNKNOWN,UNKNOWN,UNKNOWN,False
Q0354,Q6K00534,Q6K00534_N07,TEST_UNKNOWN_K1,UNKNOWN,UNKNOWN,UNKNOWN,False
Q0357,Q6K00537,Q6K00537_N01,TEST_UNKNOWN_K1,UNKNOWN,UNKNOWN,UNKNOWN,False
Q0357,Q6K00537,Q6K00537_N03,TEST_UNKNOWN_K1,UNKNOWN,UNKNOWN,UNKNOWN,False
Q0357,Q6K00537,Q6K00537_N05,TEST_UNKNOWN_K1,UNKNOWN,UNKNOWN,UNKNOWN,False
Q0357,Q6K00537,Q6K00537_N07,TEST_UNKNOWN_K1,UNKNOWN,UNKNOWN,UNKNOWN,False
Q0358,Q6K00538,Q6K00538_N02,TEST_UNKNOWN_K1,UNKNOWN,UNKNOWN,UNKNOWN,False
Q0358,Q6K00538,Q6K00538_N03,TEST_UNKNOWN_K1,UNKNOWN,UNKNOWN,UNKNOWN,False
Q0358,Q6K00538,Q6K00538_N04,TEST_UNKNOWN_K1,UNKNOWN,UNKNOWN,UNKNOWN,False
Q0358,Q6K00538,Q6K00538_N05,TEST_UNKNOWN_K1,UNKNOWN,UNKNOWN,UNKNOWN,False
Q0358,Q6K00538,Q6K00538_N06,TEST_UNKNOWN_K1,UNKNOWN,UNKNOWN,UNKNOWN,False
Q0359,Q6K00539,Q6K00539_N01,TEST_UNKNOWN_K1,UNKNOWN,UNKNOWN,FMOD0035,False
Q0359,Q6K00539,Q6K00539_N02,TEST_UNKNOWN_K1,UNKNOWN,UNKNOWN,UNKNOWN,False
Q0359,Q6K00539,Q6K00539_N04,TEST_UNKNOWN_K1,UNKNOWN,UNKNOWN,UNKNOWN,False
Q0359,Q6K00539,Q6K00539_N06,TEST_UNKNOWN_K1,UNKNOWN,UNKNOWN,UNKNOWN,False
Q0359,Q6K00539,Q6K00539_N07,TEST_UNKNOWN_K1,UNKNOWN,UNKNOWN,UNKNOWN,False
Q0360,Q6K00540,Q6K00540_N01,TEST_UNKNOWN_K1,UNKNOWN,UNKNOWN,UNKNOWN,True
Q0360,Q6K00540,Q6K00540_N03,TEST_UNKNOWN_K1,UNKNOWN,UNKNOWN,UNKNOWN,True
Q0360,Q6K00540,Q6K00540_N04,TEST_UNKNOWN_K1,UNKNOWN,UNKNOWN,UNKNOWN,True
Q0360,Q6K00540,Q6K00540_N06,TEST_UNKNOWN_K1,UNKNOWN,UNKNOWN,UNKNOWN,True
Q0360,Q6K00540,Q6K00540_N07,TEST_UNKNOWN_K1,UNKNOWN,UNKNOWN,UNKNOWN,True
