concurrency,request_index,query_id,success,client_latency_ms,search_ms,reconstruction_ms,server_total_ms,error
1,1,Q6K00364,True,29.5478,11.6951,0.9303,12.632,
1,2,Q6K00188,True,32.7328,12.153,1.0816,13.2431,
1,3,Q6K00283,True,29.1825,10.878,0.9966,11.9515,
1,4,Q6K00219,True,31.1439,11.9148,0.9286,12.8518,
1,5,Q6K00314,True,13.4549,10.5486,0.9711,11.5285,
1,6,Q6K00515,True,33.5071,11.1069,0.9343,12.0485,
1,7,Q6K00407,True,13.848,11.1243,0.9565,12.0878,
1,8,Q6K00395,True,14.1596,11.2508,1.0312,12.2893,
1,9,Q6K00277,True,13.9845,11.0744,1.105,12.1864,
1,10,Q6K00375,True,14.6349,11.361,1.2195,12.5926,
1,11,Q6K00233,True,14.4437,10.9812,1.1482,12.1435,
1,12,Q6K00496,True,14.3138,10.7689,0.979,11.7567,
1,13,Q6K00412,True,13.9099,10.9314,0.9873,11.9259,
1,14,Q6K00536,True,13.7211,10.5664,1.1905,11.7645,
1,15,Q6K00471,True,27.66,10.7194,0.9759,11.7022,
1,16,Q6K00399,True,13.9149,10.8842,1.0499,11.9427,
1,17,Q6K00233,True,13.4451,10.5765,0.9617,11.5461,
1,18,Q6K00417,True,34.6109,10.9344,0.9428,11.8844,
1,19,Q6K00357,True,30.5989,10.561,1.0136,11.5803,
1,20,Q6K00524,True,30.8864,10.7395,0.9464,11.6929,
1,21,Q6K00459,True,30.5306,10.7358,0.9933,11.7358,
1,22,Q6K00516,True,31.768,11.2828,0.9228,12.2127,
1,23,Q6K00506,True,13.7362,10.948,1.0065,11.9614,
1,24,Q6K00272,True,14.7557,10.766,1.1108,11.8845,
1,25,Q6K00249,True,13.6058,10.7461,1.1026,11.8558,
1,26,Q6K00482,True,35.0704,10.7152,0.9492,11.672,
1,27,Q6K00258,True,13.5969,10.6864,1.1023,11.7952,
1,28,Q6K00415,True,33.0071,11.471,0.9944,12.4717,
1,29,Q6K00399,True,29.4335,10.3901,0.9313,11.328,
1,30,Q6K00401,True,13.3997,10.8453,0.9985,11.8502,
1,31,Q6K00387,True,36.254,12.5272,0.9513,13.4849,
1,32,Q6K00447,True,13.4599,10.6799,0.9706,11.6577,
1,33,Q6K00526,True,13.6692,11.0269,0.8855,11.9201,
1,34,Q6K00431,True,33.237,11.1698,0.9769,12.1546,
1,35,Q6K00387,True,31.2949,11.3533,1.0987,12.4604,
1,36,Q6K00475,True,13.1385,9.6383,1.0593,10.7038,
1,37,Q6K00401,True,14.6158,11.5249,1.0478,12.5806,
1,38,Q6K00492,True,33.9291,11.4376,0.9746,12.4204,
1,39,Q6K00506,True,29.6173,11.1707,0.9936,12.1725,
1,40,Q6K00481,True,15.5575,11.8233,1.0262,12.8604,
1,41,Q6K00407,True,30.9978,10.9455,0.9551,11.9092,
1,42,Q6K00448,True,14.5579,11.6209,0.9915,12.6223,
1,43,Q6K00470,True,14.4436,11.3154,1.2756,12.611,
1,44,Q6K00494,True,33.3452,11.1112,0.9153,12.0331,
1,45,Q6K00358,True,14.2397,10.5194,0.9723,11.4977,
1,46,Q6K00402,True,31.2822,10.5089,0.9659,11.4812,
1,47,Q6K00295,True,13.3583,10.6647,1.064,11.7351,
1,48,Q6K00462,True,33.7085,10.6727,0.9743,11.6536,
1,49,Q6K00286,True,31.1036,10.7773,1.0184,11.8025,
1,50,Q6K00313,True,32.2045,26.9202,2.3108,29.2445,
1,51,Q6K00420,True,16.1921,12.9971,1.0119,14.017,
1,52,Q6K00499,True,31.9816,12.7892,1.1963,13.9941,
1,53,Q6K00318,True,17.9998,14.3985,1.3014,15.7101,
1,54,Q6K00520,True,17.3176,13.7554,1.1771,14.9429,
1,55,Q6K00207,True,16.7932,13.302,1.2585,14.5691,
1,56,Q6K00209,True,17.069,13.3616,1.1957,14.5675,
1,57,Q6K00473,True,49.1469,20.0985,2.7055,22.8196,
1,58,Q6K00400,True,24.1494,17.5467,2.347,19.9096,
1,59,Q6K00531,True,17.3741,13.2299,0.9773,14.2164,
1,60,Q6K00350,True,18.1967,14.162,1.7205,15.8948,
1,61,Q6K00254,True,15.74,11.4407,1.1161,12.5649,
1,62,Q6K00434,True,17.5015,12.0075,1.0637,13.0806,
1,63,Q6K00193,True,36.7496,12.1128,1.132,13.2539,
1,64,Q6K00540,True,14.8844,11.7066,0.976,12.6995,
1,65,Q6K00488,True,34.9139,12.8331,1.3249,14.1713,
1,66,Q6K00315,True,18.1508,13.4918,1.7677,15.2701,
1,67,Q6K00513,True,29.8976,15.1992,1.3158,16.529,
1,68,Q6K00458,True,38.782,19.6458,2.1394,21.8168,
1,69,Q6K00378,True,33.4531,26.6824,2.0155,28.7096,
1,70,Q6K00368,True,36.1173,14.4418,1.4268,15.8793,
1,71,Q6K00432,True,22.7156,17.1205,1.3534,18.4863,
1,72,Q6K00495,True,17.4449,13.567,1.2982,14.8763,
1,73,Q6K00378,True,32.5261,11.7951,1.1582,12.9614,
1,74,Q6K00310,True,15.8103,12.0029,1.2162,13.2282,
1,75,Q6K00202,True,17.6496,13.7878,1.518,15.318,
1,76,Q6K00229,True,20.0049,13.8579,1.6419,15.5276,
1,77,Q6K00351,True,45.944,17.0023,1.2293,18.2417,
1,78,Q6K00273,True,41.3774,13.5224,1.2852,14.8163,
1,79,Q6K00433,True,32.59,16.0967,1.3931,17.5081,
1,80,Q6K00271,True,23.4635,18.3414,2.2598,20.6207,
1,81,Q6K00531,True,23.3275,18.0914,1.3684,19.4725,
1,82,Q6K00421,True,29.9453,24.5993,1.3223,25.9328,
1,83,Q6K00487,True,28.6771,20.8755,3.5387,24.4434,
1,84,Q6K00528,True,23.5091,17.0759,2.1301,19.2177,
1,85,Q6K00248,True,23.9674,19.4268,1.3552,20.792,
1,86,Q6K00394,True,29.6107,24.8526,1.3146,26.1837,
1,87,Q6K00300,True,31.5362,13.3522,1.7562,15.1187,
1,88,Q6K00514,True,31.3448,14.2756,1.3944,15.6791,
1,89,Q6K00386,True,24.1991,19.9429,1.4329,21.3854,
1,90,Q6K00302,True,20.2613,16.5269,1.3313,17.8701,
1,91,Q6K00226,True,16.9409,12.7995,1.1887,13.9973,
1,92,Q6K00394,True,16.51,12.9065,1.2108,14.1275,
1,93,Q6K00330,True,29.7916,13.5631,1.4752,15.0473,
1,94,Q6K00500,True,52.8867,29.2283,3.4603,32.7426,
1,95,Q6K00474,True,55.8454,26.9547,2.5546,29.528,
1,96,Q6K00325,True,29.3686,23.2682,2.2583,25.5404,
1,97,Q6K00352,True,46.2254,23.9435,2.6947,26.6522,
1,98,Q6K00468,True,20.0304,15.5509,1.0983,16.658,
1,99,Q6K00529,True,38.3638,21.1731,1.9999,23.1878,
1,100,Q6K00501,True,39.7713,15.7424,1.2128,16.9656,
1,101,Q6K00531,True,18.2637,13.234,1.4731,14.7217,
1,102,Q6K00385,True,42.74,16.8921,1.2397,18.1436,
1,103,Q6K00522,True,26.8408,21.9451,2.153,24.1182,
1,104,Q6K00386,True,19.6416,16.0725,1.1584,17.2408,
1,105,Q6K00359,True,20.136,15.8361,1.2625,17.1102,
1,106,Q6K00424,True,21.3799,16.2127,1.2675,17.4896,
1,107,Q6K00451,True,33.9645,14.0962,1.2863,15.3906,
1,108,Q6K00285,True,17.5982,13.7808,1.1656,14.9563,
1,109,Q6K00498,True,43.8846,14.5944,2.0231,16.6306,
1,110,Q6K00353,True,21.9702,15.3663,2.7351,18.1138,
1,111,Q6K00337,True,21.1403,15.6794,1.5631,17.2552,
1,112,Q6K00496,True,30.3176,13.2779,1.1716,14.4589,
1,113,Q6K00404,True,30.3986,12.7742,1.4753,14.2629,
1,114,Q6K00380,True,16.5884,12.6109,1.5368,14.159,
1,115,Q6K00478,True,16.9964,12.9319,1.3031,14.2448,
1,116,Q6K00239,True,15.601,11.2694,1.2823,12.5595,
1,117,Q6K00319,True,39.4983,11.4791,1.069,12.5548,
1,118,Q6K00417,True,33.0762,12.2207,0.9492,13.1769,
1,119,Q6K00474,True,29.0247,11.251,0.9718,12.2293,
1,120,Q6K00509,True,31.1297,11.1859,0.9464,12.1413,
1,121,Q6K00386,True,13.1639,10.6671,0.9503,11.6232,
1,122,Q6K00532,True,13.5131,10.8423,1.058,11.9082,
1,123,Q6K00292,True,13.9056,10.9842,1.0108,12.0016,
1,124,Q6K00359,True,37.5985,11.032,0.9851,12.0244,
1,125,Q6K00330,True,13.7422,10.867,0.9729,11.8475,
1,126,Q6K00345,True,31.8483,11.1993,1.0048,12.2131,
1,127,Q6K00268,True,14.9887,11.8046,1.106,12.9187,
1,128,Q6K00212,True,14.6648,11.5461,1.1951,12.7509,
1,129,Q6K00315,True,14.601,11.4807,1.1001,12.5906,
1,130,Q6K00538,True,34.3725,11.2896,1.1388,12.4389,
1,131,Q6K00492,True,14.0884,10.676,1.3992,12.0839,
1,132,Q6K00530,True,32.9641,10.8532,1.3942,12.2568,
1,133,Q6K00434,True,32.1603,10.9762,1.0356,12.0193,
1,134,Q6K00511,True,29.7875,11.6232,1.1073,12.7387,
1,135,Q6K00349,True,14.7626,11.8532,1.1318,12.9924,
1,136,Q6K00283,True,31.6388,11.8798,1.0315,12.9191,
1,137,Q6K00240,True,15.0689,12.0211,1.0422,13.0722,
1,138,Q6K00386,True,32.5137,12.4352,1.0567,13.5001,
1,139,Q6K00320,True,14.8315,11.6626,1.0978,12.7694,
1,140,Q6K00238,True,32.5451,12.4026,1.2721,13.684,
1,141,Q6K00351,True,15.6291,12.0046,1.2983,13.3139,
1,142,Q6K00407,True,31.481,11.6998,1.3928,13.1196,
1,143,Q6K00338,True,15.0528,10.5988,1.0699,11.6749,
1,144,Q6K00524,True,15.7412,11.0365,1.0064,12.0493,
1,145,Q6K00484,True,31.9389,12.6646,1.0438,13.7181,
1,146,Q6K00462,True,15.8814,11.0662,1.0942,12.1702,
1,147,Q6K00259,True,28.6344,12.18,1.1278,13.3167,
1,148,Q6K00416,True,14.6503,11.8699,0.9372,12.8151,
1,149,Q6K00480,True,31.9941,12.278,0.9938,13.2797,
1,150,Q6K00250,True,14.4567,11.1723,1.0984,12.2775,
1,151,Q6K00444,True,31.7132,11.3934,1.002,12.4037,
1,152,Q6K00356,True,14.7705,11.239,1.158,12.4078,
1,153,Q6K00303,True,30.6394,10.9879,1.0526,12.0479,
1,154,Q6K00239,True,31.0396,10.946,0.9599,11.9141,
1,155,Q6K00394,True,31.9312,11.1709,0.9558,12.1353,
1,156,Q6K00213,True,30.6681,11.2866,0.9653,12.2594,
1,157,Q6K00454,True,14.0489,11.097,1.064,12.1674,
1,158,Q6K00198,True,14.074,11.0843,1.1693,12.2632,
1,159,Q6K00390,True,35.3701,11.827,1.1327,12.9673,
1,160,Q6K00523,True,29.4992,11.2995,0.9224,12.2296,
1,161,Q6K00524,True,32.141,11.6852,1.1577,12.8509,
1,162,Q6K00337,True,30.8622,11.6829,1.1413,12.8315,
1,163,Q6K00341,True,30.4465,10.9037,0.9749,11.8862,
1,164,Q6K00303,True,31.5099,10.9364,1.1267,12.0709,
1,165,Q6K00472,True,13.828,10.9644,0.9702,11.9414,
1,166,Q6K00346,True,32.3181,11.0906,1.0377,12.1362,
1,167,Q6K00382,True,13.913,11.0805,0.9901,12.0776,
1,168,Q6K00384,True,33.1064,10.9808,0.9839,11.9733,
1,169,Q6K00426,True,36.639,15.9541,1.2756,17.2378,
1,170,Q6K00468,True,16.6052,12.139,1.3908,13.5443,
1,171,Q6K00493,True,29.3307,22.4865,2.8752,25.3931,
1,172,Q6K00300,True,24.9115,19.3983,2.2079,21.6233,
1,173,Q6K00335,True,36.9584,15.2677,1.4293,16.7097,
1,174,Q6K00471,True,17.891,12.9174,1.7153,14.6551,
1,175,Q6K00470,True,17.8515,13.9347,1.376,15.3196,
1,176,Q6K00402,True,38.182,12.2219,1.0835,13.3146,
1,177,Q6K00365,True,14.9128,11.497,1.0077,12.5123,
1,178,Q6K00462,True,29.7138,11.3673,1.0896,12.4664,
1,179,Q6K00243,True,15.63,11.8729,1.2466,13.1331,
1,180,Q6K00239,True,30.429,11.0469,0.9792,12.0338,
1,181,Q6K00512,True,14.1613,11.1104,1.1203,12.2368,
1,182,Q6K00190,True,14.4057,11.5196,1.0865,12.6141,
1,183,Q6K00501,True,14.1193,11.5002,0.9259,12.4346,
1,184,Q6K00453,True,13.8999,11.1925,0.9819,12.1818,
1,185,Q6K00201,True,34.2111,11.4564,1.0349,12.4998,
1,186,Q6K00346,True,30.0731,11.2495,1.0408,12.2974,
1,187,Q6K00299,True,13.7406,10.8716,1.0662,11.9479,
1,188,Q6K00462,True,14.3599,10.9312,0.9932,11.9304,
1,189,Q6K00486,True,13.5718,10.8982,0.9516,11.8581,
1,190,Q6K00411,True,36.0398,10.5947,1.0798,11.6814,
1,191,Q6K00538,True,30.9449,10.7155,1.0167,11.74,
1,192,Q6K00196,True,32.4842,10.6981,1.2134,11.9188,
1,193,Q6K00410,True,31.4009,11.4122,0.9729,12.3925,
1,194,Q6K00466,True,32.161,11.4295,1.0547,12.4919,
1,195,Q6K00478,True,14.1158,11.1267,0.9821,12.1164,
1,196,Q6K00223,True,15.1174,12.2482,1.0553,13.3107,
1,197,Q6K00182,True,31.6734,11.2596,1.0421,12.3092,
1,198,Q6K00408,True,14.0668,10.8741,0.9704,11.8528,
1,199,Q6K00276,True,32.0547,10.7157,1.2189,11.9422,
1,200,Q6K00364,True,13.5041,10.9278,0.9488,11.8828,
1,201,Q6K00192,True,33.4969,11.1452,1.0013,12.1541,
1,202,Q6K00202,True,30.7694,11.7384,0.9875,12.7346,
1,203,Q6K00295,True,31.7282,11.877,1.0889,12.974,
1,204,Q6K00526,True,14.8217,11.6832,0.982,12.6742,
1,205,Q6K00418,True,14.5919,11.5473,1.0117,12.5665,
1,206,Q6K00467,True,31.7588,11.3873,1.0697,12.4671,
1,207,Q6K00249,True,14.1091,10.9256,1.1313,12.0667,
1,208,Q6K00331,True,14.1485,10.5243,1.0021,11.5327,
1,209,Q6K00513,True,34.2627,11.2419,1.4722,12.734,
1,210,Q6K00278,True,30.3327,11.2055,1.0083,12.2223,
1,211,Q6K00326,True,15.052,11.9439,0.9749,12.9256,
1,212,Q6K00477,True,14.9942,12.0547,1.0635,13.1266,
1,213,Q6K00386,True,14.8094,11.7266,1.1568,12.8927,
1,214,Q6K00305,True,16.1168,12.634,1.2946,13.938,
1,215,Q6K00231,True,16.8586,13.4281,1.2579,14.6966,
1,216,Q6K00277,True,17.7869,13.7359,1.2608,15.0054,
1,217,Q6K00531,True,16.2501,12.2782,1.1448,13.4329,
1,218,Q6K00353,True,15.2628,11.6395,1.4885,13.1366,
1,219,Q6K00286,True,27.6444,11.7833,1.1128,12.9041,
1,220,Q6K00306,True,14.1755,10.97,1.1608,12.1404,
1,221,Q6K00525,True,31.9373,10.5218,1.0967,11.6258,
1,222,Q6K00461,True,13.1225,10.4859,0.9605,11.4529,
1,223,Q6K00349,True,34.2113,10.7225,1.0821,11.812,
1,224,Q6K00475,True,30.5397,9.6318,1.1048,10.7438,
1,225,Q6K00195,True,13.3362,10.4978,1.0193,11.5247,
1,226,Q6K00262,True,33.5772,10.6629,1.064,11.7338,
1,227,Q6K00319,True,36.2065,15.2198,1.2381,16.4775,
1,228,Q6K00469,True,32.108,14.9677,1.77,16.7498,
1,229,Q6K00350,True,29.3901,13.1978,1.361,14.5851,
1,230,Q6K00256,True,18.4267,13.5556,1.5539,15.1281,
1,231,Q6K00236,True,17.576,13.3981,1.564,14.9914,
1,232,Q6K00527,True,37.1501,11.6272,1.0704,12.7079,
1,233,Q6K00334,True,15.1919,11.91,1.2058,13.1242,
1,234,Q6K00197,True,21.2421,17.6164,1.3526,18.9771,
1,235,Q6K00432,True,27.353,11.8555,1.0051,12.8702,
1,236,Q6K00414,True,16.0126,12.5026,1.1143,13.6335,
1,237,Q6K00421,True,33.8045,13.6532,1.2646,14.9297,
1,238,Q6K00387,True,15.4683,11.4882,1.2794,12.7898,
1,239,Q6K00462,True,17.7726,14.243,1.2271,15.4821,
1,240,Q6K00402,True,42.0529,23.8732,3.2554,27.2035,
1,241,Q6K00431,True,40.6913,19.6682,2.5947,22.2783,
1,242,Q6K00292,True,36.8236,12.1557,1.1791,13.3428,
1,243,Q6K00355,True,14.8536,11.3175,1.1459,12.4713,
1,244,Q6K00389,True,14.8899,11.5837,1.0481,12.6392,
1,245,Q6K00461,True,33.2502,12.5384,1.1708,13.7165,
1,246,Q6K00329,True,15.1782,12.0187,1.1279,13.1569,
1,247,Q6K00187,True,15.0903,11.7394,1.148,12.8954,
1,248,Q6K00319,True,14.6154,11.5534,1.1233,12.6849,
1,249,Q6K00246,True,15.3694,11.917,1.2181,13.1495,
1,250,Q6K00353,True,31.488,11.0167,1.1695,12.1981,
1,251,Q6K00393,True,13.9719,10.765,0.9216,11.6937,
1,252,Q6K00237,True,31.4917,10.7609,0.9453,11.7125,
1,253,Q6K00352,True,13.2018,10.3312,0.9527,11.2891,
1,254,Q6K00283,True,33.1832,11.0195,0.9675,11.9932,
1,255,Q6K00533,True,30.7953,11.0005,0.9167,11.9242,
1,256,Q6K00417,True,13.9217,11.0848,0.9828,12.0839,
1,257,Q6K00515,True,14.3393,11.589,0.9037,12.5027,
1,258,Q6K00336,True,34.7703,10.9217,1.1079,12.0394,
1,259,Q6K00404,True,14.0365,10.8277,1.1195,11.955,
1,260,Q6K00512,True,13.9153,10.9068,1.0941,12.0113,
1,261,Q6K00458,True,13.7234,10.8274,0.8644,11.6979,
1,262,Q6K00302,True,13.9969,11.2597,1.0239,12.2901,
1,263,Q6K00494,True,13.8175,11.1709,0.9476,12.1257,
1,264,Q6K00292,True,37.5347,11.2382,1.0161,12.2619,
1,265,Q6K00261,True,31.3188,11.2615,1.1267,12.3954,
1,266,Q6K00380,True,37.1154,11.9419,22.7009,34.6506,
1,267,Q6K00516,True,23.6347,11.1898,1.0135,12.2106,
1,268,Q6K00456,True,14.2213,10.9326,1.0499,11.9888,
1,269,Q6K00287,True,14.0888,10.7328,1.0831,11.8239,
1,270,Q6K00329,True,34.0048,11.0637,1.1028,12.1743,
1,271,Q6K00504,True,13.7795,10.5631,0.9689,11.5383,
1,272,Q6K00418,True,13.772,11.0556,0.9746,12.0364,
1,273,Q6K00499,True,13.7805,11.1438,0.9837,12.1346,
1,274,Q6K00236,True,36.175,10.854,1.02,11.8821,
1,275,Q6K00435,True,14.8021,11.9725,0.9765,12.9571,
1,276,Q6K00385,True,16.6863,13.09,1.0348,14.1353,
1,277,Q6K00369,True,15.545,12.2805,1.0423,13.3313,
1,278,Q6K00416,True,14.2791,11.4655,0.9508,12.4242,
1,279,Q6K00249,True,33.7131,11.5761,1.0471,12.632,
1,280,Q6K00526,True,15.8912,12.3122,1.1087,13.432,
1,281,Q6K00420,True,14.9528,11.7621,0.9888,12.7579,
1,282,Q6K00525,True,30.3064,11.0033,0.8853,11.8973,
1,283,Q6K00193,True,13.3137,10.5844,1.1129,11.7031,
1,284,Q6K00358,True,36.0223,13.956,1.1348,15.0998,
1,285,Q6K00225,True,27.4027,10.9001,0.9943,11.9022,
1,286,Q6K00393,True,31.2157,10.5193,0.8727,11.3989,
1,287,Q6K00223,True,32.6509,10.6642,1.0409,11.7123,
1,288,Q6K00295,True,31.1946,12.2082,1.0786,13.2953,
1,289,Q6K00274,True,30.4634,11.3108,1.1386,12.459,
1,290,Q6K00267,True,30.7408,11.2103,1.0752,12.2937,
1,291,Q6K00324,True,14.1995,10.8148,1.1092,11.9323,
1,292,Q6K00226,True,31.3214,10.5691,0.9755,11.5542,
1,293,Q6K00346,True,13.6637,10.7317,1.0171,11.7551,
1,294,Q6K00523,True,13.7811,10.8025,0.8774,11.686,
1,295,Q6K00235,True,35.6695,11.5894,0.98,12.5772,
1,296,Q6K00214,True,32.7522,12.8069,0.9425,13.7582,
1,297,Q6K00481,True,14.0824,11.0702,0.9729,12.0514,
1,298,Q6K00384,True,13.798,11.0924,0.9256,12.0248,
1,299,Q6K00298,True,33.2064,11.0314,1.0218,12.0609,
1,300,Q6K00374,True,13.7829,11.0591,1.0095,12.0752,
4,2,Q6K00326,True,25.132,18.2169,1.031,19.2561,
4,1,Q6K00211,True,27.3781,18.9517,1.0178,19.9779,
4,4,Q6K00183,True,29.2041,20.163,1.0962,21.2673,
4,3,Q6K00261,True,30.4441,21.8611,1.1412,23.0098,
4,5,Q6K00313,True,25.8646,15.2392,1.1911,16.4385,
4,7,Q6K00347,True,22.5993,15.2707,1.0332,16.3102,
4,6,Q6K00267,True,25.1643,17.63,1.0132,18.6488,
4,8,Q6K00342,True,45.2181,18.4283,1.0979,19.5336,
4,10,Q6K00323,True,26.2278,17.8004,0.9986,18.8062,
4,9,Q6K00474,True,27.8192,18.8614,1.0855,19.9532,
4,11,Q6K00398,True,27.1743,21.8797,1.092,22.9775,
4,13,Q6K00514,True,23.1413,16.5841,1.1383,17.7307,
4,14,Q6K00409,True,23.7857,17.7013,0.9714,18.679,
4,15,Q6K00516,True,23.3301,18.2541,0.8684,19.1274,
4,12,Q6K00216,True,46.7035,24.645,0.9772,25.6313,
4,17,Q6K00375,True,29.0253,21.4774,1.6469,23.1352,
4,16,Q6K00394,True,31.5646,25.6796,0.9614,26.6486,
4,18,Q6K00208,True,30.5061,24.8213,1.0375,25.8659,
4,19,Q6K00455,True,30.0837,25.493,1.7616,27.2658,
4,20,Q6K00274,True,25.2034,20.0782,0.983,21.067,
4,22,Q6K00254,True,24.8639,19.9471,0.9542,20.9072,
4,25,Q6K00185,True,17.6187,12.4448,1.2179,13.6749,
4,21,Q6K00412,True,44.7196,15.8256,1.108,16.9402,
4,24,Q6K00303,True,41.8614,19.8995,1.1372,21.0453,
4,23,Q6K00446,True,48.8068,22.1864,1.1037,23.297,
4,26,Q6K00471,True,28.9717,23.2827,0.9637,24.2524,
4,27,Q6K00216,True,38.5002,25.12,1.0217,26.1509,
4,28,Q6K00210,True,32.2785,25.7751,1.0943,26.8817,
4,29,Q6K00521,True,31.7467,24.3034,1.0112,25.3217,
4,30,Q6K00442,True,28.9235,24.9091,0.9671,25.8822,
4,31,Q6K00446,True,27.738,23.9416,1.1026,25.0515,
4,33,Q6K00502,True,22.3274,17.7151,0.8776,18.5994,
4,34,Q6K00533,True,22.3863,18.5746,0.9582,19.5395,
4,32,Q6K00262,True,42.9405,21.1359,1.0652,22.2081,
4,37,Q6K00493,True,26.6136,20.0951,1.1633,21.267,
4,36,Q6K00331,True,27.4544,22.6734,1.1589,23.8387,
4,35,Q6K00451,True,48.3277,23.7439,1.2072,24.9573,
4,38,Q6K00329,True,27.9523,24.0876,1.1183,25.2144,
4,39,Q6K00283,True,23.8819,19.5916,0.9942,20.5928,
4,40,Q6K00532,True,26.1086,22.3763,1.1239,23.5072,
4,42,Q6K00216,True,22.4034,19.4048,1.0055,20.418,
4,43,Q6K00538,True,23.3835,17.4283,1.3624,18.8127,
4,41,Q6K00228,True,41.8212,21.0315,0.968,22.0067,
4,44,Q6K00471,True,43.8247,20.1187,1.0474,21.1744,
4,46,Q6K00480,True,25.0728,21.7458,1.0375,22.789,
4,47,Q6K00481,True,24.4479,21.1019,1.0685,22.1767,
4,45,Q6K00319,True,43.9459,22.9301,1.0884,24.0261,
4,48,Q6K00374,True,26.0854,21.1673,1.0377,22.213,
4,49,Q6K00337,True,26.981,19.9894,1.2355,21.2323,
4,50,Q6K00256,True,25.4531,21.7346,1.1604,22.9006,
4,54,Q6K00366,True,16.0508,13.3838,0.9885,14.3815,
4,51,Q6K00472,True,35.637,13.6983,0.9537,14.6587,
4,52,Q6K00250,True,45.1682,16.4839,1.0475,17.5384,
4,56,Q6K00527,True,25.2627,18.2771,1.1961,19.4829,
4,53,Q6K00532,True,47.5068,21.4136,1.164,22.5858,
4,55,Q6K00522,True,48.2559,25.5571,1.3328,26.9071,
4,58,Q6K00504,True,23.8995,19.188,0.9633,20.1586,
4,57,Q6K00388,True,33.0817,23.1802,1.1768,24.3628,
4,59,Q6K00284,True,28.2195,23.4838,1.0492,24.5392,
4,61,Q6K00357,True,30.7607,20.2894,1.4115,21.7166,
4,62,Q6K00343,True,27.0572,20.6373,1.1066,21.7507,
4,63,Q6K00301,True,26.9914,21.4417,1.0471,22.4963,
4,60,Q6K00192,True,64.9923,43.8866,1.1486,45.0433,
4,64,Q6K00406,True,44.596,40.3112,1.1357,41.4544,
4,66,Q6K00318,True,47.7555,23.7047,1.0787,24.7915,
4,65,Q6K00498,True,49.7638,24.4045,1.1161,25.5286,
4,67,Q6K00425,True,28.5733,24.8805,1.1155,26.0037,
4,69,Q6K00435,True,23.3314,16.5335,0.9869,17.5271,
4,70,Q6K00350,True,24.3152,18.8111,0.9357,19.753,
4,68,Q6K00230,True,30.9552,22.4426,1.2531,23.7032,
4,71,Q6K00230,True,37.8249,16.3048,1.1132,17.4252,
4,73,Q6K00385,True,23.8527,16.6248,0.948,17.583,
4,72,Q6K00227,True,26.6501,18.6469,0.9388,19.5909,
4,74,Q6K00461,True,42.0423,24.9448,1.2036,26.1581,
4,75,Q6K00185,True,27.1796,21.4158,1.2344,22.6576,
4,76,Q6K00258,True,29.2508,22.8331,1.1843,24.0281,
4,77,Q6K00520,True,29.8908,24.1427,1.0418,25.1917,
4,81,Q6K00182,True,25.9299,19.1012,1.4254,20.5377,
4,79,Q6K00340,True,34.5912,23.8505,1.1177,24.9761,
4,80,Q6K00220,True,31.5499,24.1608,1.2508,25.4187,
4,78,Q6K00457,True,48.0345,26.3224,1.5503,27.8817,
4,82,Q6K00534,True,26.8598,19.0483,1.0782,20.1347,
4,85,Q6K00329,True,23.9802,19.5221,1.2309,20.7618,
4,84,Q6K00385,True,52.3787,23.3787,1.5978,24.9911,
4,83,Q6K00290,True,57.2352,28.1547,1.3077,29.4712,
4,87,Q6K00266,True,33.527,29.2177,1.2138,30.4401,
4,86,Q6K00281,True,48.5516,28.0602,1.4164,29.4841,
4,88,Q6K00346,True,30.1591,22.1139,1.2497,23.3727,
4,89,Q6K00355,True,41.9262,23.8129,1.3267,25.1489,
4,92,Q6K00314,True,31.1491,25.8084,1.2085,27.0257,
4,91,Q6K00278,True,46.0345,25.4936,1.1453,26.6503,
4,90,Q6K00435,True,54.0218,26.3587,1.2695,27.6359,
4,93,Q6K00231,True,31.2954,26.8917,1.1174,28.0173,
4,94,Q6K00458,True,34.1012,24.1089,1.0193,25.1403,
4,96,Q6K00279,True,32.9934,24.4864,1.2715,25.7689,
4,95,Q6K00501,True,35.2005,27.1297,1.3695,28.5219,
4,97,Q6K00487,True,31.7357,27.5123,1.2183,28.7405,
4,98,Q6K00452,True,34.2349,23.8339,1.3162,25.1578,
4,100,Q6K00181,True,32.6951,25.2776,1.3305,26.6194,
4,99,Q6K00255,True,34.8187,27.5269,1.3946,28.9383,
4,101,Q6K00245,True,31.838,27.7879,1.2255,29.0219,
4,103,Q6K00491,True,30.2408,23.5253,1.1467,24.681,
4,104,Q6K00537,True,30.0779,24.8762,1.3741,26.2622,
4,105,Q6K00410,True,30.7338,26.0165,1.1281,27.1527,
4,102,Q6K00423,True,41.8635,26.1248,1.1877,27.3233,
4,107,Q6K00294,True,27.7465,22.7833,1.6041,24.3957,
4,106,Q6K00373,True,37.6253,21.6942,1.3264,23.0284,
4,108,Q6K00416,True,29.4398,24.8418,1.1147,25.9646,
4,109,Q6K00398,True,50.5794,26.4927,1.317,27.8214,
4,110,Q6K00263,True,31.775,27.4245,1.132,28.5651,
4,112,Q6K00318,True,32.6232,25.5101,1.1851,26.7049,
4,111,Q6K00368,True,33.611,27.2505,1.2417,28.5035,
4,114,Q6K00196,True,26.755,19.9662,1.319,21.294,
4,113,Q6K00536,True,29.1726,23.1353,1.092,24.2347,
4,116,Q6K00465,True,24.972,21.6092,1.1222,22.7416,
4,115,Q6K00366,True,48.4834,23.5808,1.2813,24.8703,
4,117,Q6K00514,True,31.6706,23.6964,1.2077,24.9118,
4,119,Q6K00451,True,31.5819,27.241,1.3733,28.6264,
4,118,Q6K00203,True,49.0288,30.9192,1.3045,32.2353,
4,120,Q6K00264,True,32.8555,26.0769,1.5794,27.6652,
4,121,Q6K00189,True,35.6406,30.3918,1.1545,31.5544,
4,122,Q6K00441,True,31.9054,27.9094,1.2326,29.1511,
4,123,Q6K00189,True,32.1535,27.7399,1.1848,28.9332,
4,124,Q6K00278,True,31.0802,24.3671,1.5674,25.9429,
4,126,Q6K00245,True,31.0191,27.1731,1.2832,28.4659,
4,125,Q6K00237,True,43.4337,29.0511,1.2594,30.3191,
4,128,Q6K00426,True,33.3184,27.4099,1.2805,28.6993,
4,127,Q6K00515,True,47.2743,31.5794,1.0499,32.6375,
4,129,Q6K00295,True,33.2448,28.772,1.2677,30.047,
4,130,Q6K00468,True,31.8155,27.909,1.2046,29.1215,
4,131,Q6K00412,True,29.4756,22.262,1.3068,23.5772,
4,132,Q6K00356,True,29.9694,23.7445,1.1338,24.8855,
4,133,Q6K00378,True,30.3833,26.1279,1.3364,27.4761,
4,134,Q6K00276,True,43.0249,23.6845,1.2976,24.9902,
4,135,Q6K00346,True,30.4556,24.7911,1.2396,26.0383,
4,136,Q6K00399,True,32.9302,27.0815,1.1123,28.2013,
4,137,Q6K00444,True,32.1028,27.764,1.1933,28.9683,
4,138,Q6K00456,True,32.4201,23.9696,1.3016,25.2816,
4,140,Q6K00353,True,28.5951,24.9796,1.2144,26.2025,
4,141,Q6K00518,True,28.2886,23.5401,1.1278,24.6764,
4,139,Q6K00348,True,39.2566,23.6452,1.3103,24.9618,
4,145,Q6K00271,True,28.7399,22.324,1.2504,23.5835,
4,144,Q6K00440,True,33.2693,26.3805,1.1605,27.5486,
4,142,Q6K00383,True,44.1197,24.2935,1.0978,25.3983,
4,143,Q6K00208,True,41.0926,25.3074,1.2912,26.6072,
4,146,Q6K00181,True,34.2984,23.4349,1.2885,24.7329,
4,147,Q6K00236,True,34.5773,24.2661,1.2717,25.5477,
4,149,Q6K00345,True,34.7495,25.5148,1.1975,26.7235,
4,148,Q6K00251,True,35.2816,26.7268,1.1738,27.91,
4,150,Q6K00259,True,60.9377,50.4448,1.334,51.7876,
4,152,Q6K00324,True,62.6314,51.6054,2.0,53.6197,
4,151,Q6K00402,True,64.7132,55.2382,1.1436,56.3928,
4,153,Q6K00297,True,63.4063,56.6066,1.1368,57.7498,
4,154,Q6K00405,True,39.9825,23.6279,1.2502,24.8867,
4,155,Q6K00483,True,32.5875,22.8749,1.0534,23.9378,
4,156,Q6K00303,True,33.2626,24.0848,1.1815,25.2731,
4,157,Q6K00316,True,32.6584,25.7845,1.0858,26.8763,
4,158,Q6K00526,True,27.0925,20.9749,1.0377,22.0216,
4,160,Q6K00426,True,28.4744,20.4301,1.0684,21.5058,
4,161,Q6K00448,True,30.3495,22.892,0.9976,23.8996,
4,159,Q6K00531,True,32.1289,26.146,0.9627,27.1169,
4,164,Q6K00385,True,26.3156,16.5816,1.0448,17.6343,
4,162,Q6K00276,True,32.3205,20.7774,1.106,21.8915,
4,163,Q6K00243,True,29.9507,21.008,1.0215,22.0365,
4,165,Q6K00182,True,27.4288,21.0626,1.0507,22.12,
4,166,Q6K00436,True,20.7522,16.3301,0.9227,17.2594,
4,168,Q6K00353,True,23.4252,18.1243,1.0388,19.1742,
4,167,Q6K00476,True,25.083,18.9645,1.0442,20.0141,
4,169,Q6K00271,True,41.3257,23.4711,1.0319,24.5094,
4,170,Q6K00250,True,28.7817,21.1573,1.0222,22.1865,
4,171,Q6K00404,True,26.7246,20.7384,1.0636,21.8079,
4,172,Q6K00483,True,25.8231,21.1056,0.8688,21.9818,
4,173,Q6K00227,True,24.5197,21.1974,0.9357,22.1391,
4,174,Q6K00498,True,25.0263,18.0797,0.93,19.0161,
4,176,Q6K00308,True,24.1951,18.4034,1.0929,19.5021,
4,175,Q6K00435,True,25.5417,21.1886,0.9362,22.1304,
4,177,Q6K00402,True,23.4714,20.3862,0.9982,21.3915,
4,179,Q6K00205,True,22.2314,17.6918,1.0299,18.7285,
4,180,Q6K00250,True,22.829,18.7678,0.9472,19.7205,
4,181,Q6K00281,True,21.3655,17.823,1.2163,19.045,
4,178,Q6K00404,True,42.3526,16.4994,0.9576,17.4626,
4,183,Q6K00499,True,18.7782,15.9878,0.9649,16.958,
4,182,Q6K00423,True,32.157,16.1537,1.0706,17.2303,
4,185,Q6K00182,True,18.4097,14.4963,1.0071,15.5096,
4,184,Q6K00457,True,33.267,17.6946,1.1307,18.831,
4,188,Q6K00356,True,19.2208,16.6003,1.0347,17.6404,
4,186,Q6K00540,True,45.7737,18.6346,1.0576,19.6992,
4,187,Q6K00345,True,34.9422,21.2831,1.022,22.3322,
4,190,Q6K00477,True,25.8174,22.1124,1.0734,23.1935,
4,189,Q6K00454,True,37.5228,23.4898,1.1828,24.6815,
4,191,Q6K00249,True,25.1435,20.1125,1.0204,21.1388,
4,193,Q6K00501,True,26.1926,20.8129,0.9324,21.7529,
4,194,Q6K00290,True,26.1834,21.8551,1.0679,22.9293,
4,192,Q6K00219,True,47.5828,20.6815,0.951,21.6396,
4,195,Q6K00466,True,28.6518,24.7285,1.1346,25.8705,
4,196,Q6K00376,True,30.8456,24.3318,1.0742,25.4129,
4,197,Q6K00256,True,32.3463,24.2285,1.125,25.3609,
4,198,Q6K00398,True,29.4957,24.8037,1.254,26.0639,
4,199,Q6K00474,True,29.083,25.1371,0.9481,26.0918,
4,200,Q6K00461,True,27.019,19.0577,1.1512,20.2164,
4,202,Q6K00435,True,25.7686,20.5271,1.1536,21.6883,
4,203,Q6K00188,True,22.4729,18.7402,1.0061,19.7527,
4,201,Q6K00259,True,48.8292,19.1665,1.0894,20.2665,
4,206,Q6K00509,True,25.9942,18.1571,1.0318,19.1968,
4,205,Q6K00366,True,27.5529,20.2656,0.9543,21.2282,
4,204,Q6K00388,True,32.1321,23.3357,1.1042,24.447,
4,208,Q6K00494,True,23.9722,15.7326,0.9493,16.6886,
4,209,Q6K00295,True,24.8354,17.9992,1.093,19.0979,
4,207,Q6K00279,True,30.4736,21.4163,1.007,22.4302,
4,210,Q6K00372,True,26.8122,21.3476,0.9874,22.341,
4,211,Q6K00222,True,25.4009,17.2479,1.0382,18.2928,
4,212,Q6K00521,True,26.5628,17.5588,0.8786,18.4432,
4,213,Q6K00337,True,27.0926,18.4559,1.2921,19.7538,
4,214,Q6K00287,True,24.9235,19.3392,1.058,20.4033,
4,216,Q6K00337,True,18.9633,15.686,1.0934,16.7859,
4,218,Q6K00285,True,21.4037,16.7373,1.058,17.8011,
4,217,Q6K00522,True,22.2246,18.0518,0.8799,18.9379,
4,215,Q6K00496,True,37.8768,21.4819,0.938,22.4263,
4,219,Q6K00531,True,24.7498,18.022,0.8793,18.907,
4,221,Q6K00216,True,26.8139,21.6941,0.9318,22.6335,
4,220,Q6K00250,True,28.1182,24.0401,0.9747,25.0202,
4,222,Q6K00464,True,26.1497,22.7994,1.2171,24.0229,
4,223,Q6K00296,True,25.6023,21.9134,0.9656,22.8862,
4,224,Q6K00377,True,25.0422,21.2234,1.1938,22.4229,
4,225,Q6K00506,True,26.9724,22.9716,0.989,23.9665,
4,226,Q6K00445,True,25.3178,22.2401,0.8941,23.1398,
4,227,Q6K00469,True,25.1486,22.2256,0.9281,23.1601,
4,229,Q6K00262,True,23.2534,18.5716,1.0215,19.5985,
4,228,Q6K00354,True,26.8182,21.4595,1.031,22.496,
4,230,Q6K00426,True,22.9869,19.9978,0.9484,20.952,
4,233,Q6K00382,True,19.3416,16.3183,1.2122,17.5365,
4,231,Q6K00400,True,30.5809,18.5044,1.1286,19.6387,
4,234,Q6K00403,True,22.708,19.8521,1.0304,20.889,
4,232,Q6K00367,True,42.2447,20.1041,0.9465,21.0566,
4,235,Q6K00454,True,24.0255,20.8294,1.0794,21.9159,
4,236,Q6K00521,True,21.6019,19.085,0.9082,20.0001,
4,239,Q6K00336,True,18.5506,14.3115,1.0799,15.3994,
4,240,Q6K00433,True,19.1683,15.7197,1.1006,16.8277,
4,237,Q6K00339,True,38.839,18.8117,1.0134,19.8313,
4,242,Q6K00517,True,39.2902,34.3213,0.9047,35.2328,
4,241,Q6K00445,True,44.2862,37.7622,0.9267,38.6954,
4,238,Q6K00363,True,65.2763,37.1145,1.0033,38.1236,
4,243,Q6K00404,True,42.4148,39.2056,1.0799,40.2916,
4,244,Q6K00408,True,26.4559,18.6104,0.9835,19.5996,
4,245,Q6K00219,True,24.8756,18.9407,0.9617,19.9103,
4,246,Q6K00474,True,24.8859,19.8792,0.9374,20.8219,
4,247,Q6K00337,True,24.4576,21.8143,1.057,22.8776,
4,249,Q6K00427,True,22.747,16.3411,0.9907,17.3386,
4,248,Q6K00208,True,24.5337,18.6996,0.9865,19.6925,
4,250,Q6K00385,True,23.5436,18.8016,0.9289,19.7367,
4,252,Q6K00264,True,22.1383,17.0767,1.1833,18.2664,
4,253,Q6K00313,True,21.8764,17.7066,1.0806,18.7934,
4,254,Q6K00502,True,25.2528,19.6428,0.9039,20.5532,
4,251,Q6K00398,True,43.7527,19.8626,1.1025,20.9715,
4,255,Q6K00222,True,27.2615,18.0466,0.9552,19.0094,
4,256,Q6K00443,True,29.1639,18.9205,0.9451,19.8717,
4,257,Q6K00456,True,25.8036,18.9351,0.9067,19.847,
4,258,Q6K00427,True,25.5468,20.0517,1.1109,21.1695,
4,259,Q6K00476,True,25.6525,17.2396,1.052,18.2995,
4,260,Q6K00462,True,25.8872,16.9544,1.0279,17.9882,
4,262,Q6K00493,True,25.4508,19.4026,0.9971,20.4073,
4,261,Q6K00288,True,26.314,20.3826,1.1146,21.5035,
4,263,Q6K00360,True,24.5355,17.0498,0.9663,18.0225,
4,264,Q6K00303,True,25.5241,16.8038,1.0769,17.887,
4,265,Q6K00235,True,25.4879,19.491,0.9562,20.4534,
4,266,Q6K00289,True,25.531,20.5798,0.9602,21.5468,
4,268,Q6K00476,True,23.7089,16.3667,0.9732,17.3467,
4,267,Q6K00373,True,29.873,20.1636,1.0133,21.1835,
4,270,Q6K00539,True,25.8641,18.9402,0.9795,19.9247,
4,269,Q6K00430,True,27.04,22.0171,1.027,23.0508,
4,272,Q6K00247,True,22.795,15.6759,1.1582,16.8412,
4,271,Q6K00261,True,25.9921,18.7544,1.1088,19.869,
4,274,Q6K00495,True,26.2936,19.5515,1.0755,20.6341,
4,273,Q6K00251,True,27.7791,22.3015,1.037,23.3451,
4,276,Q6K00337,True,25.5554,16.4373,1.0702,17.5137,
4,278,Q6K00430,True,24.2746,17.3753,0.9986,18.3808,
4,275,Q6K00410,True,30.3017,21.298,0.9462,22.2513,
4,277,Q6K00319,True,26.1016,20.0786,0.9903,21.0748,
4,281,Q6K00371,True,14.971,12.3839,0.9568,13.3468,
4,279,Q6K00230,True,25.7383,13.5515,0.9458,14.5032,
4,283,Q6K00291,True,19.4163,16.3929,1.0157,17.416,
4,282,Q6K00184,True,44.0113,18.0912,1.0651,19.1633,
4,280,Q6K00309,True,45.8745,20.4279,1.1021,21.5359,
4,285,Q6K00367,True,21.507,18.599,0.9676,19.5736,
4,284,Q6K00225,True,37.6865,20.1828,0.9636,21.1527,
4,287,Q6K00205,True,18.8071,16.0415,0.9671,17.0143,
4,289,Q6K00474,True,16.9849,14.5778,0.9672,15.5505,
4,286,Q6K00436,True,44.9291,17.0876,0.9357,18.0291,
4,288,Q6K00206,True,35.2504,19.7087,0.9905,20.7058,
4,291,Q6K00466,True,22.9118,20.0022,0.9802,20.9883,
4,290,Q6K00241,True,42.7166,20.3925,0.9767,21.3764,
4,292,Q6K00436,True,21.964,17.8027,0.9087,18.717,
4,293,Q6K00234,True,21.9289,18.7929,1.0263,19.8247,
4,295,Q6K00200,True,22.2455,19.1512,0.9709,20.129,
4,296,Q6K00243,True,24.2609,18.7652,0.9492,19.7214,
4,294,Q6K00427,True,38.1522,18.2083,0.9641,19.1782,
4,297,Q6K00423,True,24.9609,21.2276,1.0006,22.2357,
4,298,Q6K00256,True,23.4579,20.1995,1.1529,21.3593,
4,300,Q6K00319,True,20.52,15.4453,1.0366,16.4888,
4,299,Q6K00334,True,22.9517,17.7034,1.1206,18.8302,
8,2,Q6K00326,True,40.1726,33.495,1.0527,34.5566,
8,5,Q6K00419,True,43.7358,31.7473,1.0123,32.766,
8,3,Q6K00287,True,49.8656,37.5951,1.1444,38.7473,
8,1,Q6K00502,True,50.4767,41.3229,0.9331,42.262,
8,6,Q6K00331,True,53.1792,37.8813,1.0583,38.9465,
8,4,Q6K00451,True,53.9478,43.4985,1.1494,44.6549,
8,7,Q6K00292,True,54.3151,42.4088,1.0488,43.4634,
8,8,Q6K00229,True,54.7663,43.0973,1.0457,44.1533,
8,9,Q6K00406,True,50.6422,32.5038,1.0369,33.5489,
8,12,Q6K00360,True,64.4837,50.2057,1.7119,51.9264,
8,15,Q6K00380,True,64.6281,48.4257,1.007,49.4386,
8,10,Q6K00486,True,75.9441,55.4391,0.9036,56.3484,
8,14,Q6K00233,True,69.3173,54.8,0.9738,55.7802,
8,13,Q6K00337,True,69.7733,57.3645,1.0182,58.3878,
8,16,Q6K00189,True,67.9139,57.7935,0.9221,58.7207,
8,11,Q6K00344,True,75.1065,62.1387,0.9639,63.1083,
8,17,Q6K00418,True,66.2328,31.6462,1.2779,32.9309,
8,18,Q6K00354,True,48.6102,35.0727,0.9928,36.0717,
8,20,Q6K00405,True,51.1705,37.4375,1.0234,38.4679,
8,22,Q6K00498,True,50.9495,37.0669,0.9425,38.0153,
8,19,Q6K00339,True,54.99,41.5208,1.0437,42.5702,
8,23,Q6K00445,True,51.2534,39.2168,0.9599,40.1825,
8,21,Q6K00260,True,52.3405,42.4159,0.9748,43.3967,
8,24,Q6K00507,True,65.371,46.0508,1.0342,47.0948,
8,25,Q6K00433,True,49.8359,44.8464,1.1207,45.9746,
8,26,Q6K00516,True,48.2264,43.8184,0.9744,44.7994,
8,27,Q6K00400,True,50.7158,38.9943,1.1644,40.1649,
8,28,Q6K00188,True,50.5976,39.8409,1.0166,40.8634,
8,31,Q6K00460,True,49.6135,40.2419,0.9574,41.2048,
8,29,Q6K00184,True,52.8894,42.6978,1.1115,43.816,
8,30,Q6K00412,True,54.0377,44.422,0.9649,45.3933,
8,32,Q6K00436,True,48.7474,43.9172,0.9819,44.905,
8,33,Q6K00289,True,48.0136,40.3289,0.9984,41.3331,
8,37,Q6K00349,True,45.4288,34.1142,1.5138,35.6358,
8,35,Q6K00534,True,51.3057,39.9439,0.9823,40.9329,
8,38,Q6K00267,True,50.6422,38.8136,1.164,39.9856,
8,36,Q6K00236,True,57.8514,42.3951,1.1431,43.546,
8,39,Q6K00208,True,54.1993,42.1535,1.1719,43.3313,
8,34,Q6K00409,True,74.0154,44.109,1.0777,45.1973,
8,40,Q6K00380,True,65.2727,51.0774,1.0523,52.1376,
8,41,Q6K00503,True,53.7146,48.8416,1.0344,49.8838,
8,42,Q6K00524,True,55.9052,38.2209,1.2135,39.4431,
8,43,Q6K00297,True,65.966,42.4267,1.4853,43.9245,
8,44,Q6K00185,True,61.1021,42.3327,1.2998,43.6451,
8,47,Q6K00437,True,58.3463,44.2988,1.2834,45.5898,
8,45,Q6K00252,True,61.1745,45.2137,1.2252,46.4462,
8,46,Q6K00259,True,62.7293,50.1068,1.1975,51.3106,
8,48,Q6K00492,True,56.1594,47.2234,1.0693,48.3005,
8,49,Q6K00527,True,78.2977,44.3289,1.1979,45.5359,
8,50,Q6K00462,True,67.0354,43.6306,1.1839,44.8219,
8,51,Q6K00474,True,59.5742,43.45,1.2441,44.702,
8,54,Q6K00316,True,64.323,46.2638,1.2735,47.5534,
8,52,Q6K00297,True,69.2518,49.026,1.0786,50.1141,
8,55,Q6K00257,True,63.0845,48.2237,1.2443,49.4779,
8,53,Q6K00394,True,66.5867,53.2733,0.9506,54.2301,
8,56,Q6K00233,True,57.2521,50.9755,1.175,52.1662,
8,58,Q6K00273,True,52.8862,38.9554,1.1835,40.1479,
8,59,Q6K00295,True,58.0872,41.5115,1.2295,42.7485,
8,57,Q6K00385,True,71.3523,43.2401,0.9485,44.2011,
8,61,Q6K00314,True,57.7617,39.1328,1.1347,40.2744,
8,60,Q6K00297,True,61.2713,42.6095,1.0286,43.6445,
8,62,Q6K00435,True,61.0603,42.171,1.0926,43.2698,
8,63,Q6K00400,True,59.8812,42.6981,1.1373,43.8416,
8,64,Q6K00439,True,53.7102,43.9234,1.0596,44.9898,
8,65,Q6K00214,True,69.9838,34.447,1.0958,35.5554,
8,66,Q6K00436,True,60.1225,38.991,1.0919,40.0904,
8,67,Q6K00524,True,60.1417,42.2247,1.3471,43.5842,
8,70,Q6K00360,True,57.224,40.8017,1.1196,41.9297,
8,68,Q6K00439,True,60.9496,45.9382,1.005,46.9497,
8,72,Q6K00407,True,57.9461,45.0583,1.0894,46.1538,
8,71,Q6K00414,True,59.4989,47.3327,1.0415,48.381,
8,69,Q6K00219,True,60.0669,48.3533,0.9472,49.3078,
8,73,Q6K00423,True,54.9608,36.9943,1.2982,38.3135,
8,74,Q6K00411,True,57.6708,38.5259,1.2527,39.7868,
8,75,Q6K00351,True,61.2911,40.4685,1.0113,41.4872,
8,78,Q6K00287,True,57.1346,37.816,1.1865,39.0096,
8,80,Q6K00433,True,56.9176,38.8903,1.3126,40.2093,
8,76,Q6K00334,True,61.9311,45.2175,1.1064,46.3316,
8,77,Q6K00357,True,61.9672,47.9512,1.0962,49.0536,
8,79,Q6K00305,True,59.9671,47.7739,1.0389,48.818,
8,81,Q6K00227,True,56.2782,37.4552,1.2528,38.7202,
8,85,Q6K00254,True,49.4008,35.3384,1.2608,36.6121,
8,88,Q6K00368,True,51.6369,37.4623,1.2078,38.6864,
8,84,Q6K00515,True,54.8823,41.0274,1.0094,42.0433,
8,82,Q6K00497,True,71.1124,46.5693,1.0043,47.5828,
8,83,Q6K00425,True,66.5634,46.8244,1.0051,47.8361,
8,87,Q6K00290,True,58.9451,45.7404,1.1441,46.8911,
8,86,Q6K00510,True,59.4114,48.0952,1.0719,49.1745,
8,89,Q6K00188,True,82.4477,57.3538,1.1951,58.5578,
8,90,Q6K00356,True,75.8876,57.9294,1.0746,59.0109,
8,94,Q6K00349,True,76.9023,59.1893,1.189,60.3879,
8,93,Q6K00320,True,78.5744,59.2801,1.178,60.4689,
8,96,Q6K00246,True,76.776,62.2051,1.0045,63.216,
8,92,Q6K00203,True,84.1627,66.2324,1.1306,67.3689,
8,95,Q6K00370,True,77.5482,66.7201,0.9382,67.6636,
8,91,Q6K00320,True,84.731,67.0868,0.967,68.0595,
8,97,Q6K00426,True,52.576,33.9631,1.0854,35.0567,
8,98,Q6K00366,True,56.4204,37.2805,1.2425,38.5364,
8,102,Q6K00316,True,52.1212,36.1859,1.0777,37.2703,
8,103,Q6K00322,True,54.3604,37.2226,1.0374,38.2667,
8,104,Q6K00266,True,54.4868,38.3545,0.9726,39.3325,
8,99,Q6K00388,True,57.535,45.1426,1.0349,46.1827,
8,101,Q6K00255,True,55.4047,41.5999,0.9407,42.546,
8,100,Q6K00382,True,56.5464,45.8059,1.0303,46.8445,
8,105,Q6K00182,True,62.3758,33.9919,1.1745,35.1757,
8,107,Q6K00217,True,51.3415,37.2909,1.1001,38.4005,
8,106,Q6K00384,True,60.9959,40.9757,0.972,41.9552,
8,112,Q6K00268,True,50.2858,36.0272,1.0685,37.1021,
8,108,Q6K00271,True,57.4914,43.9892,1.4391,45.4502,
8,111,Q6K00296,True,57.1361,43.2078,1.0954,44.3161,
8,110,Q6K00379,True,58.4452,46.1452,1.1036,47.2562,
8,109,Q6K00193,True,58.9283,49.057,1.0717,50.1345,
8,113,Q6K00368,True,52.4314,35.1399,1.4041,36.5531,
8,120,Q6K00429,True,52.274,37.6861,1.1902,38.8845,
8,115,Q6K00333,True,62.668,43.4751,1.1323,44.6148,
8,116,Q6K00405,True,64.329,43.5505,1.0592,44.616,
8,119,Q6K00309,True,56.746,41.9579,1.1484,43.1117,
8,114,Q6K00359,True,66.8792,48.4168,1.0512,49.4744,
8,117,Q6K00369,True,59.5727,48.8892,1.1547,50.0514,
8,118,Q6K00535,True,69.24,42.8298,1.0139,43.85,
8,121,Q6K00312,True,52.422,46.3292,1.1515,47.4888,
8,125,Q6K00478,True,44.1628,34.9911,1.1296,36.1279,
8,127,Q6K00298,True,48.9978,35.8906,1.083,36.9799,
8,122,Q6K00233,True,58.759,42.6191,1.1096,43.7352,
8,124,Q6K00348,True,54.8953,41.5383,1.194,42.7376,
8,123,Q6K00231,True,59.737,45.5135,1.0785,46.5976,
8,126,Q6K00271,True,56.0567,44.6628,1.0156,45.6853,
8,128,Q6K00323,True,49.5119,43.8143,1.0053,44.8254,
8,129,Q6K00530,True,46.5139,41.3876,1.0856,42.4811,
8,131,Q6K00259,True,50.1833,36.0434,1.1543,37.2051,
8,130,Q6K00251,True,57.4442,34.7308,1.0807,35.8192,
8,134,Q6K00259,True,49.9271,35.6547,1.063,36.7234,
8,136,Q6K00197,True,49.4736,36.9989,1.1791,38.1844,
8,132,Q6K00287,True,56.3442,43.5588,1.0697,44.6348,
8,135,Q6K00425,True,55.1352,41.487,0.9498,42.4425,
8,133,Q6K00245,True,58.4598,46.2416,1.0002,47.2473,
8,137,Q6K00277,True,46.4388,40.8958,1.1811,42.084,
8,139,Q6K00477,True,49.2638,33.2945,1.0753,34.3776,
8,143,Q6K00369,True,44.9957,32.0014,1.0351,33.0429,
8,138,Q6K00289,True,58.88,38.5856,1.0187,39.6118,
8,141,Q6K00375,True,49.414,35.4058,1.2065,36.6193,
8,142,Q6K00242,True,48.9075,37.0139,1.1861,38.2059,
8,140,Q6K00383,True,55.2182,43.2738,0.9247,44.2039,
8,145,Q6K00216,True,45.4123,41.2189,1.0716,42.2988,
8,144,Q6K00490,True,69.5161,43.7354,1.1621,44.9045,
8,147,Q6K00236,True,49.7141,37.1261,1.0524,38.1869,
8,148,Q6K00299,True,51.8919,37.3015,0.9654,38.2742,
8,150,Q6K00512,True,51.814,38.1492,1.0299,39.1846,
8,146,Q6K00520,True,63.2744,44.4693,0.8835,45.3581,
8,151,Q6K00381,True,54.7819,43.384,0.971,44.3604,
8,149,Q6K00455,True,56.4958,42.5629,0.8924,43.4602,
8,152,Q6K00277,True,44.0758,38.9125,1.166,40.0855,
8,153,Q6K00298,True,43.7463,39.4091,1.1258,40.5412,
8,154,Q6K00184,True,53.5856,35.7033,1.0804,36.7907,
8,160,Q6K00357,True,44.5102,32.8238,1.0338,33.8638,
8,158,Q6K00228,True,47.6115,34.9783,1.0013,35.9862,
8,155,Q6K00203,True,55.1496,40.2877,1.1705,41.4653,
8,156,Q6K00365,True,55.1735,43.4102,1.0999,44.5166,
8,161,Q6K00364,True,48.3819,36.6742,1.0478,37.7309,
8,159,Q6K00262,True,59.6148,39.6621,1.077,40.7449,
8,157,Q6K00520,True,64.1072,41.7572,1.0979,42.8611,
8,162,Q6K00481,True,78.1303,62.3919,1.0822,63.4848,
8,163,Q6K00386,True,81.8512,64.2374,1.109,65.354,
8,164,Q6K00506,True,84.7446,65.3965,0.9618,66.3652,
8,168,Q6K00406,True,79.2175,63.1925,1.1062,64.3051,
8,166,Q6K00201,True,88.5247,67.4067,1.0936,68.5084,
8,165,Q6K00347,True,89.844,70.7905,1.1988,71.9956,
8,167,Q6K00540,True,82.1427,72.2915,1.0914,73.3889,
8,169,Q6K00398,True,86.508,72.1482,1.3525,73.5082,
8,170,Q6K00324,True,46.7518,30.7106,1.5168,32.237,
8,173,Q6K00447,True,39.4873,31.9551,1.1363,33.099,
8,175,Q6K00372,True,45.903,37.5105,1.2151,38.7339,
8,172,Q6K00476,True,54.2599,40.3922,1.0924,41.4917,
8,174,Q6K00276,True,55.9976,41.5163,1.1048,42.6294,
8,171,Q6K00329,True,72.9918,43.1583,1.3223,44.4883,
8,176,Q6K00487,True,78.4403,46.5153,1.3866,47.9127,
8,178,Q6K00282,True,56.4789,48.282,1.3133,49.6031,
8,177,Q6K00359,True,78.5594,52.9865,1.0817,54.0753,
8,179,Q6K00540,True,64.1895,45.7909,1.1464,46.9456,
8,180,Q6K00274,True,56.4828,48.6044,1.0729,49.6844,
8,181,Q6K00464,True,59.9561,52.4378,1.2949,53.7394,
8,183,Q6K00276,True,58.0374,49.217,1.0388,50.2631,
8,182,Q6K00295,True,63.6515,51.5481,1.1373,52.6933,
8,186,Q6K00499,True,53.4472,45.9343,1.1293,47.0722,
8,185,Q6K00513,True,58.4862,49.8047,1.3149,51.1277,
8,188,Q6K00475,True,55.4213,43.291,1.27,44.5684,
8,184,Q6K00438,True,86.0634,53.8176,1.0434,54.8698,
8,189,Q6K00459,True,65.4893,55.1407,1.3254,56.4738,
8,187,Q6K00350,True,69.665,55.4851,1.1159,56.6098,
8,190,Q6K00270,True,59.8852,50.3247,1.1895,51.5208,
8,191,Q6K00453,True,64.8468,56.4646,1.1498,57.6216,
8,192,Q6K00422,True,59.2314,45.4907,1.1482,46.6475,
8,193,Q6K00456,True,58.2044,50.4417,1.0757,51.5259,
8,194,Q6K00346,True,56.8939,48.7204,1.1764,49.9118,
8,195,Q6K00381,True,56.0948,43.5771,1.0749,44.6592,
8,196,Q6K00213,True,58.1963,42.9709,1.2902,44.2688,
8,199,Q6K00418,True,53.8152,48.411,1.0703,49.4887,
8,197,Q6K00406,True,80.6239,47.7094,1.1245,48.842,
8,198,Q6K00461,True,82.4613,54.0159,1.2005,55.224,
8,201,Q6K00472,True,64.6302,57.7735,1.1294,58.9107,
8,200,Q6K00388,True,74.3792,54.0106,1.1148,55.1324,
8,202,Q6K00260,True,70.2738,50.8516,1.0905,51.9502,
8,204,Q6K00437,True,61.6647,53.5559,1.3988,54.9623,
8,205,Q6K00317,True,63.7687,57.9837,1.1483,59.1407,
8,203,Q6K00483,True,81.4717,53.6921,1.002,54.7027,
8,206,Q6K00500,True,63.5054,58.1811,1.3115,59.5098,
8,208,Q6K00327,True,58.7244,53.2895,1.2516,54.548,
8,209,Q6K00225,True,56.5422,47.1853,1.0298,48.222,
8,207,Q6K00250,True,70.7242,50.6459,0.9759,51.6279,
8,210,Q6K00221,True,56.8347,52.0864,1.0774,53.1703,
8,212,Q6K00463,True,51.0789,44.3755,1.1337,45.5161,
8,211,Q6K00351,True,64.3211,44.5901,1.1324,45.7296,
8,214,Q6K00500,True,52.671,48.3031,1.144,49.4543,
8,213,Q6K00463,True,71.9572,46.9784,1.286,48.2702,
8,216,Q6K00526,True,50.2372,43.819,0.9886,44.8147,
8,217,Q6K00296,True,53.777,47.498,1.0073,48.5119,
8,215,Q6K00467,True,64.4105,48.3308,1.0802,49.4174,
8,218,Q6K00186,True,51.4192,46.7893,1.0648,47.8619,
8,219,Q6K00396,True,55.1261,45.8282,1.1457,46.9837,
8,220,Q6K00299,True,53.1332,46.3608,1.1643,47.5343,
8,221,Q6K00405,True,54.0636,48.642,1.0981,49.7483,
8,222,Q6K00476,True,52.4799,48.5646,1.0765,49.6486,
8,226,Q6K00454,True,50.1562,43.2207,1.1939,44.4226,
8,225,Q6K00220,True,56.4437,47.9297,1.1443,49.0818,
8,223,Q6K00492,True,71.0333,44.6018,1.09,45.6993,
8,224,Q6K00247,True,66.7628,47.2699,1.1069,48.3832,
8,228,Q6K00418,True,50.3767,44.3301,1.2672,45.6056,
8,230,Q6K00185,True,55.8671,47.3641,1.5346,48.915,
8,229,Q6K00531,True,70.6339,60.3203,1.6511,61.9898,
8,227,Q6K00330,True,96.5928,68.4956,2.7191,71.2318,
8,233,Q6K00424,True,85.7343,80.0991,1.3856,81.4942,
8,232,Q6K00427,True,102.0546,74.9471,2.1906,77.1644,
8,235,Q6K00246,True,94.7854,82.4207,2.334,84.7688,
8,231,Q6K00417,True,121.7689,93.1774,1.3517,94.5551,
8,234,Q6K00197,True,124.6492,87.281,2.3148,89.6098,
8,237,Q6K00239,True,97.1221,87.862,1.8725,89.7516,
8,236,Q6K00472,True,114.1855,97.3532,2.6447,100.0156,
8,238,Q6K00511,True,111.2409,83.6814,1.3072,84.9996,
8,240,Q6K00355,True,96.4855,78.1256,1.7512,79.8903,
8,239,Q6K00332,True,109.527,74.7637,1.5022,76.2777,
8,241,Q6K00356,True,92.9845,75.0878,1.3123,76.4122,
8,242,Q6K00508,True,87.6157,78.7756,1.1994,79.9912,
8,243,Q6K00428,True,86.0918,76.0693,1.2442,77.3251,
8,244,Q6K00296,True,79.4001,68.4855,1.173,69.6675,
8,245,Q6K00465,True,92.5486,65.3953,1.6082,67.0133,
8,246,Q6K00420,True,81.3982,71.7765,1.548,73.3386,
8,249,Q6K00288,True,114.1544,99.0175,1.3062,100.3317,
8,248,Q6K00261,True,121.9133,103.7773,1.354,105.1397,
8,247,Q6K00391,True,127.613,109.5777,1.3307,110.9243,
8,250,Q6K00405,True,119.655,103.8273,1.4927,105.3341,
8,251,Q6K00224,True,127.1213,104.5204,1.095,105.6249,
8,252,Q6K00368,True,140.3324,106.8392,1.4778,108.3319,
8,254,Q6K00414,True,120.4275,109.8899,1.5671,111.4705,
8,253,Q6K00287,True,131.8079,65.8399,1.3444,67.1925,
8,256,Q6K00370,True,76.4594,59.5426,1.2296,60.7811,
8,255,Q6K00516,True,87.2387,63.9689,1.0919,65.07,
8,257,Q6K00498,True,77.2255,64.4984,1.2539,65.7659,
8,258,Q6K00373,True,90.5874,60.7969,1.8208,62.6453,
8,259,Q6K00416,True,79.7623,70.8136,1.1965,72.0192,
8,261,Q6K00416,True,74.2008,63.3751,1.2112,64.5959,
8,262,Q6K00284,True,72.4725,63.3998,1.2376,64.6444,
8,260,Q6K00539,True,91.9315,63.3778,1.2102,64.5977,
8,265,Q6K00489,True,68.372,54.4608,1.7787,56.2685,
8,264,Q6K00537,True,71.1962,56.3776,1.6395,58.0356,
8,263,Q6K00320,True,74.5796,60.5546,1.2011,61.7644,
8,266,Q6K00297,True,70.6717,60.7205,1.1963,61.9253,
8,267,Q6K00367,True,68.3221,60.836,1.1495,61.9937,
8,270,Q6K00356,True,62.3,57.0431,1.6134,58.6739,
8,269,Q6K00388,True,82.6023,50.5178,1.2758,51.8015,
8,268,Q6K00466,True,92.8473,57.2078,1.4639,58.6816,
8,273,Q6K00379,True,66.0265,55.9485,1.1438,57.1007,
8,271,Q6K00336,True,76.9751,59.0551,1.1442,60.2069,
8,272,Q6K00323,True,74.9078,60.7064,1.1615,61.8753,
8,275,Q6K00360,True,65.0003,56.5161,1.1454,57.6701,
8,274,Q6K00470,True,86.3104,57.2179,1.3213,58.5492,
8,276,Q6K00220,True,64.16,58.0937,1.2171,59.3207,
8,277,Q6K00429,True,63.9472,52.9219,1.1512,54.0822,
8,278,Q6K00233,True,67.1417,49.8498,1.4309,51.2914,
8,279,Q6K00423,True,66.5824,48.6412,1.126,49.7753,
8,280,Q6K00504,True,69.8374,53.1155,1.1199,54.2447,
8,281,Q6K00517,True,70.9458,57.0985,1.1858,58.3018,
8,283,Q6K00328,True,63.4626,53.8256,1.2678,55.1022,
8,282,Q6K00430,True,82.395,58.9607,1.1226,60.0914,
8,284,Q6K00429,True,63.2341,55.7574,1.1438,56.9079,
8,285,Q6K00271,True,72.6594,52.6807,1.5628,54.2585,
8,286,Q6K00219,True,63.4269,53.4328,1.0359,54.4787,
8,287,Q6K00493,True,65.8902,58.3105,1.0208,59.3421,
8,289,Q6K00182,True,60.1235,50.1359,1.0854,51.2279,
8,288,Q6K00200,True,63.2359,54.0806,1.0538,55.1414,
8,291,Q6K00429,True,59.8064,47.1469,1.1884,48.3427,
8,290,Q6K00181,True,68.7862,51.4635,1.1052,52.5813,
8,293,Q6K00532,True,56.3791,41.5001,1.1395,42.6492,
8,292,Q6K00298,True,80.5281,48.0188,1.1044,49.1298,
8,294,Q6K00236,True,66.0376,45.0636,1.2247,46.3049,
8,295,Q6K00202,True,62.1873,43.8812,1.1712,45.0588,
8,297,Q6K00250,True,55.4378,47.4959,1.1587,48.662,
8,296,Q6K00204,True,58.9326,49.9115,1.0771,50.9968,
8,299,Q6K00378,True,41.9222,36.905,1.3859,38.3058,
8,298,Q6K00324,True,51.1185,33.8874,1.1666,35.0645,
8,300,Q6K00256,True,32.005,16.8164,0.9888,17.8109,
16,2,Q6K00272,True,67.421,60.1343,1.2312,61.3734,
16,1,Q6K00394,True,76.5065,65.9774,1.0497,67.0343,
16,4,Q6K00445,True,81.5926,62.6949,0.984,63.6856,
16,3,Q6K00253,True,103.5363,72.746,1.333,74.0852,
16,6,Q6K00425,True,104.8159,69.427,1.0414,70.4749,
16,9,Q6K00499,True,110.595,65.4409,1.218,66.6679,
16,5,Q6K00326,True,116.5932,77.4272,1.1304,78.5654,
16,8,Q6K00318,True,118.2377,84.8184,1.9276,86.7755,
16,7,Q6K00192,True,121.0032,89.0709,1.1909,90.2702,
16,10,Q6K00478,True,136.8217,86.9758,2.4113,89.3995,
16,11,Q6K00531,True,145.7309,91.4539,1.2742,92.7402,
16,12,Q6K00232,True,145.8092,89.5557,1.319,90.8839,
16,14,Q6K00216,True,145.3147,88.0233,2.6022,90.6578,
16,13,Q6K00336,True,147.8261,95.4331,1.5412,96.9923,
16,15,Q6K00399,True,147.3583,98.0429,2.2945,100.3528,
16,16,Q6K00406,True,154.565,110.0344,1.1669,111.2122,
16,18,Q6K00274,True,131.5339,68.6842,1.2304,69.9243,
16,17,Q6K00348,True,152.4667,75.8644,2.297,78.196,
16,19,Q6K00533,True,152.2034,89.8058,1.0355,90.8494,
16,20,Q6K00334,True,149.1339,94.2107,1.3166,95.5405,
16,21,Q6K00383,True,157.028,97.8491,1.5201,99.3853,
16,23,Q6K00511,True,191.2683,102.3844,1.2816,103.6753,
16,24,Q6K00366,True,188.5563,102.7804,1.2032,103.9943,
16,22,Q6K00525,True,198.5542,110.5812,1.3378,111.9381,
16,25,Q6K00226,True,204.5072,138.2468,1.1267,139.3819,
16,29,Q6K00262,True,179.3011,130.8061,1.3109,132.124,
16,31,Q6K00320,True,182.5262,131.1148,1.0231,132.1452,
16,26,Q6K00393,True,195.0811,144.7244,1.7354,146.4716,
16,32,Q6K00189,True,175.5447,137.4543,1.0413,138.5027,
16,27,Q6K00371,True,186.6134,144.4293,0.9468,145.3824,
16,30,Q6K00376,True,187.075,140.0765,1.0621,141.1458,
16,28,Q6K00242,True,189.7478,145.8033,1.2499,147.0605,
16,34,Q6K00404,True,124.1816,108.054,1.0968,109.1587,
16,33,Q6K00390,True,144.633,117.5939,1.1243,118.725,
16,35,Q6K00286,True,121.2535,104.2084,1.154,105.369,
16,36,Q6K00196,True,117.8884,94.2828,1.2723,95.5635,
16,37,Q6K00361,True,119.4712,54.2043,1.0283,55.2401,
16,38,Q6K00286,True,102.3177,65.0505,1.1516,66.2096,
16,39,Q6K00404,True,114.0887,66.7248,1.109,67.8428,
16,40,Q6K00496,True,120.3096,71.4848,1.0654,72.5585,
16,41,Q6K00487,True,105.06,70.6048,1.231,71.8427,
16,42,Q6K00358,True,119.5922,76.4712,1.1478,77.6264,
16,43,Q6K00461,True,114.31,77.3599,1.0407,78.4111,
16,45,Q6K00240,True,126.3055,78.6117,1.168,79.7861,
16,44,Q6K00460,True,126.9343,82.8788,1.0518,83.9366,
16,50,Q6K00196,True,120.8475,71.0229,1.3511,72.3811,
16,48,Q6K00508,True,135.0858,81.2144,0.9878,82.2088,
16,46,Q6K00281,True,140.6208,87.8008,1.1043,88.9111,
16,52,Q6K00223,True,105.5302,74.7749,1.0648,75.8462,
16,49,Q6K00315,True,133.1075,83.2015,1.11,84.3179,
16,47,Q6K00202,True,141.6031,93.5441,1.0897,94.6404,
16,51,Q6K00330,True,127.2052,88.6596,1.0021,89.6673,
16,53,Q6K00417,True,107.2207,66.9685,1.0081,67.9826,
16,54,Q6K00462,True,95.4431,61.3913,1.1982,62.5992,
16,55,Q6K00414,True,106.5699,62.7411,1.0729,63.8217,
16,56,Q6K00489,True,105.6185,65.5879,1.0674,66.6632,
16,57,Q6K00255,True,118.7798,73.4257,0.9917,74.4241,
16,58,Q6K00326,True,110.4174,74.0117,1.042,75.0615,
16,60,Q6K00475,True,109.3496,72.6267,1.1847,73.8217,
16,59,Q6K00200,True,122.1075,77.558,1.0739,78.6443,
16,62,Q6K00207,True,117.7225,86.3686,1.104,87.4808,
16,61,Q6K00477,True,129.7898,90.683,1.0506,91.7416,
16,63,Q6K00390,True,119.584,88.9147,1.3531,90.2747,
16,64,Q6K00189,True,126.1343,90.1091,1.0804,91.1959,
16,66,Q6K00449,True,131.235,88.5717,1.1877,89.7682,
16,67,Q6K00189,True,132.9205,87.6312,1.1349,88.7721,
16,68,Q6K00473,True,131.1032,90.9961,1.2135,92.2156,
16,65,Q6K00338,True,140.7723,95.1835,1.1074,96.2982,
16,69,Q6K00473,True,128.1063,96.6552,1.1986,97.8597,
16,70,Q6K00496,True,117.4233,102.35,1.0736,103.4315,
16,72,Q6K00442,True,91.4203,76.9042,0.9927,77.903,
16,71,Q6K00293,True,106.4882,87.2792,1.0814,88.3665,
16,73,Q6K00476,True,92.0612,66.7615,1.0168,67.7851,
16,74,Q6K00264,True,96.5841,72.9374,1.2315,74.1761,
16,76,Q6K00539,True,98.4178,67.8902,1.0578,68.9549,
16,75,Q6K00233,True,103.5736,65.2062,1.0457,66.2589,
16,78,Q6K00442,True,107.5579,71.0119,1.0437,72.0631,
16,77,Q6K00441,True,116.182,78.5305,1.1979,79.7364,
16,79,Q6K00400,True,121.3606,80.1739,1.3182,81.4988,
16,81,Q6K00433,True,115.2215,79.0997,1.2698,80.3763,
16,80,Q6K00490,True,127.634,86.02,1.0967,87.1249,
16,82,Q6K00356,True,120.849,85.473,1.0697,86.5492,
16,85,Q6K00349,True,136.9077,84.6609,1.1426,85.8117,
16,89,Q6K00533,True,111.5309,79.0315,1.0402,80.0783,
16,83,Q6K00272,True,141.9042,96.7649,1.1421,97.9142,
16,87,Q6K00330,True,129.8407,86.4354,1.0332,87.4745,
16,84,Q6K00265,True,143.9365,97.9579,1.0363,99.0007,
16,86,Q6K00516,True,138.2202,93.4215,0.9397,94.3668,
16,90,Q6K00245,True,107.4391,88.0127,1.1677,89.1867,
16,88,Q6K00341,True,132.7376,99.5929,0.9908,100.5914,
16,92,Q6K00468,True,100.5592,82.3822,1.0704,83.46,
16,91,Q6K00251,True,107.916,87.422,1.0681,88.4975,
16,93,Q6K00277,True,95.0857,69.4229,1.2179,70.6482,
16,94,Q6K00283,True,90.8665,67.9277,1.0246,68.9589,
16,95,Q6K00530,True,102.3674,57.779,1.1136,58.8995,
16,97,Q6K00473,True,100.3751,58.7612,1.1493,59.9175,
16,96,Q6K00362,True,107.7889,68.0031,1.1036,69.1183,
16,98,Q6K00443,True,110.7036,72.9813,1.2707,74.2595,
16,99,Q6K00450,True,101.6471,75.2606,1.1358,76.4029,
16,100,Q6K00186,True,112.2195,78.3403,1.1395,79.4866,
16,101,Q6K00338,True,116.6094,83.7544,1.1089,84.8697,
16,102,Q6K00437,True,127.5853,83.5509,1.1473,84.7055,
16,103,Q6K00512,True,125.6535,77.4639,1.0689,78.5408,
16,104,Q6K00279,True,127.9507,81.2474,1.0476,82.3011,
16,105,Q6K00348,True,140.1323,89.2433,1.6591,90.909,
16,106,Q6K00308,True,134.4808,87.3583,1.2567,88.6217,
16,110,Q6K00229,True,113.0223,86.3141,1.1298,87.4518,
16,107,Q6K00234,True,138.2169,91.6348,1.131,92.7735,
16,108,Q6K00257,True,136.0356,92.1334,1.0838,93.2238,
16,109,Q6K00322,True,126.2816,91.5207,1.0546,92.5814,
16,111,Q6K00425,True,109.3243,80.2149,1.064,81.2854,
16,112,Q6K00529,True,97.8939,71.5239,1.2915,72.8218,
16,114,Q6K00299,True,87.3778,72.4464,0.9596,73.413,
16,113,Q6K00193,True,115.9512,69.6799,1.1657,70.8518,
16,115,Q6K00338,True,92.9743,68.9643,1.0719,70.0474,
16,116,Q6K00498,True,123.5857,84.3013,1.1706,85.4801,
16,117,Q6K00223,True,129.9598,93.6724,1.4015,95.0875,
16,119,Q6K00345,True,140.7934,102.4087,1.2991,103.7186,
16,118,Q6K00394,True,146.0119,101.2701,1.1184,102.3966,
16,120,Q6K00273,True,151.4983,101.7527,1.083,102.8421,
16,121,Q6K00351,True,143.7666,102.3054,1.1495,103.4616,
16,122,Q6K00448,True,153.0486,111.796,1.1333,112.9367,
16,126,Q6K00454,True,149.2818,109.1371,1.3843,110.5289,
16,124,Q6K00229,True,161.9228,117.7522,1.1268,118.8876,
16,123,Q6K00233,True,177.5643,118.3908,1.1537,119.5514,
16,125,Q6K00237,True,179.9889,122.6366,1.1723,123.8148,
16,129,Q6K00490,True,166.1594,95.0655,1.2105,96.2899,
16,128,Q6K00237,True,170.4573,121.7093,1.2132,122.9303,
16,130,Q6K00487,True,154.3997,95.0165,1.1551,96.1792,
16,127,Q6K00326,True,175.6581,127.5345,1.1222,128.6635,
16,131,Q6K00351,True,160.9683,107.3543,1.6937,109.0581,
16,132,Q6K00421,True,122.4528,99.1257,1.2212,100.3577,
16,133,Q6K00511,True,110.8853,89.0642,1.3861,90.4617,
16,134,Q6K00385,True,117.9672,74.5634,1.1173,75.6899,
16,135,Q6K00227,True,124.3124,81.6327,1.1912,82.832,
16,137,Q6K00210,True,118.5359,70.3572,1.2179,71.5915,
16,136,Q6K00182,True,126.3321,76.4394,1.1595,77.6058,
16,138,Q6K00220,True,125.9162,73.3391,1.0683,74.4152,
16,139,Q6K00184,True,135.933,86.8877,1.2629,88.1585,
16,142,Q6K00288,True,130.4516,90.2049,1.321,91.5354,
16,140,Q6K00527,True,161.4572,101.811,1.4059,103.2274,
16,141,Q6K00302,True,148.5694,99.3703,1.2105,100.5881,
16,144,Q6K00307,True,143.2069,95.0118,1.2095,96.228,
16,143,Q6K00212,True,148.8361,94.1453,1.1258,95.2788,
16,145,Q6K00331,True,145.6864,94.3129,1.1921,95.5128,
16,146,Q6K00224,True,158.5622,98.7469,1.1086,99.8647,
16,149,Q6K00512,True,156.6257,92.288,1.4156,93.7166,
16,147,Q6K00365,True,160.595,106.0978,1.2301,107.3439,
16,148,Q6K00450,True,158.2061,100.9522,1.0466,102.0057,
16,150,Q6K00377,True,128.6042,91.3204,1.1691,92.4967,
16,151,Q6K00450,True,122.7337,89.9084,1.0844,91.0001,
16,153,Q6K00332,True,119.8268,92.1976,1.1488,93.3536,
16,152,Q6K00446,True,122.5831,84.9708,1.0475,86.0248,
16,154,Q6K00338,True,106.8773,86.1431,1.1413,87.2912,
16,155,Q6K00313,True,92.6818,77.1451,1.3121,78.4665,
16,156,Q6K00539,True,108.4765,68.3283,1.1721,69.5091,
16,157,Q6K00281,True,120.1786,70.2237,1.4956,71.7359,
16,159,Q6K00437,True,124.7788,78.3064,1.21,79.5243,
16,158,Q6K00513,True,129.282,78.3568,1.1363,79.5014,
16,160,Q6K00449,True,126.2887,80.2436,1.0617,81.3114,
16,161,Q6K00184,True,133.9699,83.0067,1.1954,84.2095,
16,163,Q6K00368,True,123.7901,83.5493,1.1766,84.7337,
16,162,Q6K00487,True,149.5136,95.6983,1.0897,96.7954,
16,165,Q6K00359,True,139.586,88.9103,1.1079,90.0246,
16,169,Q6K00451,True,129.2301,85.8755,1.1278,87.01,
16,164,Q6K00315,True,146.9911,98.2905,1.027,99.3244,
16,167,Q6K00235,True,139.0827,88.1754,1.4022,89.5848,
16,166,Q6K00271,True,146.7466,98.0775,1.121,99.2062,
16,170,Q6K00463,True,132.1452,93.5127,1.147,94.6673,
16,171,Q6K00272,True,123.1192,94.9676,1.1726,96.1461,
16,168,Q6K00406,True,134.9696,100.1196,1.1066,101.2321,
16,172,Q6K00352,True,98.4091,83.5136,1.1499,84.6718,
16,173,Q6K00193,True,90.6551,63.8261,1.1551,64.991,
16,174,Q6K00432,True,93.8449,62.8266,1.0323,63.8657,
16,175,Q6K00341,True,103.5264,57.6548,1.094,58.7552,
16,176,Q6K00187,True,106.1163,61.0871,1.0551,62.1504,
16,177,Q6K00387,True,115.7364,70.1198,1.0531,71.1804,
16,178,Q6K00407,True,114.2191,74.0954,1.3931,75.5033,
16,179,Q6K00458,True,111.4496,80.9392,1.0499,81.9955,
16,180,Q6K00505,True,113.4555,81.7095,1.1064,82.8242,
16,182,Q6K00298,True,122.6625,84.3688,1.9436,86.3244,
16,181,Q6K00327,True,123.5855,89.8274,0.9678,90.8024,
16,184,Q6K00382,True,130.037,87.7947,1.0691,88.8712,
16,186,Q6K00290,True,141.7337,87.1636,1.0506,88.2206,
16,187,Q6K00231,True,140.8297,85.7865,1.0911,86.8837,
16,183,Q6K00221,True,145.2196,101.0897,1.2693,102.3652,
16,189,Q6K00255,True,121.9019,89.0605,1.1067,90.1738,
16,185,Q6K00227,True,150.9221,100.6435,1.2002,101.8531,
16,188,Q6K00352,True,143.0201,100.5777,1.0416,101.6264,
16,190,Q6K00206,True,116.9714,91.4595,1.053,92.5205,
16,191,Q6K00227,True,125.327,90.1061,1.0774,91.19,
16,192,Q6K00454,True,116.5994,91.1538,1.0836,92.2504,
16,193,Q6K00442,True,105.988,80.8428,0.9724,81.8218,
16,194,Q6K00282,True,109.683,67.595,1.085,68.6869,
16,196,Q6K00362,True,106.9294,74.5417,1.7675,76.3202,
16,195,Q6K00540,True,120.2333,79.1593,1.8042,80.9761,
16,197,Q6K00493,True,142.2851,105.626,1.0905,106.7251,
16,198,Q6K00335,True,156.8825,115.1241,1.1981,116.3293,
16,199,Q6K00319,True,156.3039,116.6452,1.1307,117.7824,
16,200,Q6K00297,True,156.9316,112.7483,1.0579,113.8126,
16,201,Q6K00227,True,157.2967,113.0076,1.0647,114.0787,
16,202,Q6K00532,True,162.7446,114.5278,1.1747,115.7109,
16,203,Q6K00405,True,162.4289,114.0881,1.1734,115.2688,
16,204,Q6K00463,True,171.2544,116.3836,1.112,117.5021,
16,207,Q6K00244,True,155.2213,111.1987,1.2633,112.4691,
16,208,Q6K00465,True,163.5116,117.7756,1.3638,119.1473,
16,209,Q6K00286,True,161.0751,115.6383,1.14,116.785,
16,206,Q6K00357,True,188.4699,129.2675,1.2656,130.5419,
16,210,Q6K00302,True,148.9466,116.6622,1.2006,117.8704,
16,205,Q6K00525,True,197.1182,137.6671,1.2259,138.9014,
16,211,Q6K00213,True,146.3381,117.8013,1.1267,118.9358,
16,212,Q6K00203,True,138.8811,95.1495,1.1992,96.3575,
16,213,Q6K00394,True,104.2144,86.834,1.2048,88.0489,
16,214,Q6K00409,True,107.0312,71.8467,1.0786,72.9332,
16,216,Q6K00488,True,103.2364,67.5092,1.4025,68.9318,
16,217,Q6K00399,True,122.9698,76.7064,1.378,78.1016,
16,215,Q6K00194,True,137.0872,84.0454,1.18,85.2335,
16,218,Q6K00445,True,127.1918,79.4118,0.9884,80.4071,
16,219,Q6K00425,True,131.8519,85.3388,1.1008,86.4473,
16,221,Q6K00297,True,132.3894,88.6977,1.0028,89.7084,
16,220,Q6K00370,True,143.2236,96.0244,1.0101,97.0461,
16,227,Q6K00504,True,133.3095,79.5696,1.2506,80.828,
16,223,Q6K00509,True,147.1339,87.7235,0.9814,88.7119,
16,222,Q6K00240,True,157.9936,104.0126,1.1381,105.1572,
16,224,Q6K00259,True,154.1643,99.5084,1.4874,101.0042,
16,226,Q6K00387,True,149.2254,95.3111,1.095,96.4138,
16,225,Q6K00317,True,153.5151,100.9184,1.2917,102.2202,
16,228,Q6K00379,True,139.3124,97.3692,1.0264,98.4013,
16,230,Q6K00348,True,116.2652,97.4521,1.2257,98.6842,
16,229,Q6K00423,True,134.7182,100.8315,1.1429,101.9821,
16,231,Q6K00252,True,106.7659,93.6077,1.1247,94.7388,
16,232,Q6K00321,True,104.0174,74.3221,1.178,75.5103,
16,234,Q6K00260,True,95.5489,71.81,1.0469,72.864,
16,235,Q6K00192,True,91.1843,70.8669,1.0563,71.9297,
16,233,Q6K00216,True,110.7113,80.6605,0.9937,81.6621,
16,236,Q6K00387,True,106.4224,64.8313,1.2613,66.1027,
16,237,Q6K00499,True,112.7587,66.7653,1.1266,67.8999,
16,238,Q6K00449,True,107.3686,80.9009,1.1041,82.0125,
16,239,Q6K00263,True,114.6486,82.8094,1.1129,83.9357,
16,243,Q6K00340,True,115.2435,69.9211,1.1266,71.055,
16,240,Q6K00295,True,120.452,83.2715,1.1061,84.384,
16,242,Q6K00540,True,131.1211,81.8964,1.0879,82.9903,
16,244,Q6K00485,True,132.5166,78.6291,1.088,79.7254,
16,241,Q6K00231,True,135.2761,94.7888,1.1323,95.9282,
16,245,Q6K00275,True,144.953,85.2573,1.0929,86.3578,
16,246,Q6K00185,True,145.5489,84.7546,1.1892,85.9507,
16,248,Q6K00181,True,120.0199,81.1505,1.2245,82.3826,
16,251,Q6K00181,True,118.3198,88.0253,1.0698,89.1014,
16,247,Q6K00348,True,145.101,95.2608,1.2215,96.4894,
16,249,Q6K00281,True,126.2542,92.3931,1.1839,93.5829,
16,250,Q6K00266,True,121.1482,93.053,1.1576,94.2177,
16,253,Q6K00506,True,89.1329,70.7301,1.0819,71.8204,
16,252,Q6K00524,True,105.3165,80.3719,1.195,81.5798,
16,254,Q6K00463,True,99.2478,60.5803,1.1913,61.7795,
16,255,Q6K00292,True,108.1788,63.3397,1.1601,64.509,
16,256,Q6K00269,True,118.0107,72.03,1.3078,73.3454,
16,257,Q6K00473,True,121.6425,75.147,1.3186,76.4784,
16,258,Q6K00222,True,119.2794,81.9026,1.0815,82.9924,
16,259,Q6K00417,True,119.5051,82.3011,1.1904,83.4994,
16,261,Q6K00420,True,118.8113,88.874,0.9848,89.8652,
16,262,Q6K00467,True,130.1125,97.0593,1.9505,99.0221,
16,260,Q6K00540,True,150.6738,105.7841,1.0798,106.88,
16,269,Q6K00432,True,118.85,91.6418,1.2033,92.8536,
16,263,Q6K00328,True,146.5356,104.4708,1.2956,105.7734,
16,264,Q6K00390,True,150.8133,104.4366,1.2585,105.7017,
16,268,Q6K00317,True,137.5458,102.0422,1.0718,103.1211,
16,265,Q6K00437,True,157.0753,109.7158,1.2693,110.9926,
16,266,Q6K00315,True,157.2168,106.8797,1.0225,107.9079,
16,267,Q6K00274,True,159.0579,111.8968,1.0986,113.0015,
16,270,Q6K00461,True,128.5388,95.6862,1.187,96.8835,
16,271,Q6K00218,True,115.1143,97.3718,1.2499,98.6303,
16,275,Q6K00475,True,99.4553,72.8777,1.5022,74.3905,
16,272,Q6K00259,True,126.1581,89.246,1.3112,90.5654,
16,273,Q6K00386,True,120.9509,87.6039,1.1488,88.7597,
16,274,Q6K00426,True,110.5375,83.9146,1.0513,84.9727,
16,276,Q6K00371,True,105.1273,88.3656,1.1093,89.4825,
16,278,Q6K00484,True,126.3432,70.9946,20.1684,91.1722,
16,277,Q6K00387,True,147.7245,103.2719,1.0785,104.358,
16,280,Q6K00386,True,141.5829,102.788,1.0966,103.8915,
16,281,Q6K00492,True,144.5054,106.3114,1.1585,107.4786,
16,284,Q6K00519,True,142.3733,93.2767,1.0384,94.3231,
16,282,Q6K00330,True,149.363,108.6361,1.1761,109.824,
16,279,Q6K00440,True,171.0636,116.6645,1.1344,117.8058,
16,283,Q6K00456,True,153.7217,109.0326,1.0095,110.0474,
16,285,Q6K00503,True,162.3316,108.4297,1.1391,109.5766,
16,286,Q6K00318,True,150.9464,103.6179,1.2256,104.853,
16,287,Q6K00317,True,155.4532,107.6247,1.0477,108.6787,
16,289,Q6K00456,True,127.1994,98.4378,1.0667,99.5105,
16,290,Q6K00418,True,133.2807,101.7072,1.0586,102.7723,
16,288,Q6K00404,True,148.1504,112.4262,1.0536,113.4876,
16,292,Q6K00272,True,130.3714,110.6228,1.1645,111.7932,
16,291,Q6K00197,True,140.0156,106.7378,1.2475,107.9912,
16,294,Q6K00393,True,84.5138,74.1647,1.1799,75.3576,
16,293,Q6K00427,True,98.8452,80.8034,1.1758,81.986,
16,295,Q6K00227,True,84.1187,60.3515,1.1702,61.529,
16,296,Q6K00409,True,78.3833,43.8393,1.0718,44.9179,
16,297,Q6K00228,True,75.3862,43.174,1.1429,44.3233,
16,299,Q6K00205,True,71.1934,36.341,1.0341,37.3824,
16,298,Q6K00419,True,80.8346,41.3307,0.974,42.31,
16,300,Q6K00390,True,70.6917,35.6357,1.214,36.8552,
32,3,Q6K00340,True,101.4972,70.1236,1.1334,71.2654,
32,7,Q6K00351,True,130.515,78.0059,1.2081,79.2213,
32,2,Q6K00282,True,132.1544,94.9431,1.2258,96.1754,
32,4,Q6K00330,True,131.9715,90.7421,1.0901,91.8447,
32,5,Q6K00301,True,148.6619,100.4903,1.223,101.7208,
32,6,Q6K00537,True,148.8731,98.2157,1.0945,99.3164,
32,8,Q6K00494,True,166.0387,103.0193,1.0708,104.1009,
32,11,Q6K00438,True,168.0257,100.9528,1.1552,102.1163,
32,9,Q6K00525,True,169.005,112.0025,1.1212,113.1323,
32,10,Q6K00264,True,168.9118,106.9714,1.2786,108.2566,
32,12,Q6K00461,True,168.7131,105.2808,1.0172,106.3038,
32,13,Q6K00532,True,175.5346,107.8536,1.0808,108.9412,
32,1,Q6K00342,True,182.7802,113.4361,1.1669,114.6103,
32,14,Q6K00310,True,179.6682,112.992,1.0682,114.066,
32,16,Q6K00277,True,190.5138,112.4818,1.3794,113.8692,
32,15,Q6K00358,True,191.295,119.4334,1.4552,120.8961,
32,18,Q6K00376,True,191.2138,107.9535,1.065,109.0254,
32,17,Q6K00286,True,192.0028,114.9047,1.0577,115.9681,
32,19,Q6K00397,True,198.0565,112.9675,1.0385,114.0138,
32,21,Q6K00364,True,203.9812,110.1371,1.0745,111.2185,
32,20,Q6K00412,True,206.319,121.1799,1.1124,122.2997,
32,22,Q6K00516,True,205.8559,109.0902,1.7538,110.8556,
32,23,Q6K00347,True,210.7974,105.0653,1.1107,106.183,
32,24,Q6K00366,True,210.7233,97.0546,0.9488,98.0093,
32,25,Q6K00441,True,216.4648,93.1816,1.067,94.2573,
32,26,Q6K00291,True,219.0423,76.469,1.1902,77.6679,
32,27,Q6K00468,True,224.9471,70.7816,1.1853,71.9736,
32,28,Q6K00439,True,231.0018,61.9318,1.0016,62.9405,
32,29,Q6K00206,True,248.1964,65.4563,1.0325,66.4965,
32,30,Q6K00210,True,259.0301,61.3314,1.1137,62.4522,
32,31,Q6K00437,True,270.7402,61.9343,1.1036,63.0447,
32,32,Q6K00429,True,276.0126,62.3434,1.1135,63.465,
32,33,Q6K00529,True,211.7429,74.9046,1.0031,75.9148,
32,34,Q6K00370,True,181.9996,69.9417,1.0575,71.006,
32,37,Q6K00245,True,186.4659,73.3891,1.0629,74.4589,
32,35,Q6K00281,True,203.9816,84.3527,1.2011,85.5591,
32,36,Q6K00515,True,222.953,89.6534,1.0569,90.7184,
32,38,Q6K00463,True,206.4332,89.6583,1.2652,90.9304,
32,39,Q6K00292,True,189.0163,88.2176,1.1848,89.4158,
32,41,Q6K00196,True,201.0946,94.6761,1.4185,96.1023,
32,42,Q6K00505,True,201.1544,92.172,0.9407,93.1188,
32,40,Q6K00459,True,203.3864,104.2709,1.1053,105.3837,
32,43,Q6K00245,True,214.1631,96.8683,1.0528,97.9283,
32,45,Q6K00297,True,226.8108,98.5477,1.1874,99.7439,
32,47,Q6K00477,True,216.1542,89.7307,1.1026,90.8401,
32,44,Q6K00181,True,233.8582,109.566,1.1471,110.7303,
32,46,Q6K00401,True,230.6888,99.8511,1.1462,101.0041,
32,48,Q6K00435,True,229.6601,99.0153,1.0781,100.1005,
32,50,Q6K00419,True,228.2908,91.6945,1.0235,92.724,
32,49,Q6K00457,True,233.331,106.0483,1.4001,107.4554,
32,52,Q6K00455,True,219.794,88.1847,1.0841,89.276,
32,51,Q6K00186,True,229.5828,95.9129,1.1608,97.0804,
32,53,Q6K00322,True,232.3223,85.5902,1.25,86.8497,
32,54,Q6K00396,True,234.4837,86.967,1.067,88.0419,
32,56,Q6K00480,True,240.4428,76.7981,1.134,77.9399,
32,55,Q6K00285,True,241.1895,86.7584,1.1105,87.8759,
32,57,Q6K00295,True,247.5116,80.1901,1.2579,81.4558,
32,59,Q6K00232,True,253.658,70.7496,1.2453,72.0034,
32,58,Q6K00342,True,260.3646,81.3568,1.2189,82.5843,
32,60,Q6K00321,True,281.3127,66.4269,1.1754,67.6104,
32,61,Q6K00217,True,269.3247,91.1918,1.0495,92.2511,
32,63,Q6K00525,True,268.967,96.3045,1.0758,97.3882,
32,62,Q6K00313,True,296.8228,112.1198,1.1781,113.3054,
32,64,Q6K00419,True,279.6371,101.2871,1.3736,102.6682,
32,65,Q6K00312,True,266.485,107.9893,1.2248,109.2239,
32,66,Q6K00311,True,267.3256,107.8325,1.095,108.9344,
32,68,Q6K00199,True,258.4718,106.559,1.2313,107.8057,
32,69,Q6K00399,True,240.894,103.2894,1.1963,104.4927,
32,67,Q6K00265,True,268.267,123.6383,1.0467,124.6913,
32,70,Q6K00278,True,255.7156,111.2192,1.092,112.3177,
32,71,Q6K00346,True,262.0276,89.0901,1.0577,90.1544,
32,72,Q6K00480,True,257.5475,89.8092,1.1682,90.9843,
32,73,Q6K00521,True,260.1004,87.336,0.9693,88.3121,
32,74,Q6K00358,True,272.1769,94.9284,1.0996,96.0346,
32,75,Q6K00536,True,264.4358,94.25,1.1304,95.3872,
32,77,Q6K00535,True,244.411,81.304,1.0568,82.3661,
32,76,Q6K00279,True,245.9253,93.7047,1.0233,94.7337,
32,79,Q6K00232,True,255.2473,78.3115,1.0296,79.3475,
32,78,Q6K00224,True,256.877,90.6869,1.0192,91.7132,
32,80,Q6K00261,True,245.6508,79.0048,1.1657,80.1768,
32,82,Q6K00294,True,252.8827,74.672,1.1344,75.8129,
32,81,Q6K00384,True,257.9849,85.3385,1.2125,86.5572,
32,84,Q6K00315,True,262.8386,71.8146,1.0298,72.8518,
32,83,Q6K00328,True,266.7479,79.7406,1.091,80.8391,
32,86,Q6K00533,True,259.0992,70.7616,0.9659,71.7334,
32,85,Q6K00414,True,262.5398,79.1272,1.0106,80.144,
32,87,Q6K00537,True,282.2756,80.9295,1.5868,82.5246,
32,88,Q6K00206,True,291.7406,76.4245,1.3536,77.7897,
32,89,Q6K00261,True,288.8299,86.1879,1.9703,88.183,
32,90,Q6K00471,True,289.815,95.1945,1.3964,96.6005,
32,91,Q6K00246,True,296.3173,101.4792,1.3639,102.8549,
32,92,Q6K00325,True,291.5709,113.7677,1.1664,114.9414,
32,93,Q6K00384,True,298.5392,116.8438,1.4422,118.3003,
32,95,Q6K00459,True,276.8244,111.891,1.2937,113.1948,
32,94,Q6K00281,True,296.0502,124.4728,1.3938,125.8757,
32,96,Q6K00476,True,305.4468,130.614,2.2075,132.8365,
32,97,Q6K00503,True,305.3498,148.4884,1.2768,149.7743,
32,98,Q6K00364,True,314.096,151.5489,1.9005,153.4656,
32,100,Q6K00261,True,306.1399,143.0346,2.0301,145.0799,
32,99,Q6K00492,True,313.702,158.8348,1.9411,160.8033,
32,101,Q6K00309,True,306.134,139.1317,1.216,140.3554,
32,102,Q6K00379,True,323.307,151.8439,1.887,153.746,
32,105,Q6K00265,True,309.6557,132.1599,2.1143,134.2922,
32,103,Q6K00334,True,336.908,155.8462,1.2853,157.1377,
32,104,Q6K00205,True,329.5764,157.0219,1.261,158.2956,
32,106,Q6K00248,True,320.7379,146.1645,1.2334,147.4056,
32,107,Q6K00239,True,319.2083,143.0726,1.1127,144.1929,
32,109,Q6K00382,True,319.5284,129.2079,1.3714,130.5973,
32,108,Q6K00484,True,320.0133,144.7646,1.3322,146.1132,
32,110,Q6K00480,True,316.4791,133.4031,1.4118,134.8309,
32,111,Q6K00469,True,317.0888,117.654,1.0923,118.7551,
32,112,Q6K00370,True,331.8188,120.1202,1.1647,121.2968,
32,113,Q6K00288,True,327.9025,112.666,1.2524,113.9259,
32,114,Q6K00385,True,329.513,103.488,1.0909,104.5866,
32,115,Q6K00232,True,317.0993,91.1972,1.3038,92.5089,
32,117,Q6K00445,True,324.9235,85.1532,1.1117,86.2722,
32,116,Q6K00352,True,337.5168,95.5038,1.3645,96.8803,
32,118,Q6K00267,True,336.0617,88.4926,1.472,89.9818,
32,119,Q6K00201,True,305.8388,79.861,1.0453,80.9145,
32,120,Q6K00517,True,302.1486,82.3718,1.1191,83.4994,
32,121,Q6K00337,True,314.669,83.2883,1.3418,84.6376,
32,122,Q6K00346,True,298.77,78.9251,1.1412,80.0748,
32,123,Q6K00274,True,303.7,80.829,1.1455,81.9824,
32,124,Q6K00478,True,277.1773,77.0588,1.2036,78.2704,
32,125,Q6K00537,True,283.8056,90.0491,1.1827,91.2403,
32,126,Q6K00355,True,278.765,83.8234,1.1748,85.0062,
32,127,Q6K00336,True,275.8465,79.8374,1.1901,81.0334,
32,128,Q6K00526,True,265.1826,81.2815,1.0031,82.2919,
32,129,Q6K00509,True,254.4085,81.3132,1.034,82.3551,
32,130,Q6K00196,True,251.8807,80.5005,1.2837,81.7909,
32,132,Q6K00283,True,249.0648,79.6053,1.486,81.0975,
32,131,Q6K00301,True,259.7324,88.7702,1.2653,90.0427,
32,133,Q6K00205,True,266.3481,87.9359,1.1919,89.1356,
32,135,Q6K00273,True,234.8467,76.2499,1.0963,77.3529,
32,134,Q6K00530,True,241.6914,89.5586,1.2738,90.839,
32,136,Q6K00329,True,236.469,86.6852,1.114,87.8066,
32,137,Q6K00265,True,233.3292,86.377,1.0872,87.4712,
32,139,Q6K00202,True,233.3668,79.4876,1.0902,80.5843,
32,138,Q6K00212,True,235.9653,88.3211,1.0761,89.4034,
32,140,Q6K00334,True,234.5721,79.5033,1.2031,80.7139,
32,141,Q6K00436,True,246.4267,80.1486,1.0823,81.2378,
32,142,Q6K00482,True,238.1937,78.3897,1.0474,79.4446,
32,143,Q6K00272,True,274.5851,77.5514,1.1763,78.735,
32,144,Q6K00455,True,264.4319,72.1434,1.1201,73.2709,
32,145,Q6K00398,True,269.7435,100.4529,1.245,101.7063,
32,146,Q6K00380,True,268.1827,99.9324,1.0708,101.0101,
32,148,Q6K00487,True,258.7739,94.2833,1.0492,95.3411,
32,147,Q6K00325,True,296.303,112.0386,1.254,113.3007,
32,149,Q6K00418,True,285.6049,108.7883,1.124,109.9192,
32,150,Q6K00353,True,285.5616,107.0392,1.1464,108.1947,
32,151,Q6K00231,True,283.227,102.6005,1.1048,103.7134,
32,152,Q6K00326,True,281.3755,99.0498,0.9824,100.0386,
32,153,Q6K00298,True,267.7775,102.6377,1.3099,103.9556,
32,154,Q6K00284,True,282.3354,112.4078,1.4719,113.8873,
32,156,Q6K00508,True,278.0934,84.2889,1.1146,85.4117,
32,155,Q6K00436,True,284.7657,119.7583,1.1224,120.8888,
32,157,Q6K00234,True,275.6351,88.3599,1.2517,89.6196,
32,158,Q6K00275,True,278.499,95.4464,1.1974,96.6513,
32,159,Q6K00379,True,278.6642,94.1288,1.0813,95.2167,
32,160,Q6K00270,True,263.9756,91.7165,1.1737,92.8965,
32,161,Q6K00200,True,260.5894,88.5025,1.0422,89.5524,
32,162,Q6K00414,True,267.0192,92.1593,1.1218,93.2897,
32,163,Q6K00413,True,261.8813,90.9929,1.0362,92.0362,
32,164,Q6K00237,True,264.3105,90.9658,1.1008,92.0735,
32,165,Q6K00504,True,250.1463,87.7812,1.0643,88.8526,
32,166,Q6K00519,True,261.1374,89.3126,1.1197,90.4417,
32,167,Q6K00464,True,261.1181,85.2656,1.3165,86.5887,
32,168,Q6K00524,True,259.6292,89.8767,0.9882,90.8717,
32,169,Q6K00317,True,266.5222,88.4896,1.0956,89.5923,
32,170,Q6K00332,True,268.0955,89.6645,1.0545,90.7282,
32,171,Q6K00190,True,268.7442,83.7578,1.1794,84.9457,
32,172,Q6K00455,True,268.8929,78.0334,1.0774,79.1176,
32,173,Q6K00302,True,264.4738,75.0519,1.1839,76.2432,
32,174,Q6K00404,True,275.9866,81.1188,1.0526,82.1793,
32,175,Q6K00490,True,250.8053,80.9824,1.077,82.0667,
32,176,Q6K00417,True,246.502,81.5477,1.0709,82.6258,
32,177,Q6K00486,True,251.1787,80.6249,1.0508,81.6835,
32,179,Q6K00467,True,255.0885,76.1767,1.127,77.3107,
32,178,Q6K00213,True,264.5974,84.8029,1.1187,85.9279,
32,180,Q6K00382,True,239.9919,81.5396,1.0727,82.621,
32,181,Q6K00527,True,239.4841,81.8778,1.0811,82.9665,
32,182,Q6K00450,True,232.2933,77.7462,1.5137,79.2673,
32,183,Q6K00360,True,231.5221,73.6445,1.151,74.8029,
32,184,Q6K00319,True,231.4192,74.2736,1.1725,75.4531,
32,185,Q6K00475,True,229.3644,74.248,1.3532,75.6086,
32,186,Q6K00313,True,219.1159,76.8715,1.107,77.9849,
32,187,Q6K00260,True,221.4914,80.2066,1.1377,81.3511,
32,188,Q6K00425,True,223.7096,76.5439,1.0469,77.5977,
32,189,Q6K00351,True,220.5273,78.2176,1.0385,79.2622,
32,190,Q6K00296,True,207.0556,74.522,1.0659,75.5954,
32,191,Q6K00424,True,216.9502,75.0801,1.081,76.1691,
32,193,Q6K00204,True,223.2775,77.3534,1.1849,78.5488,
32,194,Q6K00529,True,221.4207,67.1901,1.1372,68.3358,
32,192,Q6K00418,True,235.9817,75.3868,1.0122,76.4068,
32,195,Q6K00316,True,226.7612,72.5695,1.0659,73.6432,
32,196,Q6K00261,True,220.5508,67.0212,1.2541,68.2827,
32,197,Q6K00235,True,239.6608,78.6777,1.0586,79.7438,
32,199,Q6K00513,True,243.4693,75.2013,1.0878,76.2966,
32,198,Q6K00433,True,245.001,82.7259,1.0324,83.7634,
32,200,Q6K00417,True,237.3757,81.0387,1.1738,82.2202,
32,201,Q6K00287,True,235.7909,76.399,1.1189,77.5253,
32,202,Q6K00509,True,243.7263,87.3303,1.2238,88.568,
32,203,Q6K00478,True,246.4625,85.2108,1.0755,86.293,
32,204,Q6K00403,True,248.8152,85.6521,1.2387,86.8984,
32,205,Q6K00370,True,244.5289,87.006,1.029,88.0419,
32,206,Q6K00228,True,241.7997,90.0853,1.209,91.3014,
32,207,Q6K00356,True,237.6104,88.1023,1.402,89.5183,
32,208,Q6K00274,True,253.5927,100.1941,1.158,101.3599,
32,209,Q6K00242,True,235.5484,96.4339,1.232,97.6724,
32,211,Q6K00529,True,229.3945,92.8617,1.0237,93.8926,
32,210,Q6K00397,True,237.9001,108.894,1.1219,110.0238,
32,212,Q6K00449,True,248.579,102.2157,1.1246,103.3472,
32,213,Q6K00229,True,239.4533,99.0389,1.2403,100.2887,
32,214,Q6K00202,True,247.6016,96.553,1.1874,97.7485,
32,216,Q6K00435,True,266.4384,103.1347,1.1627,104.3052,
32,217,Q6K00498,True,260.1679,100.2579,1.0953,101.3608,
32,218,Q6K00235,True,256.8607,90.8477,1.1987,92.0521,
32,215,Q6K00208,True,272.6846,115.7301,1.0546,116.7917,
32,219,Q6K00309,True,251.2247,93.9033,1.1513,95.0607,
32,221,Q6K00332,True,245.235,94.2478,1.1211,95.3765,
32,220,Q6K00215,True,258.9961,102.2466,1.2747,103.5287,
32,222,Q6K00499,True,255.3898,93.4676,1.2669,94.7412,
32,224,Q6K00436,True,244.3528,86.7375,0.9588,87.7031,
32,223,Q6K00218,True,254.4683,95.524,1.1252,96.6565,
32,225,Q6K00378,True,237.939,84.6251,1.2088,85.8425,
32,226,Q6K00220,True,238.6571,81.2878,1.1672,82.4619,
32,227,Q6K00348,True,238.5977,83.7837,1.256,85.0466,
32,228,Q6K00194,True,249.1559,80.4591,1.1753,81.6433,
32,229,Q6K00245,True,246.4256,80.765,1.3089,82.0833,
32,230,Q6K00248,True,232.3721,77.5737,1.2654,78.8498,
32,231,Q6K00392,True,277.0193,76.6435,1.4008,78.0571,
32,232,Q6K00374,True,285.3915,116.9103,1.105,118.0229,
32,233,Q6K00462,True,294.9244,117.4282,2.0344,119.4842,
32,234,Q6K00210,True,282.3745,115.5815,1.0187,116.611,
32,236,Q6K00525,True,291.5616,124.775,1.0665,125.8505,
32,235,Q6K00283,True,304.6605,131.4698,1.0576,132.5337,
32,237,Q6K00321,True,305.5128,133.3988,1.1305,134.5382,
32,238,Q6K00251,True,304.5685,132.6251,1.2082,133.8412,
32,239,Q6K00210,True,296.9253,127.9675,0.9795,128.954,
32,240,Q6K00285,True,301.0541,133.0955,1.0202,134.1224,
32,242,Q6K00222,True,295.8994,122.8417,1.1524,124.0023,
32,241,Q6K00296,True,303.8694,132.8507,0.9963,133.8537,
32,243,Q6K00445,True,294.0171,126.7976,1.1562,127.9609,
32,244,Q6K00387,True,287.2868,100.1608,1.0753,101.2429,
32,245,Q6K00239,True,287.777,99.6994,1.0651,100.7709,
32,247,Q6K00365,True,271.8164,96.7059,1.0316,97.7446,
32,246,Q6K00347,True,295.4176,102.1359,1.0827,103.2248,
32,248,Q6K00279,True,272.4369,94.1984,1.1686,95.3733,
32,250,Q6K00309,True,281.4225,86.9367,1.1682,88.1111,
32,249,Q6K00192,True,283.8014,98.2271,1.0455,99.2787,
32,251,Q6K00273,True,278.3987,91.8073,0.985,92.7989,
32,252,Q6K00389,True,278.5589,86.4566,1.064,87.5271,
32,253,Q6K00478,True,276.1382,84.0393,1.0801,85.1254,
32,254,Q6K00223,True,273.915,83.105,1.1078,84.2188,
32,255,Q6K00335,True,267.8443,75.9999,1.1805,77.1877,
32,256,Q6K00432,True,284.6998,78.2605,1.0749,79.3425,
32,258,Q6K00417,True,282.7758,65.827,1.0547,66.8883,
32,257,Q6K00491,True,289.1661,76.208,1.2177,77.4328,
32,259,Q6K00436,True,284.9145,68.9175,1.0394,69.9637,
32,260,Q6K00357,True,283.0014,72.89,1.0639,73.96,
32,261,Q6K00428,True,278.0858,69.9271,1.0182,70.9522,
32,262,Q6K00204,True,282.7379,73.3386,1.0655,74.4125,
32,263,Q6K00318,True,238.2813,67.3506,1.0512,68.407,
32,264,Q6K00397,True,241.3332,71.5751,1.049,72.6315,
32,265,Q6K00401,True,238.2549,82.027,1.0953,83.1298,
32,266,Q6K00254,True,248.4687,85.6619,1.0316,86.7003,
32,268,Q6K00250,True,230.1654,76.9551,1.0555,78.0177,
32,267,Q6K00410,True,234.0906,88.1743,1.0563,89.2372,
32,269,Q6K00282,True,231.5574,82.6901,1.1487,83.8465,
32,270,Q6K00456,True,222.665,80.1344,1.0634,81.2056,
32,271,Q6K00184,True,239.6312,89.8938,1.1362,91.0378,
32,273,Q6K00309,True,215.5786,80.5642,1.3067,81.8779,
32,272,Q6K00387,True,218.4982,89.4524,1.0665,90.5252,
32,274,Q6K00408,True,225.9565,82.6682,1.1239,83.7994,
32,275,Q6K00536,True,228.5167,82.5311,1.0327,83.5712,
32,276,Q6K00431,True,231.2457,85.9657,1.0994,87.0728,
32,277,Q6K00261,True,244.1844,98.6245,1.3221,99.9545,
32,278,Q6K00466,True,229.9696,96.2675,1.2822,97.5595,
32,279,Q6K00432,True,230.0159,92.4318,1.4647,93.9067,
32,281,Q6K00204,True,228.1339,92.0874,1.409,93.5073,
32,280,Q6K00506,True,240.2703,103.7343,1.2614,105.0071,
32,282,Q6K00384,True,231.3573,91.4963,1.0763,92.58,
32,283,Q6K00392,True,239.0535,88.1943,1.0512,89.252,
32,284,Q6K00430,True,230.7964,86.8402,1.1978,88.0463,
32,285,Q6K00290,True,245.1732,88.5415,1.2992,89.8508,
32,286,Q6K00228,True,240.4147,85.237,1.2592,86.5043,
32,288,Q6K00472,True,226.0884,72.3109,1.0419,73.3592,
32,287,Q6K00299,True,246.9585,86.5057,1.2012,87.7132,
32,290,Q6K00495,True,238.0304,79.2019,1.1954,80.4076,
32,289,Q6K00356,True,244.7019,83.7712,1.1363,84.9147,
32,291,Q6K00206,True,240.117,72.2453,1.1607,73.4138,
32,292,Q6K00535,True,230.8427,70.358,1.1652,71.5299,
32,293,Q6K00483,True,224.4267,69.5899,0.9811,70.5792,
32,294,Q6K00500,True,225.2453,67.918,1.1062,69.0307,
32,295,Q6K00213,True,229.6409,67.098,1.3925,68.5063,
32,296,Q6K00292,True,216.5136,64.3386,1.14,65.4856,
32,297,Q6K00276,True,208.3709,60.2966,1.1224,61.4261,
32,298,Q6K00318,True,192.2446,58.0673,1.0501,59.1248,
32,299,Q6K00394,True,187.2132,56.7002,1.0853,57.7926,
32,300,Q6K00284,True,189.7135,57.0752,1.4186,58.509,
