fragment_id,fresh_id,frozen_split,version_id,version_number,variant_index,hard_structured_components,own_current_exact_surviving_images,supports_A_5C_2S_1I,supports_B_5C_1S_2I,supports_C_4C_2S_2I
F6G000001,FMOD0001,TEST_KNOWN,NKfar19f,1.21.1-fabric-1.0.1,0,3,1,True,False,False
F6G000002,FMOD0001,TEST_KNOWN,NKfar19f,1.21.1-fabric-1.0.1,1,3,1,True,False,False
F6G000003,FMOD0001,TEST_KNOWN,NKfar19f,1.21.1-fabric-1.0.1,2,3,1,True,False,False
F6G000004,FMOD0001,TEST_KNOWN,bUJ7d0jM,1.21.11-fabric-1.0.1,0,3,1,True,False,False
F6G000005,FMOD0001,TEST_KNOWN,bUJ7d0jM,1.21.11-fabric-1.0.1,1,3,1,True,False,False
F6G000006,FMOD0001,TEST_KNOWN,bUJ7d0jM,1.21.11-fabric-1.0.1,2,3,1,True,False,False
F6G000007,FMOD0001,TEST_KNOWN,vSbgx9lF,26.2-fabric-1.0.1,0,5,1,True,False,False
F6G000008,FMOD0001,TEST_KNOWN,vSbgx9lF,26.2-fabric-1.0.1,1,5,1,True,False,False
F6G000009,FMOD0001,TEST_KNOWN,vSbgx9lF,26.2-fabric-1.0.1,2,5,1,True,False,False
F6G000010,FMOD0002,CALIBRATION_KNOWN,Jlib30fO,1.21.1-1.1.0,0,10,3,True,True,True
F6G000011,FMOD0002,CALIBRATION_KNOWN,Jlib30fO,1.21.1-1.1.0,1,10,3,True,True,True
F6G000012,FMOD0002,CALIBRATION_KNOWN,Jlib30fO,1.21.1-1.1.0,2,10,3,True,True,True
F6G000013,FMOD0002,CALIBRATION_KNOWN,LIVM3gNO,26.2.2.1,0,19,3,True,True,True
F6G000014,FMOD0002,CALIBRATION_KNOWN,LIVM3gNO,26.2.2.1,1,19,3,True,True,True
F6G000015,FMOD0002,CALIBRATION_KNOWN,LIVM3gNO,26.2.2.1,2,19,3,True,True,True
F6G000016,FMOD0003,TEST_KNOWN,kf7gMwfX,21.11.0,0,4,1,True,False,False
F6G000017,FMOD0003,TEST_KNOWN,Kde5eDAb,21.10.0,0,4,1,True,False,False
F6G000018,FMOD0004,TEST_KNOWN,5gdROB0x,1.2.0,0,3,1,True,False,False
F6G000019,FMOD0004,TEST_KNOWN,5gdROB0x,1.2.0,1,3,1,True,False,False
F6G000020,FMOD0004,TEST_KNOWN,5gdROB0x,1.2.0,2,3,1,True,False,False
F6G000021,FMOD0004,TEST_KNOWN,gs62LOlx,1.1.0,0,3,1,True,False,False
F6G000022,FMOD0004,TEST_KNOWN,gs62LOlx,1.1.0,1,3,1,True,False,False
F6G000023,FMOD0004,TEST_KNOWN,gs62LOlx,1.1.0,2,3,1,True,False,False
F6G000027,FMOD0005,TEST_KNOWN,T1v8YBHE,0.6.3,0,3,14,True,True,True
F6G000028,FMOD0005,TEST_KNOWN,T1v8YBHE,0.6.3,1,3,14,True,True,True
F6G000029,FMOD0005,TEST_KNOWN,T1v8YBHE,0.6.3,2,3,14,True,True,True
F6G000030,FMOD0006,UNKNOWN_HELDOUT,vHo8oelp,2.7.4+1.21.10,0,2,21,True,True,True
F6G000031,FMOD0006,UNKNOWN_HELDOUT,vHo8oelp,2.7.4+1.21.10,1,2,21,True,True,True
F6G000032,FMOD0006,UNKNOWN_HELDOUT,vHo8oelp,2.7.4+1.21.10,2,2,21,True,True,True
F6G000033,FMOD0006,UNKNOWN_HELDOUT,3GkJlgYo,2.7.3+1.21.8,0,5,21,True,True,True
F6G000034,FMOD0006,UNKNOWN_HELDOUT,3GkJlgYo,2.7.3+1.21.8,1,5,21,True,True,True
F6G000035,FMOD0006,UNKNOWN_HELDOUT,3GkJlgYo,2.7.3+1.21.8,2,5,21,True,True,True
F6G000036,FMOD0006,UNKNOWN_HELDOUT,oS8qIab2,2.7.2+1.21.5,0,4,21,True,True,True
F6G000037,FMOD0006,UNKNOWN_HELDOUT,oS8qIab2,2.7.2+1.21.5,1,4,21,True,True,True
F6G000038,FMOD0006,UNKNOWN_HELDOUT,oS8qIab2,2.7.2+1.21.5,2,4,21,True,True,True
F6G000039,FMOD0007,UNKNOWN_HELDOUT,3eU1mije,1.5.4-fabric,0,7,4,True,True,True
F6G000040,FMOD0007,UNKNOWN_HELDOUT,3eU1mije,1.5.4-fabric,1,7,4,True,True,True
F6G000041,FMOD0007,UNKNOWN_HELDOUT,LXliTCS0,1.5.3-fabric,0,1,4,False,True,False
F6G000042,FMOD0007,UNKNOWN_HELDOUT,LXliTCS0,1.5.3-fabric,1,1,4,False,True,False
F6G000043,FMOD0007,UNKNOWN_HELDOUT,LXliTCS0,1.5.3-fabric,2,1,4,False,True,False
F6G000044,FMOD0007,UNKNOWN_HELDOUT,LYRPe9S3,1.5.2-fabric,0,2,4,True,True,True
F6G000045,FMOD0007,UNKNOWN_HELDOUT,LYRPe9S3,1.5.2-fabric,2,2,4,True,True,True
F6G000052,FMOD0009,UNKNOWN_HELDOUT,hfQeMHwy,1.1.0-1.21.1,0,44,6,True,True,True
F6G000053,FMOD0009,UNKNOWN_HELDOUT,hfQeMHwy,1.1.0-1.21.1,2,44,6,True,True,True
F6G000054,FMOD0011,TEST_KNOWN,yW3wexrH,1.5.0,0,2,50,True,True,True
F6G000055,FMOD0014,TEST_KNOWN,OYyhfwOB,0.5.5,0,3,6,True,True,True
F6G000056,FMOD0014,TEST_KNOWN,OYyhfwOB,0.5.5,1,3,6,True,True,True
F6G000057,FMOD0014,TEST_KNOWN,OYyhfwOB,0.5.5,2,3,6,True,True,True
F6G000064,FMOD0016,TEST_KNOWN,vV2etbcV,2.0.0-beta3,0,115,46,True,True,True
F6G000065,FMOD0016,TEST_KNOWN,vV2etbcV,2.0.0-beta3,1,115,46,True,True,True
F6G000066,FMOD0016,TEST_KNOWN,vV2etbcV,2.0.0-beta3,2,115,46,True,True,True
F6G000067,FMOD0016,TEST_KNOWN,HOHCWaTE,2.0.0-beta2,0,111,46,True,True,True
F6G000068,FMOD0016,TEST_KNOWN,HOHCWaTE,2.0.0-beta2,1,111,46,True,True,True
F6G000069,FMOD0016,TEST_KNOWN,HOHCWaTE,2.0.0-beta2,2,111,46,True,True,True
F6G000070,FMOD0020,CALIBRATION_KNOWN,YbxZHAXj,1.12.16+26.2,0,1,18,False,True,False
F6G000071,FMOD0020,CALIBRATION_KNOWN,YbxZHAXj,1.12.16+26.2,2,1,18,False,True,False
F6G000072,FMOD0020,CALIBRATION_KNOWN,n2pEPUn7,1.11.8+1.21.1,0,3,18,True,True,True
F6G000073,FMOD0020,CALIBRATION_KNOWN,n2pEPUn7,1.11.8+1.21.1,1,3,18,True,True,True
F6G000074,FMOD0020,CALIBRATION_KNOWN,n2pEPUn7,1.11.8+1.21.1,2,3,18,True,True,True
F6G000075,FMOD0020,CALIBRATION_KNOWN,YJB5Y1tt,1.11.7+1.21.1,0,3,18,True,True,True
F6G000076,FMOD0020,CALIBRATION_KNOWN,YJB5Y1tt,1.11.7+1.21.1,1,3,18,True,True,True
F6G000077,FMOD0020,CALIBRATION_KNOWN,YJB5Y1tt,1.11.7+1.21.1,2,3,18,True,True,True
F6G000078,FMOD0022,TEST_KNOWN,YTi50SXM,26.07.01-1.21.11-fabric,0,89,437,True,True,True
F6G000079,FMOD0022,TEST_KNOWN,YTi50SXM,26.07.01-1.21.11-fabric,1,89,437,True,True,True
F6G000080,FMOD0022,TEST_KNOWN,YTi50SXM,26.07.01-1.21.11-fabric,2,89,437,True,True,True
F6G000081,FMOD0022,TEST_KNOWN,vRadvyPG,26.07.01-1.21.9-fabric,0,104,437,True,True,True
F6G000082,FMOD0022,TEST_KNOWN,vRadvyPG,26.07.01-1.21.9-fabric,1,104,437,True,True,True
F6G000083,FMOD0022,TEST_KNOWN,vRadvyPG,26.07.01-1.21.9-fabric,2,104,437,True,True,True
F6G000084,FMOD0023,TEST_KNOWN,603d4gFf,26.201.1,0,1690,1918,True,True,True
F6G000085,FMOD0023,TEST_KNOWN,603d4gFf,26.201.1,1,1690,1918,True,True,True
F6G000086,FMOD0023,TEST_KNOWN,603d4gFf,26.201.1,2,1690,1918,True,True,True
F6G000087,FMOD0023,TEST_KNOWN,1NFpFqMB,21.800.1,0,2452,1631,True,True,True
F6G000088,FMOD0023,TEST_KNOWN,1NFpFqMB,21.800.1,1,2452,1631,True,True,True
F6G000089,FMOD0023,TEST_KNOWN,1NFpFqMB,21.800.1,2,2452,1631,True,True,True
F6G000090,FMOD0023,TEST_KNOWN,q2lc2PLL,26.101.1,0,2235,1887,True,True,True
F6G000091,FMOD0023,TEST_KNOWN,q2lc2PLL,26.101.1,1,2235,1887,True,True,True
F6G000092,FMOD0023,TEST_KNOWN,q2lc2PLL,26.101.1,2,2235,1887,True,True,True
F6G000102,FMOD0025,TEST_KNOWN,SNCj2VQL,1.0.7,0,2,1,True,False,False
F6G000103,FMOD0025,TEST_KNOWN,SNCj2VQL,1.0.7,1,2,1,True,False,False
F6G000104,FMOD0025,TEST_KNOWN,SNCj2VQL,1.0.7,2,2,1,True,False,False
F6G000105,FMOD0025,TEST_KNOWN,SJkLNQa4,1.0.7,0,3,1,True,False,False
F6G000106,FMOD0025,TEST_KNOWN,SJkLNQa4,1.0.7,1,3,1,True,False,False
F6G000107,FMOD0025,TEST_KNOWN,SJkLNQa4,1.0.7,2,3,1,True,False,False
F6G000108,FMOD0025,TEST_KNOWN,tC2QcACf,1.0.6,0,2,1,True,False,False
F6G000109,FMOD0025,TEST_KNOWN,tC2QcACf,1.0.6,1,2,1,True,False,False
F6G000110,FMOD0025,TEST_KNOWN,tC2QcACf,1.0.6,2,2,1,True,False,False
F6G000111,FMOD0027,UNKNOWN_HELDOUT,hG50ZysI,1.3.1,0,388,49,True,True,True
F6G000112,FMOD0027,UNKNOWN_HELDOUT,hG50ZysI,1.3.1,1,388,49,True,True,True
F6G000113,FMOD0027,UNKNOWN_HELDOUT,NqyLpG4U,1.5.2,0,116,49,True,True,True
F6G000114,FMOD0027,UNKNOWN_HELDOUT,NqyLpG4U,1.5.2,1,116,49,True,True,True
F6G000115,FMOD0027,UNKNOWN_HELDOUT,NqyLpG4U,1.5.2,2,116,49,True,True,True
F6G000116,FMOD0027,UNKNOWN_HELDOUT,IqO5eD9D,1.5.1,0,116,49,True,True,True
F6G000117,FMOD0027,UNKNOWN_HELDOUT,IqO5eD9D,1.5.1,1,116,49,True,True,True
F6G000118,FMOD0027,UNKNOWN_HELDOUT,IqO5eD9D,1.5.1,2,116,49,True,True,True
F6G000119,FMOD0028,UNKNOWN_HELDOUT,yq6ELvb5,3.6.4-1.19.2-Fabric,0,73,380,True,True,True
F6G000120,FMOD0028,UNKNOWN_HELDOUT,yq6ELvb5,3.6.4-1.19.2-Fabric,1,73,380,True,True,True
F6G000121,FMOD0028,UNKNOWN_HELDOUT,yq6ELvb5,3.6.4-1.19.2-Fabric,2,73,380,True,True,True
F6G000122,FMOD0028,UNKNOWN_HELDOUT,q0f0CFCT,3.7.3-1.20.1-Fabric,0,1575,390,True,True,True
F6G000123,FMOD0028,UNKNOWN_HELDOUT,q0f0CFCT,3.7.3-1.20.1-Fabric,1,1575,390,True,True,True
F6G000124,FMOD0028,UNKNOWN_HELDOUT,q0f0CFCT,3.7.3-1.20.1-Fabric,2,1575,390,True,True,True
F6G000125,FMOD0028,UNKNOWN_HELDOUT,6WA1Ywin,2.11.2-1.20.4-Fabric,0,387,124,True,True,True
F6G000126,FMOD0028,UNKNOWN_HELDOUT,6WA1Ywin,2.11.2-1.20.4-Fabric,1,387,124,True,True,True
F6G000127,FMOD0028,UNKNOWN_HELDOUT,6WA1Ywin,2.11.2-1.20.4-Fabric,2,387,124,True,True,True
F6G000128,FMOD0030,CALIBRATION_KNOWN,HqRCLOCI,1.5.3+26.1.2,0,12,201,True,True,True
F6G000129,FMOD0030,CALIBRATION_KNOWN,HqRCLOCI,1.5.3+26.1.2,1,12,201,True,True,True
F6G000130,FMOD0030,CALIBRATION_KNOWN,HqRCLOCI,1.5.3+26.1.2,2,12,201,True,True,True
F6G000131,FMOD0030,CALIBRATION_KNOWN,AsNvOJaM,1.4.5+1.21.11,0,13,185,True,True,True
F6G000132,FMOD0030,CALIBRATION_KNOWN,AsNvOJaM,1.4.5+1.21.11,1,13,185,True,True,True
F6G000133,FMOD0030,CALIBRATION_KNOWN,AsNvOJaM,1.4.5+1.21.11,2,13,185,True,True,True
F6G000142,FMOD0034,CALIBRATION_KNOWN,NIva5WdM,0.9.2,0,84,47,True,True,True
F6G000143,FMOD0034,CALIBRATION_KNOWN,NIva5WdM,0.9.2,1,84,47,True,True,True
F6G000144,FMOD0034,CALIBRATION_KNOWN,NIva5WdM,0.9.2,2,84,47,True,True,True
F6G000145,FMOD0034,CALIBRATION_KNOWN,fDrCPR5v,0.9.002,0,36,21,True,True,True
F6G000146,FMOD0034,CALIBRATION_KNOWN,fDrCPR5v,0.9.002,1,36,21,True,True,True
F6G000147,FMOD0034,CALIBRATION_KNOWN,fDrCPR5v,0.9.002,2,36,21,True,True,True
F6G000148,FMOD0034,CALIBRATION_KNOWN,C09ylE3W,0.9.001,0,36,21,True,True,True
F6G000149,FMOD0034,CALIBRATION_KNOWN,C09ylE3W,0.9.001,1,36,21,True,True,True
F6G000150,FMOD0034,CALIBRATION_KNOWN,C09ylE3W,0.9.001,2,36,21,True,True,True
F6G000151,FMOD0035,TEST_KNOWN,JlTOmyMX,2.11,0,122,325,True,True,True
F6G000152,FMOD0035,TEST_KNOWN,JlTOmyMX,2.11,1,122,325,True,True,True
F6G000153,FMOD0035,TEST_KNOWN,JlTOmyMX,2.11,2,122,325,True,True,True
F6G000154,FMOD0035,TEST_KNOWN,l1mX9QQ2,2.1,0,128,325,True,True,True
F6G000155,FMOD0035,TEST_KNOWN,l1mX9QQ2,2.1,1,128,325,True,True,True
F6G000156,FMOD0035,TEST_KNOWN,l1mX9QQ2,2.1,2,128,325,True,True,True
F6G000157,FMOD0035,TEST_KNOWN,wKpFuJ9e,2.0,0,44,277,True,True,True
F6G000158,FMOD0035,TEST_KNOWN,wKpFuJ9e,2.0,1,44,277,True,True,True
F6G000159,FMOD0035,TEST_KNOWN,wKpFuJ9e,2.0,2,44,277,True,True,True
F6G000160,FMOD0036,TEST_KNOWN,HYb9YxIC,8.7.3+26.2-fabric,0,1,50,False,True,False
F6G000161,FMOD0036,TEST_KNOWN,HYb9YxIC,8.7.3+26.2-fabric,1,1,50,False,True,False
F6G000162,FMOD0036,TEST_KNOWN,HYb9YxIC,8.7.3+26.2-fabric,2,1,50,False,True,False
F6G000163,FMOD0036,TEST_KNOWN,VykWiyXF,8.7.3+26.1.2-fabric,0,1,50,False,True,False
F6G000164,FMOD0036,TEST_KNOWN,VykWiyXF,8.7.3+26.1.2-fabric,1,1,50,False,True,False
F6G000165,FMOD0036,TEST_KNOWN,VykWiyXF,8.7.3+26.1.2-fabric,2,1,50,False,True,False
F6G000166,FMOD0036,TEST_KNOWN,PJLzJ0P2,8.7.3+1.21.11-fabric,0,1,50,False,True,False
F6G000167,FMOD0036,TEST_KNOWN,PJLzJ0P2,8.7.3+1.21.11-fabric,1,1,50,False,True,False
F6G000168,FMOD0036,TEST_KNOWN,PJLzJ0P2,8.7.3+1.21.11-fabric,2,1,50,False,True,False
F6G000169,FMOD0039,CALIBRATION_KNOWN,upn6SMbS,0.1.5-alpha+26.1.2,0,5,31,True,True,True
F6G000170,FMOD0039,CALIBRATION_KNOWN,upn6SMbS,0.1.5-alpha+26.1.2,1,5,31,True,True,True
F6G000171,FMOD0039,CALIBRATION_KNOWN,upn6SMbS,0.1.5-alpha+26.1.2,2,5,31,True,True,True
F6G000172,FMOD0039,CALIBRATION_KNOWN,VxN1g1Y5,0.1.3-alpha+26.1.2,0,2,31,True,True,True
F6G000173,FMOD0039,CALIBRATION_KNOWN,VxN1g1Y5,0.1.3-alpha+26.1.2,1,2,31,True,True,True
F6G000174,FMOD0039,CALIBRATION_KNOWN,VxN1g1Y5,0.1.3-alpha+26.1.2,2,2,31,True,True,True
F6G000175,FMOD0040,TEST_KNOWN,asBjkNgr,3.0.3-fabric+1.20.1,0,17,24,True,True,True
F6G000176,FMOD0040,TEST_KNOWN,asBjkNgr,3.0.3-fabric+1.20.1,1,17,24,True,True,True
F6G000177,FMOD0040,TEST_KNOWN,asBjkNgr,3.0.3-fabric+1.20.1,2,17,24,True,True,True
F6G000178,FMOD0040,TEST_KNOWN,oCv5DYNG,3.0.2-fabric+1.20.1,0,17,19,True,True,True
F6G000179,FMOD0040,TEST_KNOWN,oCv5DYNG,3.0.2-fabric+1.20.1,1,17,19,True,True,True
F6G000180,FMOD0040,TEST_KNOWN,oCv5DYNG,3.0.2-fabric+1.20.1,2,17,19,True,True,True
F6G000181,FMOD0041,CALIBRATION_KNOWN,NfEUeWdz,1.0.0-beta.21,0,2,7,True,True,True
F6G000182,FMOD0041,CALIBRATION_KNOWN,NfEUeWdz,1.0.0-beta.21,1,2,7,True,True,True
F6G000183,FMOD0041,CALIBRATION_KNOWN,NfEUeWdz,1.0.0-beta.21,2,2,7,True,True,True
F6G000184,FMOD0041,CALIBRATION_KNOWN,p20S0IgR,1.0.0-beta.20,0,89,7,True,True,True
F6G000185,FMOD0041,CALIBRATION_KNOWN,p20S0IgR,1.0.0-beta.20,1,89,7,True,True,True
F6G000186,FMOD0041,CALIBRATION_KNOWN,p20S0IgR,1.0.0-beta.20,2,89,7,True,True,True
F6G000187,FMOD0041,CALIBRATION_KNOWN,kmbSTFww,1.0.0-beta.20,0,89,7,True,True,True
F6G000188,FMOD0041,CALIBRATION_KNOWN,kmbSTFww,1.0.0-beta.20,1,89,7,True,True,True
F6G000189,FMOD0041,CALIBRATION_KNOWN,kmbSTFww,1.0.0-beta.20,2,89,7,True,True,True
F6G000190,FMOD0043,TEST_KNOWN,qgxpksqw,1.1.13,0,1,16,False,True,False
F6G000191,FMOD0043,TEST_KNOWN,qgxpksqw,1.1.13,1,1,16,False,True,False
F6G000192,FMOD0043,TEST_KNOWN,qgxpksqw,1.1.13,2,1,16,False,True,False
F6G000193,FMOD0043,TEST_KNOWN,17W1BifB,1.1.7,0,1,16,False,True,False
F6G000194,FMOD0043,TEST_KNOWN,17W1BifB,1.1.7,1,1,16,False,True,False
F6G000195,FMOD0043,TEST_KNOWN,17W1BifB,1.1.7,2,1,16,False,True,False
F6G000196,FMOD0043,TEST_KNOWN,fyaeSQYg,1.1.6,0,1,16,False,True,False
F6G000197,FMOD0043,TEST_KNOWN,fyaeSQYg,1.1.6,1,1,16,False,True,False
F6G000198,FMOD0043,TEST_KNOWN,fyaeSQYg,1.1.6,2,1,16,False,True,False
F6G000199,FMOD0044,TEST_KNOWN,mtRZjms7,1.0.3,0,3,1,True,False,False
F6G000200,FMOD0044,TEST_KNOWN,fz7xhfu5,1.0.1,0,4,1,True,False,False
F6G000201,FMOD0044,TEST_KNOWN,fz7xhfu5,1.0.1,1,4,1,True,False,False
F6G000202,FMOD0044,TEST_KNOWN,fz7xhfu5,1.0.1,2,4,1,True,False,False
F6G000203,FMOD0044,TEST_KNOWN,4o6d3Y7b,1.0.0,0,4,1,True,False,False
F6G000204,FMOD0044,TEST_KNOWN,4o6d3Y7b,1.0.0,1,4,1,True,False,False
F6G000205,FMOD0044,TEST_KNOWN,4o6d3Y7b,1.0.0,2,4,1,True,False,False
F6G000206,FMOD0045,CALIBRATION_KNOWN,zfwTwAkc,v1.0.0,0,3,3,True,True,True
F6G000207,FMOD0045,CALIBRATION_KNOWN,zfwTwAkc,v1.0.0,1,3,3,True,True,True
F6G000208,FMOD0045,CALIBRATION_KNOWN,zfwTwAkc,v1.0.0,2,3,3,True,True,True
F6G000209,FMOD0045,CALIBRATION_KNOWN,33WdtXc3,v1.0.0,0,2,3,True,True,True
F6G000210,FMOD0045,CALIBRATION_KNOWN,33WdtXc3,v1.0.0,1,2,3,True,True,True
F6G000211,FMOD0045,CALIBRATION_KNOWN,33WdtXc3,v1.0.0,2,2,3,True,True,True
F6G000212,FMOD0046,UNKNOWN_HELDOUT,6Pmao7Jm,2.3.1,0,9,43,True,True,True
F6G000213,FMOD0046,UNKNOWN_HELDOUT,6Pmao7Jm,2.3.1,1,9,43,True,True,True
F6G000214,FMOD0046,UNKNOWN_HELDOUT,6Pmao7Jm,2.3.1,2,9,43,True,True,True
F6G000215,FMOD0046,UNKNOWN_HELDOUT,sO1N59sM,2.3.0,0,9,43,True,True,True
F6G000216,FMOD0046,UNKNOWN_HELDOUT,sO1N59sM,2.3.0,1,9,43,True,True,True
F6G000217,FMOD0046,UNKNOWN_HELDOUT,sO1N59sM,2.3.0,2,9,43,True,True,True
F6G000218,FMOD0048,UNKNOWN_HELDOUT,nZ59rf82,1.2.0,0,1,150,False,True,False
F6G000219,FMOD0048,UNKNOWN_HELDOUT,nZ59rf82,1.2.0,1,1,150,False,True,False
F6G000220,FMOD0048,UNKNOWN_HELDOUT,nZ59rf82,1.2.0,2,1,150,False,True,False
F6G000221,FMOD0048,UNKNOWN_HELDOUT,C5PWbpKr,1.1.0,0,8,139,True,True,True
F6G000222,FMOD0048,UNKNOWN_HELDOUT,C5PWbpKr,1.1.0,1,8,139,True,True,True
F6G000223,FMOD0048,UNKNOWN_HELDOUT,C5PWbpKr,1.1.0,2,8,139,True,True,True
F6G000224,FMOD0050,TEST_KNOWN,m7qcoBP2,A0.4.1,0,2,1,True,False,False
F6G000225,FMOD0050,TEST_KNOWN,m7qcoBP2,A0.4.1,1,2,1,True,False,False
F6G000226,FMOD0050,TEST_KNOWN,pXinlWxx,A0.4,0,2,1,True,False,False
F6G000227,FMOD0050,TEST_KNOWN,pXinlWxx,A0.4,2,2,1,True,False,False
F6G000228,FMOD0050,TEST_KNOWN,8iqsxqzA,A0.3H1,0,2,1,True,False,False
F6G000229,FMOD0050,TEST_KNOWN,8iqsxqzA,A0.3H1,1,2,1,True,False,False
F6G000230,FMOD0051,TEST_KNOWN,jnH2yN9z,2.1.2-Fabric-mc1.20,0,9,9,True,True,True
F6G000231,FMOD0051,TEST_KNOWN,jnH2yN9z,2.1.2-Fabric-mc1.20,1,9,9,True,True,True
F6G000232,FMOD0051,TEST_KNOWN,jnH2yN9z,2.1.2-Fabric-mc1.20,2,9,9,True,True,True
F6G000233,FMOD0051,TEST_KNOWN,3gPteH7H,2.1.2-Fabric-mc1.21,0,9,9,True,True,True
F6G000234,FMOD0051,TEST_KNOWN,3gPteH7H,2.1.2-Fabric-mc1.21,1,9,9,True,True,True
F6G000235,FMOD0051,TEST_KNOWN,3gPteH7H,2.1.2-Fabric-mc1.21,2,9,9,True,True,True
F6G000236,FMOD0052,CALIBRATION_KNOWN,EULraVcl,3.0.0,0,2,1,True,False,False
F6G000237,FMOD0052,CALIBRATION_KNOWN,xqeOPHTm,2.0.2,0,2,1,True,False,False
F6G000238,FMOD0052,CALIBRATION_KNOWN,xqeOPHTm,2.0.2,1,2,1,True,False,False
F6G000239,FMOD0052,CALIBRATION_KNOWN,xqeOPHTm,2.0.2,2,2,1,True,False,False
F6G000240,FMOD0052,CALIBRATION_KNOWN,wsfQ6bXJ,2.0.0,0,2,1,True,False,False
F6G000241,FMOD0052,CALIBRATION_KNOWN,wsfQ6bXJ,2.0.0,1,2,1,True,False,False
F6G000242,FMOD0052,CALIBRATION_KNOWN,wsfQ6bXJ,2.0.0,2,2,1,True,False,False
F6G000243,FMOD0053,TEST_KNOWN,vB9Q7HEA,26.1x-fabric-1,0,4,16,True,True,True
F6G000244,FMOD0053,TEST_KNOWN,vB9Q7HEA,26.1x-fabric-1,1,4,16,True,True,True
F6G000245,FMOD0053,TEST_KNOWN,vB9Q7HEA,26.1x-fabric-1,2,4,16,True,True,True
F6G000246,FMOD0053,TEST_KNOWN,gTF5QTWo,1.21.11-fabric-2,0,4,16,True,True,True
F6G000247,FMOD0053,TEST_KNOWN,gTF5QTWo,1.21.11-fabric-2,1,4,16,True,True,True
F6G000248,FMOD0053,TEST_KNOWN,gTF5QTWo,1.21.11-fabric-2,2,4,16,True,True,True
F6G000249,FMOD0053,TEST_KNOWN,F3g7u9VM,1.21.11-fabric-1,0,4,16,True,True,True
F6G000250,FMOD0053,TEST_KNOWN,F3g7u9VM,1.21.11-fabric-1,1,4,16,True,True,True
F6G000251,FMOD0053,TEST_KNOWN,F3g7u9VM,1.21.11-fabric-1,2,4,16,True,True,True
F6G000252,FMOD0054,UNKNOWN_HELDOUT,mTr3ZiqZ,1.1.2,0,3,2,True,True,True
F6G000253,FMOD0054,UNKNOWN_HELDOUT,mTr3ZiqZ,1.1.2,1,3,2,True,True,True
F6G000254,FMOD0054,UNKNOWN_HELDOUT,NQ8mzQw2,1.1.1,0,3,2,True,True,True
F6G000255,FMOD0054,UNKNOWN_HELDOUT,NQ8mzQw2,1.1.1,1,3,2,True,True,True
F6G000256,FMOD0054,UNKNOWN_HELDOUT,NQ8mzQw2,1.1.1,2,3,2,True,True,True
F6G000257,FMOD0055,TEST_KNOWN,IlZ44NoT,1.1.2,0,5,54,True,True,True
F6G000258,FMOD0055,TEST_KNOWN,IlZ44NoT,1.1.2,1,5,54,True,True,True
F6G000259,FMOD0055,TEST_KNOWN,IlZ44NoT,1.1.2,2,5,54,True,True,True
F6G000260,FMOD0055,TEST_KNOWN,KkQzzHhm,1.1.1,0,5,54,True,True,True
F6G000261,FMOD0055,TEST_KNOWN,KkQzzHhm,1.1.1,1,5,54,True,True,True
F6G000262,FMOD0055,TEST_KNOWN,KkQzzHhm,1.1.1,2,5,54,True,True,True
F6G000263,FMOD0055,TEST_KNOWN,hmTUVDVo,1.1.0,0,5,54,True,True,True
F6G000264,FMOD0055,TEST_KNOWN,hmTUVDVo,1.1.0,1,5,54,True,True,True
F6G000265,FMOD0055,TEST_KNOWN,hmTUVDVo,1.1.0,2,5,54,True,True,True
F6G000266,FMOD0056,CALIBRATION_KNOWN,9YJCuU3X,2.2.0,0,6,6,True,True,True
F6G000267,FMOD0056,CALIBRATION_KNOWN,9YJCuU3X,2.2.0,1,6,6,True,True,True
F6G000268,FMOD0056,CALIBRATION_KNOWN,9YJCuU3X,2.2.0,2,6,6,True,True,True
F6G000269,FMOD0056,CALIBRATION_KNOWN,vJxaO6H1,2.2.0,0,6,6,True,True,True
F6G000270,FMOD0056,CALIBRATION_KNOWN,vJxaO6H1,2.2.0,1,6,6,True,True,True
F6G000271,FMOD0056,CALIBRATION_KNOWN,vJxaO6H1,2.2.0,2,6,6,True,True,True
F6G000272,FMOD0056,CALIBRATION_KNOWN,3szZLENi,2.2.0,0,4,6,True,True,True
F6G000273,FMOD0056,CALIBRATION_KNOWN,3szZLENi,2.2.0,1,4,6,True,True,True
F6G000274,FMOD0056,CALIBRATION_KNOWN,3szZLENi,2.2.0,2,4,6,True,True,True
F6G000275,FMOD0057,CALIBRATION_KNOWN,uWg4m1x5,6.3.1+1.21.8-fabric,0,15,2,True,True,True
F6G000276,FMOD0057,CALIBRATION_KNOWN,uWg4m1x5,6.3.1+1.21.8-fabric,1,15,2,True,True,True
F6G000277,FMOD0057,CALIBRATION_KNOWN,uWg4m1x5,6.3.1+1.21.8-fabric,2,15,2,True,True,True
F6G000278,FMOD0057,CALIBRATION_KNOWN,43qbjsIi,6.3.1+1.21.1-fabric,0,15,2,True,True,True
F6G000279,FMOD0057,CALIBRATION_KNOWN,43qbjsIi,6.3.1+1.21.1-fabric,1,15,2,True,True,True
F6G000280,FMOD0057,CALIBRATION_KNOWN,43qbjsIi,6.3.1+1.21.1-fabric,2,15,2,True,True,True
F6G000281,FMOD0058,CALIBRATION_KNOWN,XqO85sSY,ColorLight-26.x-0.1.1,0,1,1,False,False,False
F6G000282,FMOD0058,CALIBRATION_KNOWN,XqO85sSY,ColorLight-26.x-0.1.1,1,1,1,False,False,False
F6G000283,FMOD0058,CALIBRATION_KNOWN,XqO85sSY,ColorLight-26.x-0.1.1,2,1,1,False,False,False
F6G000284,FMOD0058,CALIBRATION_KNOWN,iQzRWoPW,ColorLight-1.21.11-0.1.1,0,3,1,True,False,False
F6G000285,FMOD0058,CALIBRATION_KNOWN,iQzRWoPW,ColorLight-1.21.11-0.1.1,1,3,1,True,False,False
F6G000286,FMOD0058,CALIBRATION_KNOWN,iQzRWoPW,ColorLight-1.21.11-0.1.1,2,3,1,True,False,False
F6G000287,FMOD0058,CALIBRATION_KNOWN,jKY9OBmI,ColorLight-1.21.1-0.1.1,0,4,1,True,False,False
F6G000288,FMOD0058,CALIBRATION_KNOWN,jKY9OBmI,ColorLight-1.21.1-0.1.1,1,4,1,True,False,False
F6G000289,FMOD0058,CALIBRATION_KNOWN,jKY9OBmI,ColorLight-1.21.1-0.1.1,2,4,1,True,False,False
F6G000290,FMOD0059,CALIBRATION_KNOWN,U79THZ8I,1.1.0+26.2,0,3,8,True,True,True
F6G000291,FMOD0059,CALIBRATION_KNOWN,U79THZ8I,1.1.0+26.2,1,3,8,True,True,True
F6G000292,FMOD0059,CALIBRATION_KNOWN,U79THZ8I,1.1.0+26.2,2,3,8,True,True,True
F6G000293,FMOD0059,CALIBRATION_KNOWN,rM6wKV1h,1.1.0+26.1,0,3,8,True,True,True
F6G000294,FMOD0059,CALIBRATION_KNOWN,rM6wKV1h,1.1.0+26.1,1,3,8,True,True,True
F6G000295,FMOD0059,CALIBRATION_KNOWN,rM6wKV1h,1.1.0+26.1,2,3,8,True,True,True
F6G000296,FMOD0060,TEST_KNOWN,EiYu5mEW,1.0.2,0,2,6,True,True,True
F6G000297,FMOD0060,TEST_KNOWN,EiYu5mEW,1.0.2,1,2,6,True,True,True
F6G000298,FMOD0060,TEST_KNOWN,EiYu5mEW,1.0.2,2,2,6,True,True,True
F6G000299,FMOD0060,TEST_KNOWN,iQQ4PiWC,1.0.1,0,4,5,True,True,True
F6G000300,FMOD0060,TEST_KNOWN,iQQ4PiWC,1.0.1,1,4,5,True,True,True
F6G000301,FMOD0060,TEST_KNOWN,iQQ4PiWC,1.0.1,2,4,5,True,True,True
F6G000302,FMOD0060,TEST_KNOWN,AjOoL4Yc,1.0.0,0,9,5,True,True,True
F6G000303,FMOD0060,TEST_KNOWN,AjOoL4Yc,1.0.0,1,9,5,True,True,True
F6G000304,FMOD0060,TEST_KNOWN,AjOoL4Yc,1.0.0,2,9,5,True,True,True
F6G000305,FMOD0061,TEST_KNOWN,xDUfCCkw,1.1.0+1.21.9-1.21.11,0,2,1,True,False,False
F6G000306,FMOD0061,TEST_KNOWN,xDUfCCkw,1.1.0+1.21.9-1.21.11,1,2,1,True,False,False
F6G000307,FMOD0061,TEST_KNOWN,OXoScrMt,1.0.3+1.21-1.21.8,0,3,1,True,False,False
F6G000308,FMOD0061,TEST_KNOWN,OXoScrMt,1.0.3+1.21-1.21.8,1,3,1,True,False,False
F6G000309,FMOD0061,TEST_KNOWN,OXoScrMt,1.0.3+1.21-1.21.8,2,3,1,True,False,False
F6G000310,FMOD0062,UNKNOWN_HELDOUT,EKw5vPNO,2.2.2-hotfix,0,3,1,True,False,False
F6G000311,FMOD0062,UNKNOWN_HELDOUT,EKw5vPNO,2.2.2-hotfix,1,3,1,True,False,False
F6G000312,FMOD0062,UNKNOWN_HELDOUT,EKw5vPNO,2.2.2-hotfix,2,3,1,True,False,False
F6G000313,FMOD0062,UNKNOWN_HELDOUT,deTBUfYG,2.2.2,0,3,1,True,False,False
F6G000314,FMOD0062,UNKNOWN_HELDOUT,deTBUfYG,2.2.2,1,3,1,True,False,False
F6G000315,FMOD0062,UNKNOWN_HELDOUT,deTBUfYG,2.2.2,2,3,1,True,False,False
F6G000316,FMOD0062,UNKNOWN_HELDOUT,apVobsif,2.2.1,0,4,1,True,False,False
F6G000317,FMOD0062,UNKNOWN_HELDOUT,apVobsif,2.2.1,1,4,1,True,False,False
F6G000318,FMOD0062,UNKNOWN_HELDOUT,apVobsif,2.2.1,2,4,1,True,False,False
F6G000319,FMOD0063,CALIBRATION_KNOWN,rbPSfvXB,26.1.2,0,3,11,True,True,True
F6G000320,FMOD0063,CALIBRATION_KNOWN,rbPSfvXB,26.1.2,1,3,11,True,True,True
F6G000321,FMOD0063,CALIBRATION_KNOWN,rbPSfvXB,26.1.2,2,3,11,True,True,True
F6G000322,FMOD0063,CALIBRATION_KNOWN,6YGak15G,26.1.1,0,3,11,True,True,True
F6G000323,FMOD0063,CALIBRATION_KNOWN,6YGak15G,26.1.1,1,3,11,True,True,True
F6G000324,FMOD0063,CALIBRATION_KNOWN,6YGak15G,26.1.1,2,3,11,True,True,True
F6G000325,FMOD0065,CALIBRATION_KNOWN,bqQeamhf,2.1.6-mc26.1,0,37,13,True,True,True
F6G000326,FMOD0065,CALIBRATION_KNOWN,bqQeamhf,2.1.6-mc26.1,1,37,13,True,True,True
F6G000327,FMOD0065,CALIBRATION_KNOWN,bqQeamhf,2.1.6-mc26.1,2,37,13,True,True,True
F6G000328,FMOD0065,CALIBRATION_KNOWN,XohetPQu,2.1.5-mc26.1,0,37,13,True,True,True
F6G000329,FMOD0065,CALIBRATION_KNOWN,XohetPQu,2.1.5-mc26.1,1,37,13,True,True,True
F6G000330,FMOD0065,CALIBRATION_KNOWN,XohetPQu,2.1.5-mc26.1,2,37,13,True,True,True
F6G000331,FMOD0065,CALIBRATION_KNOWN,uFf00jF4,2.1.4-mc1.21.11,0,38,13,True,True,True
F6G000332,FMOD0065,CALIBRATION_KNOWN,uFf00jF4,2.1.4-mc1.21.11,1,38,13,True,True,True
F6G000333,FMOD0065,CALIBRATION_KNOWN,uFf00jF4,2.1.4-mc1.21.11,2,38,13,True,True,True
F6G000334,FMOD0066,TEST_KNOWN,atl3bpuI,1.1.0+mc1.21.8,0,2,1,True,False,False
F6G000335,FMOD0066,TEST_KNOWN,atl3bpuI,1.1.0+mc1.21.8,1,2,1,True,False,False
F6G000336,FMOD0066,TEST_KNOWN,atl3bpuI,1.1.0+mc1.21.8,2,2,1,True,False,False
F6G000337,FMOD0066,TEST_KNOWN,vM7e7IYM,1.1.0+mc1.21.10,0,2,1,True,False,False
F6G000338,FMOD0066,TEST_KNOWN,vM7e7IYM,1.1.0+mc1.21.10,1,2,1,True,False,False
F6G000339,FMOD0066,TEST_KNOWN,vM7e7IYM,1.1.0+mc1.21.10,2,2,1,True,False,False
F6G000340,FMOD0067,TEST_KNOWN,9IvrHJWk,1.3.5,0,1,2,False,True,False
F6G000341,FMOD0067,TEST_KNOWN,9IvrHJWk,1.3.5,1,1,2,False,True,False
F6G000342,FMOD0067,TEST_KNOWN,9IvrHJWk,1.3.5,2,1,2,False,True,False
F6G000343,FMOD0067,TEST_KNOWN,Uzn5pkvu,1.3.4,0,1,2,False,True,False
F6G000344,FMOD0067,TEST_KNOWN,Uzn5pkvu,1.3.4,1,1,2,False,True,False
F6G000345,FMOD0067,TEST_KNOWN,Uzn5pkvu,1.3.4,2,1,2,False,True,False
F6G000349,FMOD0068,UNKNOWN_HELDOUT,r2rx49IK,2.0.0.11,0,2,1,True,False,False
F6G000350,FMOD0068,UNKNOWN_HELDOUT,r2rx49IK,2.0.0.11,1,2,1,True,False,False
F6G000351,FMOD0068,UNKNOWN_HELDOUT,r2rx49IK,2.0.0.11,2,2,1,True,False,False
F6G000352,FMOD0068,UNKNOWN_HELDOUT,Gvx8aW98,2.0.0.10,0,3,1,True,False,False
F6G000353,FMOD0068,UNKNOWN_HELDOUT,Gvx8aW98,2.0.0.10,1,3,1,True,False,False
F6G000354,FMOD0068,UNKNOWN_HELDOUT,Gvx8aW98,2.0.0.10,2,3,1,True,False,False
F6G000355,FMOD0068,UNKNOWN_HELDOUT,gmojFcs2,2.0.0.9,0,3,1,True,False,False
F6G000356,FMOD0068,UNKNOWN_HELDOUT,gmojFcs2,2.0.0.9,1,3,1,True,False,False
F6G000357,FMOD0068,UNKNOWN_HELDOUT,gmojFcs2,2.0.0.9,2,3,1,True,False,False
F6G000358,FMOD0069,TEST_KNOWN,8dnTaFp8,1.3.1+1.21.8,0,1,4,False,True,False
F6G000359,FMOD0069,TEST_KNOWN,8dnTaFp8,1.3.1+1.21.8,1,1,4,False,True,False
F6G000360,FMOD0069,TEST_KNOWN,8dnTaFp8,1.3.1+1.21.8,2,1,4,False,True,False
F6G000361,FMOD0069,TEST_KNOWN,qZ3pEucc,1.3.1+1.21.11,0,1,4,False,True,False
F6G000362,FMOD0069,TEST_KNOWN,qZ3pEucc,1.3.1+1.21.11,1,1,4,False,True,False
F6G000363,FMOD0069,TEST_KNOWN,qZ3pEucc,1.3.1+1.21.11,2,1,4,False,True,False
F6G000364,FMOD0069,TEST_KNOWN,td94fRJq,1.3.1+26.1,0,1,4,False,True,False
F6G000365,FMOD0069,TEST_KNOWN,td94fRJq,1.3.1+26.1,1,1,4,False,True,False
F6G000366,FMOD0069,TEST_KNOWN,td94fRJq,1.3.1+26.1,2,1,4,False,True,False
F6G000367,FMOD0070,UNKNOWN_HELDOUT,tOvw9ccm,0.5.6,0,91,21,True,True,True
F6G000368,FMOD0070,UNKNOWN_HELDOUT,tOvw9ccm,0.5.6,1,91,21,True,True,True
F6G000369,FMOD0070,UNKNOWN_HELDOUT,tOvw9ccm,0.5.6,2,91,21,True,True,True
F6G000370,FMOD0070,UNKNOWN_HELDOUT,bRPyzlie,0.5.5.h,0,91,21,True,True,True
F6G000371,FMOD0070,UNKNOWN_HELDOUT,bRPyzlie,0.5.5.h,1,91,21,True,True,True
F6G000372,FMOD0070,UNKNOWN_HELDOUT,bRPyzlie,0.5.5.h,2,91,21,True,True,True
F6G000373,FMOD0070,UNKNOWN_HELDOUT,ruyz085C,0.5.5.g,0,61,18,True,True,True
F6G000374,FMOD0070,UNKNOWN_HELDOUT,ruyz085C,0.5.5.g,1,61,18,True,True,True
F6G000375,FMOD0070,UNKNOWN_HELDOUT,ruyz085C,0.5.5.g,2,61,18,True,True,True
F6G000376,FMOD0072,CALIBRATION_KNOWN,EDBonRDJ,1.1.2,0,9,10,True,True,True
F6G000377,FMOD0072,CALIBRATION_KNOWN,AbHyoumV,1.0.1,0,9,10,True,True,True
F6G000378,FMOD0072,CALIBRATION_KNOWN,9WFyFDVA,1.0.0,0,10,8,True,True,True
F6G000379,FMOD0072,CALIBRATION_KNOWN,9WFyFDVA,1.0.0,1,10,8,True,True,True
F6G000380,FMOD0072,CALIBRATION_KNOWN,9WFyFDVA,1.0.0,2,10,8,True,True,True
F6G000381,FMOD0074,TEST_KNOWN,scO6R6xa,1.21.11-1.11.2,0,40,1,True,False,False
F6G000382,FMOD0074,TEST_KNOWN,scO6R6xa,1.21.11-1.11.2,1,40,1,True,False,False
F6G000383,FMOD0074,TEST_KNOWN,scO6R6xa,1.21.11-1.11.2,2,40,1,True,False,False
F6G000384,FMOD0074,TEST_KNOWN,9MFcIvHy,1.21.11-1.11.1,0,40,1,True,False,False
F6G000385,FMOD0074,TEST_KNOWN,9MFcIvHy,1.21.11-1.11.1,1,40,1,True,False,False
F6G000386,FMOD0074,TEST_KNOWN,9MFcIvHy,1.21.11-1.11.1,2,40,1,True,False,False
F6G000387,FMOD0077,TEST_KNOWN,n4xzuN3I,3.102.6+26.1.2,0,2,11,True,True,True
F6G000388,FMOD0077,TEST_KNOWN,n4xzuN3I,3.102.6+26.1.2,1,2,11,True,True,True
F6G000389,FMOD0077,TEST_KNOWN,n4xzuN3I,3.102.6+26.1.2,2,2,11,True,True,True
F6G000390,FMOD0077,TEST_KNOWN,DGdWTqZw,3.103.0+26.2,0,7,11,True,True,True
F6G000391,FMOD0077,TEST_KNOWN,2jiVKsYB,3.102.5+26.1.2,0,7,11,True,True,True
F6G000392,FMOD0077,TEST_KNOWN,2jiVKsYB,3.102.5+26.1.2,2,7,11,True,True,True
F6G000398,FMOD0079,TEST_KNOWN,vNEaHOJc,2.1.3+mc1.21,0,2,202,True,True,True
F6G000399,FMOD0079,TEST_KNOWN,vNEaHOJc,2.1.3+mc1.21,1,2,202,True,True,True
F6G000400,FMOD0079,TEST_KNOWN,vNEaHOJc,2.1.3+mc1.21,2,2,202,True,True,True
F6G000401,FMOD0079,TEST_KNOWN,IBOfRJPO,2.1.2+mc1.21,0,2,202,True,True,True
F6G000402,FMOD0079,TEST_KNOWN,IBOfRJPO,2.1.2+mc1.21,1,2,202,True,True,True
F6G000403,FMOD0079,TEST_KNOWN,IBOfRJPO,2.1.2+mc1.21,2,2,202,True,True,True
F6G000404,FMOD0079,TEST_KNOWN,EgoQu3dI,2.1.1+mc1.20.2,0,55,202,True,True,True
F6G000405,FMOD0079,TEST_KNOWN,EgoQu3dI,2.1.1+mc1.20.2,1,55,202,True,True,True
F6G000406,FMOD0079,TEST_KNOWN,EgoQu3dI,2.1.1+mc1.20.2,2,55,202,True,True,True
F6G000407,FMOD0081,CALIBRATION_KNOWN,Ll0d0AwJ,1.0.0,0,9,52,True,True,True
F6G000408,FMOD0081,CALIBRATION_KNOWN,tpzpnxVa,0.2.0,0,13,48,True,True,True
F6G000409,FMOD0081,CALIBRATION_KNOWN,tpzpnxVa,0.2.0,1,13,48,True,True,True
F6G000410,FMOD0081,CALIBRATION_KNOWN,tpzpnxVa,0.2.0,2,13,48,True,True,True
F6G000411,FMOD0081,CALIBRATION_KNOWN,Uitrnhgs,0.1.0,0,24,34,True,True,True
F6G000412,FMOD0081,CALIBRATION_KNOWN,Uitrnhgs,0.1.0,1,24,34,True,True,True
F6G000413,FMOD0081,CALIBRATION_KNOWN,Uitrnhgs,0.1.0,2,24,34,True,True,True
F6G000414,FMOD0082,CALIBRATION_KNOWN,qGdCrL3t,1.1.15,0,12,978,True,True,True
F6G000415,FMOD0082,CALIBRATION_KNOWN,qGdCrL3t,1.1.15,1,12,978,True,True,True
F6G000416,FMOD0082,CALIBRATION_KNOWN,qGdCrL3t,1.1.15,2,12,978,True,True,True
F6G000417,FMOD0082,CALIBRATION_KNOWN,A5r1znx6,1.1.14,0,43,978,True,True,True
F6G000418,FMOD0082,CALIBRATION_KNOWN,A5r1znx6,1.1.14,1,43,978,True,True,True
F6G000419,FMOD0082,CALIBRATION_KNOWN,A5r1znx6,1.1.14,2,43,978,True,True,True
F6G000420,FMOD0082,CALIBRATION_KNOWN,Z78935kR,1.1.13,0,43,978,True,True,True
F6G000421,FMOD0082,CALIBRATION_KNOWN,Z78935kR,1.1.13,1,43,978,True,True,True
F6G000422,FMOD0082,CALIBRATION_KNOWN,Z78935kR,1.1.13,2,43,978,True,True,True
F6G000423,FMOD0083,TEST_KNOWN,OkGF8Kho,0.1.10,0,5,1,True,False,False
F6G000424,FMOD0083,TEST_KNOWN,OkGF8Kho,0.1.10,1,5,1,True,False,False
F6G000425,FMOD0083,TEST_KNOWN,OkGF8Kho,0.1.10,2,5,1,True,False,False
F6G000426,FMOD0083,TEST_KNOWN,1HttX0dS,0.1.9,0,6,1,True,False,False
F6G000427,FMOD0083,TEST_KNOWN,1HttX0dS,0.1.9,1,6,1,True,False,False
F6G000428,FMOD0083,TEST_KNOWN,1HttX0dS,0.1.9,2,6,1,True,False,False
F6G000429,FMOD0084,UNKNOWN_HELDOUT,S05ir9dj,1.12.2,0,3,3,True,True,True
F6G000430,FMOD0084,UNKNOWN_HELDOUT,S05ir9dj,1.12.2,1,3,3,True,True,True
F6G000431,FMOD0084,UNKNOWN_HELDOUT,S05ir9dj,1.12.2,2,3,3,True,True,True
F6G000432,FMOD0084,UNKNOWN_HELDOUT,J96qMveQ,1.12.1,0,2,3,True,True,True
F6G000433,FMOD0084,UNKNOWN_HELDOUT,J96qMveQ,1.12.1,1,2,3,True,True,True
F6G000434,FMOD0084,UNKNOWN_HELDOUT,J96qMveQ,1.12.1,2,2,3,True,True,True
F6G000435,FMOD0084,UNKNOWN_HELDOUT,qKSZr74f,1.12.1,0,2,3,True,True,True
F6G000436,FMOD0084,UNKNOWN_HELDOUT,qKSZr74f,1.12.1,1,2,3,True,True,True
F6G000437,FMOD0084,UNKNOWN_HELDOUT,qKSZr74f,1.12.1,2,2,3,True,True,True
F6G000438,FMOD0085,UNKNOWN_HELDOUT,SuzEDJFj,7.0.0,0,44,47,True,True,True
F6G000439,FMOD0085,UNKNOWN_HELDOUT,SuzEDJFj,7.0.0,1,44,47,True,True,True
F6G000440,FMOD0085,UNKNOWN_HELDOUT,SuzEDJFj,7.0.0,2,44,47,True,True,True
F6G000441,FMOD0085,UNKNOWN_HELDOUT,PxUMu8BC,6.0.0,0,41,47,True,True,True
F6G000442,FMOD0085,UNKNOWN_HELDOUT,PxUMu8BC,6.0.0,1,41,47,True,True,True
F6G000443,FMOD0085,UNKNOWN_HELDOUT,PxUMu8BC,6.0.0,2,41,47,True,True,True
F6G000444,FMOD0085,UNKNOWN_HELDOUT,krwZeaSE,5.1.0,0,42,47,True,True,True
F6G000445,FMOD0085,UNKNOWN_HELDOUT,krwZeaSE,5.1.0,1,42,47,True,True,True
F6G000446,FMOD0085,UNKNOWN_HELDOUT,krwZeaSE,5.1.0,2,42,47,True,True,True
F6G000447,FMOD0086,TEST_KNOWN,CVeqqBLA,1.1.11+26.1.2,0,1,1,False,False,False
F6G000448,FMOD0086,TEST_KNOWN,CVeqqBLA,1.1.11+26.1.2,1,1,1,False,False,False
F6G000449,FMOD0086,TEST_KNOWN,dU1doC63,1.1.11+26.1.2,0,1,1,False,False,False
F6G000450,FMOD0086,TEST_KNOWN,dU1doC63,1.1.11+26.1.2,1,1,1,False,False,False
F6G000451,FMOD0086,TEST_KNOWN,VxmUBIb6,1.1.11+26.1,0,1,1,False,False,False
F6G000452,FMOD0086,TEST_KNOWN,VxmUBIb6,1.1.11+26.1,1,1,1,False,False,False
F6G000453,FMOD0086,TEST_KNOWN,VxmUBIb6,1.1.11+26.1,2,1,1,False,False,False
F6G000454,FMOD0087,TEST_KNOWN,dqBlloWg,0.12.1,0,4,20,True,True,True
F6G000455,FMOD0087,TEST_KNOWN,NK7mfZ9O,0.12.0,0,4,20,True,True,True
F6G000456,FMOD0087,TEST_KNOWN,IvA7ptS8,0.12.0-alpha.1,0,4,20,True,True,True
F6G000457,FMOD0089,TEST_KNOWN,qHW7wfGd,26.1.0,0,4,9,True,True,True
F6G000458,FMOD0089,TEST_KNOWN,qHW7wfGd,26.1.0,2,4,9,True,True,True
F6G000459,FMOD0089,TEST_KNOWN,NglexoWN,21.11.0,0,5,9,True,True,True
F6G000460,FMOD0089,TEST_KNOWN,NglexoWN,21.11.0,1,5,9,True,True,True
F6G000461,FMOD0089,TEST_KNOWN,NglexoWN,21.11.0,2,5,9,True,True,True
F6G000462,FMOD0089,TEST_KNOWN,MrweWZ20,21.10.2,0,6,9,True,True,True
F6G000463,FMOD0089,TEST_KNOWN,MrweWZ20,21.10.2,1,6,9,True,True,True
F6G000464,FMOD0089,TEST_KNOWN,MrweWZ20,21.10.2,2,6,9,True,True,True
F6G000465,FMOD0090,UNKNOWN_HELDOUT,mroD9G2a,0.1.3,0,6,2,True,True,True
F6G000466,FMOD0090,UNKNOWN_HELDOUT,mroD9G2a,0.1.3,1,6,2,True,True,True
F6G000467,FMOD0090,UNKNOWN_HELDOUT,mroD9G2a,0.1.3,2,6,2,True,True,True
F6G000468,FMOD0090,UNKNOWN_HELDOUT,mSdG9nSG,0.1.2,0,6,2,True,True,True
F6G000469,FMOD0090,UNKNOWN_HELDOUT,mSdG9nSG,0.1.2,1,6,2,True,True,True
F6G000470,FMOD0090,UNKNOWN_HELDOUT,mSdG9nSG,0.1.2,2,6,2,True,True,True
F6G000471,FMOD0090,UNKNOWN_HELDOUT,RAlE2UQT,0.1.1,0,6,2,True,True,True
F6G000472,FMOD0090,UNKNOWN_HELDOUT,RAlE2UQT,0.1.1,1,6,2,True,True,True
F6G000473,FMOD0090,UNKNOWN_HELDOUT,RAlE2UQT,0.1.1,2,6,2,True,True,True
F6G000474,FMOD0094,UNKNOWN_HELDOUT,qYA1sbDb,4.0.5,0,1,2,False,True,False
F6G000475,FMOD0094,UNKNOWN_HELDOUT,qYA1sbDb,4.0.5,1,1,2,False,True,False
F6G000476,FMOD0094,UNKNOWN_HELDOUT,qYA1sbDb,4.0.5,2,1,2,False,True,False
F6G000477,FMOD0096,TEST_KNOWN,yhbCh01w,3.3.7,0,19,7,True,True,True
F6G000478,FMOD0096,TEST_KNOWN,yhbCh01w,3.3.7,2,19,7,True,True,True
F6G000479,FMOD0097,CALIBRATION_KNOWN,VgGIJdPS,1.1.5+mc1.21.8-fabric,0,1,8,False,True,False
F6G000480,FMOD0097,CALIBRATION_KNOWN,VgGIJdPS,1.1.5+mc1.21.8-fabric,1,1,8,False,True,False
F6G000481,FMOD0097,CALIBRATION_KNOWN,VgGIJdPS,1.1.5+mc1.21.8-fabric,2,1,8,False,True,False
F6G000482,FMOD0097,CALIBRATION_KNOWN,HYm0AuOT,1.1.5+mc1.21.7-fabric,0,1,8,False,True,False
F6G000483,FMOD0097,CALIBRATION_KNOWN,HYm0AuOT,1.1.5+mc1.21.7-fabric,1,1,8,False,True,False
F6G000484,FMOD0097,CALIBRATION_KNOWN,HYm0AuOT,1.1.5+mc1.21.7-fabric,2,1,8,False,True,False
F6G000485,FMOD0097,CALIBRATION_KNOWN,jlsoSvM2,1.1.5+mc1.21.6-fabric,0,1,8,False,True,False
F6G000486,FMOD0097,CALIBRATION_KNOWN,jlsoSvM2,1.1.5+mc1.21.6-fabric,1,1,8,False,True,False
F6G000487,FMOD0097,CALIBRATION_KNOWN,jlsoSvM2,1.1.5+mc1.21.6-fabric,2,1,8,False,True,False
F6G000488,FMOD0099,TEST_KNOWN,cOTJKyN0,1.9.1+1.19,0,2,1,True,False,False
F6G000495,FMOD0101,CALIBRATION_KNOWN,uGHNJPDL,1.0.0,0,6,1,True,False,False
F6G000496,FMOD0101,CALIBRATION_KNOWN,uGHNJPDL,1.0.0,1,6,1,True,False,False
F6G000497,FMOD0101,CALIBRATION_KNOWN,uGHNJPDL,1.0.0,2,6,1,True,False,False
