query_id,stage,scenario,k_true,known_parent_count,unknown_parent_count,known_parent_ids,unknown_parent_ids,all_parent_ids,component_count,code_count,structured_count,image_count
Q6K00001,CALIBRATION,CAL_KNOWN_K1,1,1,0,"[""FMOD0065""]",[],"[""FMOD0065""]",7,5,1,1
Q6K00002,CALIBRATION,CAL_KNOWN_K1,1,1,0,"[""FMOD0101""]",[],"[""FMOD0101""]",7,5,1,1
Q6K00003,CALIBRATION,CAL_KNOWN_K1,1,1,0,"[""FMOD0058""]",[],"[""FMOD0058""]",7,5,1,1
Q6K00004,CALIBRATION,CAL_KNOWN_K1,1,1,0,"[""FMOD0082""]",[],"[""FMOD0082""]",7,5,1,1
Q6K00005,CALIBRATION,CAL_KNOWN_K1,1,1,0,"[""FMOD0020""]",[],"[""FMOD0020""]",7,5,1,1
Q6K00006,CALIBRATION,CAL_KNOWN_K1,1,1,0,"[""FMOD0081""]",[],"[""FMOD0081""]",7,5,1,1
Q6K00007,CALIBRATION,CAL_KNOWN_K1,1,1,0,"[""FMOD0030""]",[],"[""FMOD0030""]",7,5,1,1
Q6K00008,CALIBRATION,CAL_KNOWN_K1,1,1,0,"[""FMOD0056""]",[],"[""FMOD0056""]",7,5,1,1
Q6K00009,CALIBRATION,CAL_KNOWN_K1,1,1,0,"[""FMOD0034""]",[],"[""FMOD0034""]",7,5,1,1
Q6K00010,CALIBRATION,CAL_KNOWN_K1,1,1,0,"[""FMOD0020""]",[],"[""FMOD0020""]",7,5,1,1
Q6K00011,CALIBRATION,CAL_KNOWN_K1,1,1,0,"[""FMOD0041""]",[],"[""FMOD0041""]",7,5,1,1
Q6K00012,CALIBRATION,CAL_KNOWN_K1,1,1,0,"[""FMOD0045""]",[],"[""FMOD0045""]",7,5,1,1
Q6K00013,CALIBRATION,CAL_KNOWN_K1,1,1,0,"[""FMOD0097""]",[],"[""FMOD0097""]",7,5,1,1
Q6K00014,CALIBRATION,CAL_KNOWN_K1,1,1,0,"[""FMOD0081""]",[],"[""FMOD0081""]",7,5,1,1
Q6K00015,CALIBRATION,CAL_KNOWN_K1,1,1,0,"[""FMOD0039""]",[],"[""FMOD0039""]",7,5,1,1
Q6K00016,CALIBRATION,CAL_KNOWN_K1,1,1,0,"[""FMOD0041""]",[],"[""FMOD0041""]",7,5,1,1
Q6K00017,CALIBRATION,CAL_KNOWN_K1,1,1,0,"[""FMOD0034""]",[],"[""FMOD0034""]",7,5,1,1
Q6K00018,CALIBRATION,CAL_KNOWN_K1,1,1,0,"[""FMOD0082""]",[],"[""FMOD0082""]",7,5,1,1
Q6K00019,CALIBRATION,CAL_KNOWN_K1,1,1,0,"[""FMOD0030""]",[],"[""FMOD0030""]",7,5,1,1
Q6K00020,CALIBRATION,CAL_KNOWN_K1,1,1,0,"[""FMOD0034""]",[],"[""FMOD0034""]",7,5,1,1
Q6K00021,CALIBRATION,CAL_KNOWN_K1,1,1,0,"[""FMOD0034""]",[],"[""FMOD0034""]",7,5,1,1
Q6K00022,CALIBRATION,CAL_KNOWN_K1,1,1,0,"[""FMOD0002""]",[],"[""FMOD0002""]",7,5,1,1
Q6K00023,CALIBRATION,CAL_KNOWN_K1,1,1,0,"[""FMOD0072""]",[],"[""FMOD0072""]",7,5,1,1
Q6K00024,CALIBRATION,CAL_KNOWN_K1,1,1,0,"[""FMOD0052""]",[],"[""FMOD0052""]",7,5,1,1
Q6K00025,CALIBRATION,CAL_KNOWN_K1,1,1,0,"[""FMOD0002""]",[],"[""FMOD0002""]",7,5,1,1
Q6K00026,CALIBRATION,CAL_KNOWN_K1,1,1,0,"[""FMOD0056""]",[],"[""FMOD0056""]",7,5,1,1
Q6K00027,CALIBRATION,CAL_KNOWN_K1,1,1,0,"[""FMOD0063""]",[],"[""FMOD0063""]",7,5,1,1
Q6K00028,CALIBRATION,CAL_KNOWN_K1,1,1,0,"[""FMOD0072""]",[],"[""FMOD0072""]",7,5,1,1
Q6K00029,CALIBRATION,CAL_KNOWN_K1,1,1,0,"[""FMOD0057""]",[],"[""FMOD0057""]",7,5,1,1
Q6K00030,CALIBRATION,CAL_KNOWN_K1,1,1,0,"[""FMOD0034""]",[],"[""FMOD0034""]",7,5,1,1
Q6K00031,CALIBRATION,CAL_KNOWN_K1,1,1,0,"[""FMOD0097""]",[],"[""FMOD0097""]",7,5,1,1
Q6K00032,CALIBRATION,CAL_KNOWN_K1,1,1,0,"[""FMOD0059""]",[],"[""FMOD0059""]",7,5,1,1
Q6K00033,CALIBRATION,CAL_KNOWN_K1,1,1,0,"[""FMOD0101""]",[],"[""FMOD0101""]",7,5,1,1
Q6K00034,CALIBRATION,CAL_KNOWN_K1,1,1,0,"[""FMOD0056""]",[],"[""FMOD0056""]",7,5,1,1
Q6K00035,CALIBRATION,CAL_KNOWN_K1,1,1,0,"[""FMOD0020""]",[],"[""FMOD0020""]",7,5,1,1
Q6K00036,CALIBRATION,CAL_KNOWN_K1,1,1,0,"[""FMOD0030""]",[],"[""FMOD0030""]",7,5,1,1
Q6K00037,CALIBRATION,CAL_KNOWN_K1,1,1,0,"[""FMOD0101""]",[],"[""FMOD0101""]",7,5,1,1
Q6K00038,CALIBRATION,CAL_KNOWN_K1,1,1,0,"[""FMOD0059""]",[],"[""FMOD0059""]",7,5,1,1
Q6K00039,CALIBRATION,CAL_KNOWN_K1,1,1,0,"[""FMOD0065""]",[],"[""FMOD0065""]",7,5,1,1
Q6K00040,CALIBRATION,CAL_KNOWN_K1,1,1,0,"[""FMOD0065""]",[],"[""FMOD0065""]",7,5,1,1
Q6K00041,CALIBRATION,CAL_KNOWN_K1,1,1,0,"[""FMOD0030""]",[],"[""FMOD0030""]",7,5,1,1
Q6K00042,CALIBRATION,CAL_KNOWN_K1,1,1,0,"[""FMOD0045""]",[],"[""FMOD0045""]",7,5,1,1
Q6K00043,CALIBRATION,CAL_KNOWN_K1,1,1,0,"[""FMOD0065""]",[],"[""FMOD0065""]",7,5,1,1
Q6K00044,CALIBRATION,CAL_KNOWN_K1,1,1,0,"[""FMOD0045""]",[],"[""FMOD0045""]",7,5,1,1
Q6K00045,CALIBRATION,CAL_KNOWN_K1,1,1,0,"[""FMOD0039""]",[],"[""FMOD0039""]",7,5,1,1
Q6K00046,CALIBRATION,CAL_KNOWN_K1,1,1,0,"[""FMOD0045""]",[],"[""FMOD0045""]",7,5,1,1
Q6K00047,CALIBRATION,CAL_KNOWN_K1,1,1,0,"[""FMOD0020""]",[],"[""FMOD0020""]",7,5,1,1
Q6K00048,CALIBRATION,CAL_KNOWN_K1,1,1,0,"[""FMOD0057""]",[],"[""FMOD0057""]",7,5,1,1
Q6K00049,CALIBRATION,CAL_KNOWN_K1,1,1,0,"[""FMOD0002""]",[],"[""FMOD0002""]",7,5,1,1
Q6K00050,CALIBRATION,CAL_KNOWN_K1,1,1,0,"[""FMOD0081""]",[],"[""FMOD0081""]",7,5,1,1
Q6K00051,CALIBRATION,CAL_KNOWN_K1,1,1,0,"[""FMOD0082""]",[],"[""FMOD0082""]",7,5,1,1
Q6K00052,CALIBRATION,CAL_KNOWN_K1,1,1,0,"[""FMOD0101""]",[],"[""FMOD0101""]",7,5,1,1
Q6K00053,CALIBRATION,CAL_KNOWN_K1,1,1,0,"[""FMOD0057""]",[],"[""FMOD0057""]",7,5,1,1
Q6K00054,CALIBRATION,CAL_KNOWN_K1,1,1,0,"[""FMOD0072""]",[],"[""FMOD0072""]",7,5,1,1
Q6K00055,CALIBRATION,CAL_KNOWN_K1,1,1,0,"[""FMOD0059""]",[],"[""FMOD0059""]",7,5,1,1
Q6K00056,CALIBRATION,CAL_KNOWN_K1,1,1,0,"[""FMOD0041""]",[],"[""FMOD0041""]",7,5,1,1
Q6K00057,CALIBRATION,CAL_KNOWN_K1,1,1,0,"[""FMOD0057""]",[],"[""FMOD0057""]",7,5,1,1
Q6K00058,CALIBRATION,CAL_KNOWN_K1,1,1,0,"[""FMOD0059""]",[],"[""FMOD0059""]",7,5,1,1
Q6K00059,CALIBRATION,CAL_KNOWN_K1,1,1,0,"[""FMOD0030""]",[],"[""FMOD0030""]",7,5,1,1
Q6K00060,CALIBRATION,CAL_KNOWN_K1,1,1,0,"[""FMOD0065""]",[],"[""FMOD0065""]",7,5,1,1
Q6K00061,CALIBRATION,CAL_KNOWN_K2,2,2,0,"[""FMOD0020"", ""FMOD0058""]",[],"[""FMOD0020"", ""FMOD0058""]",7,5,1,1
Q6K00062,CALIBRATION,CAL_KNOWN_K2,2,2,0,"[""FMOD0039"", ""FMOD0058""]",[],"[""FMOD0039"", ""FMOD0058""]",7,5,1,1
Q6K00063,CALIBRATION,CAL_KNOWN_K2,2,2,0,"[""FMOD0052"", ""FMOD0097""]",[],"[""FMOD0052"", ""FMOD0097""]",7,5,1,1
Q6K00064,CALIBRATION,CAL_KNOWN_K2,2,2,0,"[""FMOD0034"", ""FMOD0057""]",[],"[""FMOD0034"", ""FMOD0057""]",7,5,1,1
Q6K00065,CALIBRATION,CAL_KNOWN_K2,2,2,0,"[""FMOD0030"", ""FMOD0041""]",[],"[""FMOD0030"", ""FMOD0041""]",7,5,1,1
Q6K00066,CALIBRATION,CAL_KNOWN_K2,2,2,0,"[""FMOD0034"", ""FMOD0041""]",[],"[""FMOD0034"", ""FMOD0041""]",7,5,1,1
Q6K00067,CALIBRATION,CAL_KNOWN_K2,2,2,0,"[""FMOD0056"", ""FMOD0058""]",[],"[""FMOD0056"", ""FMOD0058""]",7,5,1,1
Q6K00068,CALIBRATION,CAL_KNOWN_K2,2,2,0,"[""FMOD0056"", ""FMOD0058""]",[],"[""FMOD0056"", ""FMOD0058""]",7,5,1,1
Q6K00069,CALIBRATION,CAL_KNOWN_K2,2,2,0,"[""FMOD0030"", ""FMOD0101""]",[],"[""FMOD0030"", ""FMOD0101""]",7,5,1,1
Q6K00070,CALIBRATION,CAL_KNOWN_K2,2,2,0,"[""FMOD0020"", ""FMOD0041""]",[],"[""FMOD0020"", ""FMOD0041""]",7,5,1,1
Q6K00071,CALIBRATION,CAL_KNOWN_K2,2,2,0,"[""FMOD0057"", ""FMOD0082""]",[],"[""FMOD0057"", ""FMOD0082""]",7,5,1,1
Q6K00072,CALIBRATION,CAL_KNOWN_K2,2,2,0,"[""FMOD0002"", ""FMOD0059""]",[],"[""FMOD0002"", ""FMOD0059""]",7,5,1,1
Q6K00073,CALIBRATION,CAL_KNOWN_K2,2,2,0,"[""FMOD0056"", ""FMOD0081""]",[],"[""FMOD0056"", ""FMOD0081""]",7,5,1,1
Q6K00074,CALIBRATION,CAL_KNOWN_K2,2,2,0,"[""FMOD0056"", ""FMOD0057""]",[],"[""FMOD0056"", ""FMOD0057""]",7,5,1,1
Q6K00075,CALIBRATION,CAL_KNOWN_K2,2,2,0,"[""FMOD0020"", ""FMOD0039""]",[],"[""FMOD0020"", ""FMOD0039""]",7,5,1,1
Q6K00076,CALIBRATION,CAL_KNOWN_K2,2,2,0,"[""FMOD0045"", ""FMOD0063""]",[],"[""FMOD0045"", ""FMOD0063""]",7,5,1,1
Q6K00077,CALIBRATION,CAL_KNOWN_K2,2,2,0,"[""FMOD0030"", ""FMOD0081""]",[],"[""FMOD0030"", ""FMOD0081""]",7,5,1,1
Q6K00078,CALIBRATION,CAL_KNOWN_K2,2,2,0,"[""FMOD0059"", ""FMOD0072""]",[],"[""FMOD0059"", ""FMOD0072""]",7,5,1,1
Q6K00079,CALIBRATION,CAL_KNOWN_K2,2,2,0,"[""FMOD0041"", ""FMOD0082""]",[],"[""FMOD0041"", ""FMOD0082""]",7,5,1,1
Q6K00080,CALIBRATION,CAL_KNOWN_K2,2,2,0,"[""FMOD0065"", ""FMOD0097""]",[],"[""FMOD0065"", ""FMOD0097""]",7,5,1,1
Q6K00081,CALIBRATION,CAL_KNOWN_K2,2,2,0,"[""FMOD0059"", ""FMOD0101""]",[],"[""FMOD0059"", ""FMOD0101""]",7,5,1,1
Q6K00082,CALIBRATION,CAL_KNOWN_K2,2,2,0,"[""FMOD0045"", ""FMOD0057""]",[],"[""FMOD0045"", ""FMOD0057""]",7,5,1,1
Q6K00083,CALIBRATION,CAL_KNOWN_K2,2,2,0,"[""FMOD0034"", ""FMOD0063""]",[],"[""FMOD0034"", ""FMOD0063""]",7,5,1,1
Q6K00084,CALIBRATION,CAL_KNOWN_K2,2,2,0,"[""FMOD0030"", ""FMOD0058""]",[],"[""FMOD0030"", ""FMOD0058""]",7,5,1,1
Q6K00085,CALIBRATION,CAL_KNOWN_K2,2,2,0,"[""FMOD0045"", ""FMOD0058""]",[],"[""FMOD0045"", ""FMOD0058""]",7,5,1,1
Q6K00086,CALIBRATION,CAL_KNOWN_K2,2,2,0,"[""FMOD0034"", ""FMOD0081""]",[],"[""FMOD0034"", ""FMOD0081""]",7,5,1,1
Q6K00087,CALIBRATION,CAL_KNOWN_K2,2,2,0,"[""FMOD0020"", ""FMOD0039""]",[],"[""FMOD0020"", ""FMOD0039""]",7,5,1,1
Q6K00088,CALIBRATION,CAL_KNOWN_K2,2,2,0,"[""FMOD0058"", ""FMOD0081""]",[],"[""FMOD0058"", ""FMOD0081""]",7,5,1,1
Q6K00089,CALIBRATION,CAL_KNOWN_K2,2,2,0,"[""FMOD0020"", ""FMOD0039""]",[],"[""FMOD0020"", ""FMOD0039""]",7,5,1,1
Q6K00090,CALIBRATION,CAL_KNOWN_K2,2,2,0,"[""FMOD0034"", ""FMOD0101""]",[],"[""FMOD0034"", ""FMOD0101""]",7,5,1,1
Q6K00091,CALIBRATION,CAL_KNOWN_K2,2,2,0,"[""FMOD0030"", ""FMOD0041""]",[],"[""FMOD0030"", ""FMOD0041""]",7,5,1,1
Q6K00092,CALIBRATION,CAL_KNOWN_K2,2,2,0,"[""FMOD0034"", ""FMOD0081""]",[],"[""FMOD0034"", ""FMOD0081""]",7,5,1,1
Q6K00093,CALIBRATION,CAL_KNOWN_K2,2,2,0,"[""FMOD0002"", ""FMOD0081""]",[],"[""FMOD0002"", ""FMOD0081""]",7,5,1,1
Q6K00094,CALIBRATION,CAL_KNOWN_K2,2,2,0,"[""FMOD0063"", ""FMOD0097""]",[],"[""FMOD0063"", ""FMOD0097""]",7,5,1,1
Q6K00095,CALIBRATION,CAL_KNOWN_K2,2,2,0,"[""FMOD0002"", ""FMOD0052""]",[],"[""FMOD0002"", ""FMOD0052""]",7,5,1,1
Q6K00096,CALIBRATION,CAL_KNOWN_K2,2,2,0,"[""FMOD0034"", ""FMOD0082""]",[],"[""FMOD0034"", ""FMOD0082""]",7,5,1,1
Q6K00097,CALIBRATION,CAL_KNOWN_K2,2,2,0,"[""FMOD0058"", ""FMOD0101""]",[],"[""FMOD0058"", ""FMOD0101""]",7,5,1,1
Q6K00098,CALIBRATION,CAL_KNOWN_K2,2,2,0,"[""FMOD0002"", ""FMOD0097""]",[],"[""FMOD0002"", ""FMOD0097""]",7,5,1,1
Q6K00099,CALIBRATION,CAL_KNOWN_K2,2,2,0,"[""FMOD0030"", ""FMOD0045""]",[],"[""FMOD0030"", ""FMOD0045""]",7,5,1,1
Q6K00100,CALIBRATION,CAL_KNOWN_K2,2,2,0,"[""FMOD0034"", ""FMOD0058""]",[],"[""FMOD0034"", ""FMOD0058""]",7,5,1,1
Q6K00101,CALIBRATION,CAL_KNOWN_K2,2,2,0,"[""FMOD0059"", ""FMOD0065""]",[],"[""FMOD0059"", ""FMOD0065""]",7,5,1,1
Q6K00102,CALIBRATION,CAL_KNOWN_K2,2,2,0,"[""FMOD0063"", ""FMOD0097""]",[],"[""FMOD0063"", ""FMOD0097""]",7,5,1,1
Q6K00103,CALIBRATION,CAL_KNOWN_K2,2,2,0,"[""FMOD0039"", ""FMOD0058""]",[],"[""FMOD0039"", ""FMOD0058""]",7,5,1,1
Q6K00104,CALIBRATION,CAL_KNOWN_K2,2,2,0,"[""FMOD0030"", ""FMOD0056""]",[],"[""FMOD0030"", ""FMOD0056""]",7,5,1,1
Q6K00105,CALIBRATION,CAL_KNOWN_K2,2,2,0,"[""FMOD0059"", ""FMOD0097""]",[],"[""FMOD0059"", ""FMOD0097""]",7,5,1,1
Q6K00106,CALIBRATION,CAL_KNOWN_K2,2,2,0,"[""FMOD0072"", ""FMOD0097""]",[],"[""FMOD0072"", ""FMOD0097""]",7,5,1,1
Q6K00107,CALIBRATION,CAL_KNOWN_K2,2,2,0,"[""FMOD0020"", ""FMOD0059""]",[],"[""FMOD0020"", ""FMOD0059""]",7,5,1,1
Q6K00108,CALIBRATION,CAL_KNOWN_K2,2,2,0,"[""FMOD0030"", ""FMOD0058""]",[],"[""FMOD0030"", ""FMOD0058""]",7,5,1,1
Q6K00109,CALIBRATION,CAL_KNOWN_K2,2,2,0,"[""FMOD0052"", ""FMOD0056""]",[],"[""FMOD0052"", ""FMOD0056""]",7,5,1,1
Q6K00110,CALIBRATION,CAL_KNOWN_K2,2,2,0,"[""FMOD0030"", ""FMOD0056""]",[],"[""FMOD0030"", ""FMOD0056""]",7,5,1,1
Q6K00111,CALIBRATION,CAL_KNOWN_K2,2,2,0,"[""FMOD0058"", ""FMOD0065""]",[],"[""FMOD0058"", ""FMOD0065""]",7,5,1,1
Q6K00112,CALIBRATION,CAL_KNOWN_K2,2,2,0,"[""FMOD0045"", ""FMOD0058""]",[],"[""FMOD0045"", ""FMOD0058""]",7,5,1,1
Q6K00113,CALIBRATION,CAL_KNOWN_K2,2,2,0,"[""FMOD0041"", ""FMOD0072""]",[],"[""FMOD0041"", ""FMOD0072""]",7,5,1,1
Q6K00114,CALIBRATION,CAL_KNOWN_K2,2,2,0,"[""FMOD0039"", ""FMOD0065""]",[],"[""FMOD0039"", ""FMOD0065""]",7,5,1,1
Q6K00115,CALIBRATION,CAL_KNOWN_K2,2,2,0,"[""FMOD0020"", ""FMOD0056""]",[],"[""FMOD0020"", ""FMOD0056""]",7,5,1,1
Q6K00116,CALIBRATION,CAL_KNOWN_K2,2,2,0,"[""FMOD0030"", ""FMOD0034""]",[],"[""FMOD0030"", ""FMOD0034""]",7,5,1,1
Q6K00117,CALIBRATION,CAL_KNOWN_K2,2,2,0,"[""FMOD0052"", ""FMOD0072""]",[],"[""FMOD0052"", ""FMOD0072""]",7,5,1,1
Q6K00118,CALIBRATION,CAL_KNOWN_K2,2,2,0,"[""FMOD0081"", ""FMOD0082""]",[],"[""FMOD0081"", ""FMOD0082""]",7,5,1,1
Q6K00119,CALIBRATION,CAL_KNOWN_K2,2,2,0,"[""FMOD0002"", ""FMOD0057""]",[],"[""FMOD0002"", ""FMOD0057""]",7,5,1,1
Q6K00120,CALIBRATION,CAL_KNOWN_K2,2,2,0,"[""FMOD0034"", ""FMOD0082""]",[],"[""FMOD0034"", ""FMOD0082""]",7,5,1,1
Q6K00121,CALIBRATION,CAL_KNOWN_K3,3,3,0,"[""FMOD0041"", ""FMOD0052"", ""FMOD0063""]",[],"[""FMOD0041"", ""FMOD0052"", ""FMOD0063""]",7,5,1,1
Q6K00122,CALIBRATION,CAL_KNOWN_K3,3,3,0,"[""FMOD0002"", ""FMOD0056"", ""FMOD0072""]",[],"[""FMOD0002"", ""FMOD0056"", ""FMOD0072""]",7,5,1,1
Q6K00123,CALIBRATION,CAL_KNOWN_K3,3,3,0,"[""FMOD0045"", ""FMOD0058"", ""FMOD0072""]",[],"[""FMOD0045"", ""FMOD0058"", ""FMOD0072""]",7,5,1,1
Q6K00124,CALIBRATION,CAL_KNOWN_K3,3,3,0,"[""FMOD0063"", ""FMOD0097"", ""FMOD0101""]",[],"[""FMOD0063"", ""FMOD0097"", ""FMOD0101""]",7,5,1,1
Q6K00125,CALIBRATION,CAL_KNOWN_K3,3,3,0,"[""FMOD0020"", ""FMOD0039"", ""FMOD0097""]",[],"[""FMOD0020"", ""FMOD0039"", ""FMOD0097""]",7,5,1,1
Q6K00126,CALIBRATION,CAL_KNOWN_K3,3,3,0,"[""FMOD0052"", ""FMOD0057"", ""FMOD0101""]",[],"[""FMOD0052"", ""FMOD0057"", ""FMOD0101""]",7,5,1,1
Q6K00127,CALIBRATION,CAL_KNOWN_K3,3,3,0,"[""FMOD0045"", ""FMOD0058"", ""FMOD0072""]",[],"[""FMOD0045"", ""FMOD0058"", ""FMOD0072""]",7,5,1,1
Q6K00128,CALIBRATION,CAL_KNOWN_K3,3,3,0,"[""FMOD0059"", ""FMOD0097"", ""FMOD0101""]",[],"[""FMOD0059"", ""FMOD0097"", ""FMOD0101""]",7,5,1,1
Q6K00129,CALIBRATION,CAL_KNOWN_K3,3,3,0,"[""FMOD0065"", ""FMOD0072"", ""FMOD0097""]",[],"[""FMOD0065"", ""FMOD0072"", ""FMOD0097""]",7,5,1,1
Q6K00130,CALIBRATION,CAL_KNOWN_K3,3,3,0,"[""FMOD0002"", ""FMOD0020"", ""FMOD0041""]",[],"[""FMOD0002"", ""FMOD0020"", ""FMOD0041""]",7,5,1,1
Q6K00131,CALIBRATION,CAL_KNOWN_K3,3,3,0,"[""FMOD0059"", ""FMOD0072"", ""FMOD0082""]",[],"[""FMOD0059"", ""FMOD0072"", ""FMOD0082""]",7,5,1,1
Q6K00132,CALIBRATION,CAL_KNOWN_K3,3,3,0,"[""FMOD0039"", ""FMOD0056"", ""FMOD0082""]",[],"[""FMOD0039"", ""FMOD0056"", ""FMOD0082""]",7,5,1,1
Q6K00133,CALIBRATION,CAL_KNOWN_K3,3,3,0,"[""FMOD0034"", ""FMOD0097"", ""FMOD0101""]",[],"[""FMOD0034"", ""FMOD0097"", ""FMOD0101""]",7,5,1,1
Q6K00134,CALIBRATION,CAL_KNOWN_K3,3,3,0,"[""FMOD0056"", ""FMOD0057"", ""FMOD0065""]",[],"[""FMOD0056"", ""FMOD0057"", ""FMOD0065""]",7,5,1,1
Q6K00135,CALIBRATION,CAL_KNOWN_K3,3,3,0,"[""FMOD0063"", ""FMOD0065"", ""FMOD0072""]",[],"[""FMOD0063"", ""FMOD0065"", ""FMOD0072""]",7,5,1,1
Q6K00136,CALIBRATION,CAL_KNOWN_K3,3,3,0,"[""FMOD0059"", ""FMOD0081"", ""FMOD0082""]",[],"[""FMOD0059"", ""FMOD0081"", ""FMOD0082""]",7,5,1,1
Q6K00137,CALIBRATION,CAL_KNOWN_K3,3,3,0,"[""FMOD0020"", ""FMOD0039"", ""FMOD0072""]",[],"[""FMOD0020"", ""FMOD0039"", ""FMOD0072""]",7,5,1,1
Q6K00138,CALIBRATION,CAL_KNOWN_K3,3,3,0,"[""FMOD0056"", ""FMOD0057"", ""FMOD0072""]",[],"[""FMOD0056"", ""FMOD0057"", ""FMOD0072""]",7,5,1,1
Q6K00139,CALIBRATION,CAL_KNOWN_K3,3,3,0,"[""FMOD0020"", ""FMOD0039"", ""FMOD0072""]",[],"[""FMOD0020"", ""FMOD0039"", ""FMOD0072""]",7,5,1,1
Q6K00140,CALIBRATION,CAL_KNOWN_K3,3,3,0,"[""FMOD0020"", ""FMOD0039"", ""FMOD0101""]",[],"[""FMOD0020"", ""FMOD0039"", ""FMOD0101""]",7,5,1,1
Q6K00141,CALIBRATION,CAL_KNOWN_K3,3,3,0,"[""FMOD0002"", ""FMOD0030"", ""FMOD0072""]",[],"[""FMOD0002"", ""FMOD0030"", ""FMOD0072""]",7,5,1,1
Q6K00142,CALIBRATION,CAL_KNOWN_K3,3,3,0,"[""FMOD0041"", ""FMOD0056"", ""FMOD0058""]",[],"[""FMOD0041"", ""FMOD0056"", ""FMOD0058""]",7,5,1,1
Q6K00143,CALIBRATION,CAL_KNOWN_K3,3,3,0,"[""FMOD0002"", ""FMOD0057"", ""FMOD0101""]",[],"[""FMOD0002"", ""FMOD0057"", ""FMOD0101""]",7,5,1,1
Q6K00144,CALIBRATION,CAL_KNOWN_K3,3,3,0,"[""FMOD0020"", ""FMOD0034"", ""FMOD0063""]",[],"[""FMOD0020"", ""FMOD0034"", ""FMOD0063""]",7,5,1,1
Q6K00145,CALIBRATION,CAL_KNOWN_K3,3,3,0,"[""FMOD0030"", ""FMOD0065"", ""FMOD0081""]",[],"[""FMOD0030"", ""FMOD0065"", ""FMOD0081""]",7,5,1,1
Q6K00146,CALIBRATION,CAL_KNOWN_K3,3,3,0,"[""FMOD0002"", ""FMOD0034"", ""FMOD0045""]",[],"[""FMOD0002"", ""FMOD0034"", ""FMOD0045""]",7,5,1,1
Q6K00147,CALIBRATION,CAL_KNOWN_K3,3,3,0,"[""FMOD0002"", ""FMOD0034"", ""FMOD0097""]",[],"[""FMOD0002"", ""FMOD0034"", ""FMOD0097""]",7,5,1,1
Q6K00148,CALIBRATION,CAL_KNOWN_K3,3,3,0,"[""FMOD0052"", ""FMOD0056"", ""FMOD0101""]",[],"[""FMOD0052"", ""FMOD0056"", ""FMOD0101""]",7,5,1,1
Q6K00149,CALIBRATION,CAL_KNOWN_K3,3,3,0,"[""FMOD0058"", ""FMOD0065"", ""FMOD0081""]",[],"[""FMOD0058"", ""FMOD0065"", ""FMOD0081""]",7,5,1,1
Q6K00150,CALIBRATION,CAL_KNOWN_K3,3,3,0,"[""FMOD0002"", ""FMOD0063"", ""FMOD0101""]",[],"[""FMOD0002"", ""FMOD0063"", ""FMOD0101""]",7,5,1,1
Q6K00151,CALIBRATION,CAL_KNOWN_K3,3,3,0,"[""FMOD0059"", ""FMOD0082"", ""FMOD0101""]",[],"[""FMOD0059"", ""FMOD0082"", ""FMOD0101""]",7,5,1,1
Q6K00152,CALIBRATION,CAL_KNOWN_K3,3,3,0,"[""FMOD0030"", ""FMOD0052"", ""FMOD0101""]",[],"[""FMOD0030"", ""FMOD0052"", ""FMOD0101""]",7,5,1,1
Q6K00153,CALIBRATION,CAL_KNOWN_K3,3,3,0,"[""FMOD0002"", ""FMOD0057"", ""FMOD0058""]",[],"[""FMOD0002"", ""FMOD0057"", ""FMOD0058""]",7,5,1,1
Q6K00154,CALIBRATION,CAL_KNOWN_K3,3,3,0,"[""FMOD0002"", ""FMOD0020"", ""FMOD0056""]",[],"[""FMOD0002"", ""FMOD0020"", ""FMOD0056""]",7,5,1,1
Q6K00155,CALIBRATION,CAL_KNOWN_K3,3,3,0,"[""FMOD0039"", ""FMOD0056"", ""FMOD0059""]",[],"[""FMOD0039"", ""FMOD0056"", ""FMOD0059""]",7,5,1,1
Q6K00156,CALIBRATION,CAL_KNOWN_K3,3,3,0,"[""FMOD0002"", ""FMOD0057"", ""FMOD0065""]",[],"[""FMOD0002"", ""FMOD0057"", ""FMOD0065""]",7,5,1,1
Q6K00157,CALIBRATION,CAL_KNOWN_K3,3,3,0,"[""FMOD0020"", ""FMOD0030"", ""FMOD0082""]",[],"[""FMOD0020"", ""FMOD0030"", ""FMOD0082""]",7,5,1,1
Q6K00158,CALIBRATION,CAL_KNOWN_K3,3,3,0,"[""FMOD0052"", ""FMOD0057"", ""FMOD0097""]",[],"[""FMOD0052"", ""FMOD0057"", ""FMOD0097""]",7,5,1,1
Q6K00159,CALIBRATION,CAL_KNOWN_K3,3,3,0,"[""FMOD0041"", ""FMOD0072"", ""FMOD0082""]",[],"[""FMOD0041"", ""FMOD0072"", ""FMOD0082""]",7,5,1,1
Q6K00160,CALIBRATION,CAL_KNOWN_K3,3,3,0,"[""FMOD0041"", ""FMOD0052"", ""FMOD0072""]",[],"[""FMOD0041"", ""FMOD0052"", ""FMOD0072""]",7,5,1,1
Q6K00161,CALIBRATION,CAL_KNOWN_K3,3,3,0,"[""FMOD0041"", ""FMOD0059"", ""FMOD0063""]",[],"[""FMOD0041"", ""FMOD0059"", ""FMOD0063""]",7,5,1,1
Q6K00162,CALIBRATION,CAL_KNOWN_K3,3,3,0,"[""FMOD0045"", ""FMOD0058"", ""FMOD0082""]",[],"[""FMOD0045"", ""FMOD0058"", ""FMOD0082""]",7,5,1,1
Q6K00163,CALIBRATION,CAL_KNOWN_K3,3,3,0,"[""FMOD0030"", ""FMOD0034"", ""FMOD0052""]",[],"[""FMOD0030"", ""FMOD0034"", ""FMOD0052""]",7,5,1,1
Q6K00164,CALIBRATION,CAL_KNOWN_K3,3,3,0,"[""FMOD0002"", ""FMOD0034"", ""FMOD0058""]",[],"[""FMOD0002"", ""FMOD0034"", ""FMOD0058""]",7,5,1,1
Q6K00165,CALIBRATION,CAL_KNOWN_K3,3,3,0,"[""FMOD0034"", ""FMOD0052"", ""FMOD0081""]",[],"[""FMOD0034"", ""FMOD0052"", ""FMOD0081""]",7,5,1,1
Q6K00166,CALIBRATION,CAL_KNOWN_K3,3,3,0,"[""FMOD0020"", ""FMOD0056"", ""FMOD0065""]",[],"[""FMOD0020"", ""FMOD0056"", ""FMOD0065""]",7,5,1,1
Q6K00167,CALIBRATION,CAL_KNOWN_K3,3,3,0,"[""FMOD0034"", ""FMOD0045"", ""FMOD0081""]",[],"[""FMOD0034"", ""FMOD0045"", ""FMOD0081""]",7,5,1,1
Q6K00168,CALIBRATION,CAL_KNOWN_K3,3,3,0,"[""FMOD0002"", ""FMOD0063"", ""FMOD0081""]",[],"[""FMOD0002"", ""FMOD0063"", ""FMOD0081""]",7,5,1,1
Q6K00169,CALIBRATION,CAL_KNOWN_K3,3,3,0,"[""FMOD0065"", ""FMOD0072"", ""FMOD0097""]",[],"[""FMOD0065"", ""FMOD0072"", ""FMOD0097""]",7,5,1,1
Q6K00170,CALIBRATION,CAL_KNOWN_K3,3,3,0,"[""FMOD0034"", ""FMOD0041"", ""FMOD0057""]",[],"[""FMOD0034"", ""FMOD0041"", ""FMOD0057""]",7,5,1,1
Q6K00171,CALIBRATION,CAL_KNOWN_K3,3,3,0,"[""FMOD0030"", ""FMOD0056"", ""FMOD0059""]",[],"[""FMOD0030"", ""FMOD0056"", ""FMOD0059""]",7,5,1,1
Q6K00172,CALIBRATION,CAL_KNOWN_K3,3,3,0,"[""FMOD0030"", ""FMOD0063"", ""FMOD0065""]",[],"[""FMOD0030"", ""FMOD0063"", ""FMOD0065""]",7,5,1,1
Q6K00173,CALIBRATION,CAL_KNOWN_K3,3,3,0,"[""FMOD0034"", ""FMOD0041"", ""FMOD0059""]",[],"[""FMOD0034"", ""FMOD0041"", ""FMOD0059""]",7,5,1,1
Q6K00174,CALIBRATION,CAL_KNOWN_K3,3,3,0,"[""FMOD0034"", ""FMOD0039"", ""FMOD0063""]",[],"[""FMOD0034"", ""FMOD0039"", ""FMOD0063""]",7,5,1,1
Q6K00175,CALIBRATION,CAL_KNOWN_K3,3,3,0,"[""FMOD0056"", ""FMOD0058"", ""FMOD0072""]",[],"[""FMOD0056"", ""FMOD0058"", ""FMOD0072""]",7,5,1,1
Q6K00176,CALIBRATION,CAL_KNOWN_K3,3,3,0,"[""FMOD0020"", ""FMOD0065"", ""FMOD0081""]",[],"[""FMOD0020"", ""FMOD0065"", ""FMOD0081""]",7,5,1,1
Q6K00177,CALIBRATION,CAL_KNOWN_K3,3,3,0,"[""FMOD0057"", ""FMOD0082"", ""FMOD0097""]",[],"[""FMOD0057"", ""FMOD0082"", ""FMOD0097""]",7,5,1,1
Q6K00178,CALIBRATION,CAL_KNOWN_K3,3,3,0,"[""FMOD0030"", ""FMOD0058"", ""FMOD0081""]",[],"[""FMOD0030"", ""FMOD0058"", ""FMOD0081""]",7,5,1,1
Q6K00179,CALIBRATION,CAL_KNOWN_K3,3,3,0,"[""FMOD0034"", ""FMOD0057"", ""FMOD0081""]",[],"[""FMOD0034"", ""FMOD0057"", ""FMOD0081""]",7,5,1,1
Q6K00180,CALIBRATION,CAL_KNOWN_K3,3,3,0,"[""FMOD0039"", ""FMOD0065"", ""FMOD0072""]",[],"[""FMOD0039"", ""FMOD0065"", ""FMOD0072""]",7,5,1,1
Q6K00181,TEST,TEST_KNOWN_K1,1,1,0,"[""FMOD0077""]",[],"[""FMOD0077""]",7,5,1,1
Q6K00182,TEST,TEST_KNOWN_K1,1,1,0,"[""FMOD0001""]",[],"[""FMOD0001""]",7,5,1,1
Q6K00183,TEST,TEST_KNOWN_K1,1,1,0,"[""FMOD0023""]",[],"[""FMOD0023""]",7,5,1,1
Q6K00184,TEST,TEST_KNOWN_K1,1,1,0,"[""FMOD0004""]",[],"[""FMOD0004""]",7,5,1,1
Q6K00185,TEST,TEST_KNOWN_K1,1,1,0,"[""FMOD0096""]",[],"[""FMOD0096""]",7,5,1,1
Q6K00186,TEST,TEST_KNOWN_K1,1,1,0,"[""FMOD0077""]",[],"[""FMOD0077""]",7,5,1,1
Q6K00187,TEST,TEST_KNOWN_K1,1,1,0,"[""FMOD0086""]",[],"[""FMOD0086""]",7,5,1,1
Q6K00188,TEST,TEST_KNOWN_K1,1,1,0,"[""FMOD0001""]",[],"[""FMOD0001""]",7,5,1,1
Q6K00189,TEST,TEST_KNOWN_K1,1,1,0,"[""FMOD0087""]",[],"[""FMOD0087""]",7,5,1,1
Q6K00190,TEST,TEST_KNOWN_K1,1,1,0,"[""FMOD0050""]",[],"[""FMOD0050""]",7,5,1,1
Q6K00191,TEST,TEST_KNOWN_K1,1,1,0,"[""FMOD0086""]",[],"[""FMOD0086""]",7,5,1,1
Q6K00192,TEST,TEST_KNOWN_K1,1,1,0,"[""FMOD0086""]",[],"[""FMOD0086""]",7,5,1,1
Q6K00193,TEST,TEST_KNOWN_K1,1,1,0,"[""FMOD0025""]",[],"[""FMOD0025""]",7,5,1,1
Q6K00194,TEST,TEST_KNOWN_K1,1,1,0,"[""FMOD0083""]",[],"[""FMOD0083""]",7,5,1,1
Q6K00195,TEST,TEST_KNOWN_K1,1,1,0,"[""FMOD0061""]",[],"[""FMOD0061""]",7,5,1,1
Q6K00196,TEST,TEST_KNOWN_K1,1,1,0,"[""FMOD0050""]",[],"[""FMOD0050""]",7,5,1,1
Q6K00197,TEST,TEST_KNOWN_K1,1,1,0,"[""FMOD0069""]",[],"[""FMOD0069""]",7,5,1,1
Q6K00198,TEST,TEST_KNOWN_K1,1,1,0,"[""FMOD0043""]",[],"[""FMOD0043""]",7,5,1,1
Q6K00199,TEST,TEST_KNOWN_K1,1,1,0,"[""FMOD0067""]",[],"[""FMOD0067""]",7,5,1,1
Q6K00200,TEST,TEST_KNOWN_K1,1,1,0,"[""FMOD0051""]",[],"[""FMOD0051""]",7,5,1,1
Q6K00201,TEST,TEST_KNOWN_K1,1,1,0,"[""FMOD0066""]",[],"[""FMOD0066""]",7,5,1,1
Q6K00202,TEST,TEST_KNOWN_K1,1,1,0,"[""FMOD0087""]",[],"[""FMOD0087""]",7,5,1,1
Q6K00203,TEST,TEST_KNOWN_K1,1,1,0,"[""FMOD0079""]",[],"[""FMOD0079""]",7,5,1,1
Q6K00204,TEST,TEST_KNOWN_K1,1,1,0,"[""FMOD0050""]",[],"[""FMOD0050""]",7,5,1,1
Q6K00205,TEST,TEST_KNOWN_K1,1,1,0,"[""FMOD0051""]",[],"[""FMOD0051""]",7,5,1,1
Q6K00206,TEST,TEST_KNOWN_K1,1,1,0,"[""FMOD0016""]",[],"[""FMOD0016""]",7,5,1,1
Q6K00207,TEST,TEST_KNOWN_K1,1,1,0,"[""FMOD0023""]",[],"[""FMOD0023""]",7,5,1,1
Q6K00208,TEST,TEST_KNOWN_K1,1,1,0,"[""FMOD0079""]",[],"[""FMOD0079""]",7,5,1,1
Q6K00209,TEST,TEST_KNOWN_K1,1,1,0,"[""FMOD0089""]",[],"[""FMOD0089""]",7,5,1,1
Q6K00210,TEST,TEST_KNOWN_K1,1,1,0,"[""FMOD0023""]",[],"[""FMOD0023""]",7,5,1,1
Q6K00211,TEST,TEST_KNOWN_K1,1,1,0,"[""FMOD0053""]",[],"[""FMOD0053""]",7,5,1,1
Q6K00212,TEST,TEST_KNOWN_K1,1,1,0,"[""FMOD0060""]",[],"[""FMOD0060""]",7,5,1,1
Q6K00213,TEST,TEST_KNOWN_K1,1,1,0,"[""FMOD0087""]",[],"[""FMOD0087""]",7,5,1,1
Q6K00214,TEST,TEST_KNOWN_K1,1,1,0,"[""FMOD0044""]",[],"[""FMOD0044""]",7,5,1,1
Q6K00215,TEST,TEST_KNOWN_K1,1,1,0,"[""FMOD0025""]",[],"[""FMOD0025""]",7,5,1,1
Q6K00216,TEST,TEST_KNOWN_K1,1,1,0,"[""FMOD0016""]",[],"[""FMOD0016""]",7,5,1,1
Q6K00217,TEST,TEST_KNOWN_K1,1,1,0,"[""FMOD0016""]",[],"[""FMOD0016""]",7,5,1,1
Q6K00218,TEST,TEST_KNOWN_K1,1,1,0,"[""FMOD0083""]",[],"[""FMOD0083""]",7,5,1,1
Q6K00219,TEST,TEST_KNOWN_K1,1,1,0,"[""FMOD0060""]",[],"[""FMOD0060""]",7,5,1,1
Q6K00220,TEST,TEST_KNOWN_K1,1,1,0,"[""FMOD0074""]",[],"[""FMOD0074""]",7,5,1,1
Q6K00221,TEST,TEST_KNOWN_K1,1,1,0,"[""FMOD0023""]",[],"[""FMOD0023""]",7,5,1,1
Q6K00222,TEST,TEST_KNOWN_K1,1,1,0,"[""FMOD0061""]",[],"[""FMOD0061""]",7,5,1,1
Q6K00223,TEST,TEST_KNOWN_K1,1,1,0,"[""FMOD0003""]",[],"[""FMOD0003""]",7,5,1,1
Q6K00224,TEST,TEST_KNOWN_K1,1,1,0,"[""FMOD0074""]",[],"[""FMOD0074""]",7,5,1,1
Q6K00225,TEST,TEST_KNOWN_K1,1,1,0,"[""FMOD0074""]",[],"[""FMOD0074""]",7,5,1,1
Q6K00226,TEST,TEST_KNOWN_K1,1,1,0,"[""FMOD0053""]",[],"[""FMOD0053""]",7,5,1,1
Q6K00227,TEST,TEST_KNOWN_K1,1,1,0,"[""FMOD0096""]",[],"[""FMOD0096""]",7,5,1,1
Q6K00228,TEST,TEST_KNOWN_K1,1,1,0,"[""FMOD0011""]",[],"[""FMOD0011""]",7,5,1,1
Q6K00229,TEST,TEST_KNOWN_K1,1,1,0,"[""FMOD0086""]",[],"[""FMOD0086""]",7,5,1,1
Q6K00230,TEST,TEST_KNOWN_K1,1,1,0,"[""FMOD0036""]",[],"[""FMOD0036""]",7,5,1,1
Q6K00231,TEST,TEST_KNOWN_K1,1,1,0,"[""FMOD0079""]",[],"[""FMOD0079""]",7,5,1,1
Q6K00232,TEST,TEST_KNOWN_K1,1,1,0,"[""FMOD0060""]",[],"[""FMOD0060""]",7,5,1,1
Q6K00233,TEST,TEST_KNOWN_K1,1,1,0,"[""FMOD0055""]",[],"[""FMOD0055""]",7,5,1,1
Q6K00234,TEST,TEST_KNOWN_K1,1,1,0,"[""FMOD0001""]",[],"[""FMOD0001""]",7,5,1,1
Q6K00235,TEST,TEST_KNOWN_K1,1,1,0,"[""FMOD0096""]",[],"[""FMOD0096""]",7,5,1,1
Q6K00236,TEST,TEST_KNOWN_K1,1,1,0,"[""FMOD0036""]",[],"[""FMOD0036""]",7,5,1,1
Q6K00237,TEST,TEST_KNOWN_K1,1,1,0,"[""FMOD0067""]",[],"[""FMOD0067""]",7,5,1,1
Q6K00238,TEST,TEST_KNOWN_K1,1,1,0,"[""FMOD0079""]",[],"[""FMOD0079""]",7,5,1,1
Q6K00239,TEST,TEST_KNOWN_K1,1,1,0,"[""FMOD0055""]",[],"[""FMOD0055""]",7,5,1,1
Q6K00240,TEST,TEST_KNOWN_K1,1,1,0,"[""FMOD0069""]",[],"[""FMOD0069""]",7,5,1,1
Q6K00241,TEST,TEST_KNOWN_K2,2,2,0,"[""FMOD0011"", ""FMOD0025""]",[],"[""FMOD0011"", ""FMOD0025""]",7,5,1,1
Q6K00242,TEST,TEST_KNOWN_K2,2,2,0,"[""FMOD0025"", ""FMOD0089""]",[],"[""FMOD0025"", ""FMOD0089""]",7,5,1,1
Q6K00243,TEST,TEST_KNOWN_K2,2,2,0,"[""FMOD0044"", ""FMOD0067""]",[],"[""FMOD0044"", ""FMOD0067""]",7,5,1,1
Q6K00244,TEST,TEST_KNOWN_K2,2,2,0,"[""FMOD0023"", ""FMOD0089""]",[],"[""FMOD0023"", ""FMOD0089""]",7,5,1,1
Q6K00245,TEST,TEST_KNOWN_K2,2,2,0,"[""FMOD0022"", ""FMOD0086""]",[],"[""FMOD0022"", ""FMOD0086""]",7,5,1,1
Q6K00246,TEST,TEST_KNOWN_K2,2,2,0,"[""FMOD0005"", ""FMOD0053""]",[],"[""FMOD0005"", ""FMOD0053""]",7,5,1,1
Q6K00247,TEST,TEST_KNOWN_K2,2,2,0,"[""FMOD0060"", ""FMOD0069""]",[],"[""FMOD0060"", ""FMOD0069""]",7,5,1,1
Q6K00248,TEST,TEST_KNOWN_K2,2,2,0,"[""FMOD0035"", ""FMOD0040""]",[],"[""FMOD0035"", ""FMOD0040""]",7,5,1,1
Q6K00249,TEST,TEST_KNOWN_K2,2,2,0,"[""FMOD0040"", ""FMOD0074""]",[],"[""FMOD0040"", ""FMOD0074""]",7,5,1,1
Q6K00250,TEST,TEST_KNOWN_K2,2,2,0,"[""FMOD0096"", ""FMOD0099""]",[],"[""FMOD0096"", ""FMOD0099""]",7,5,1,1
Q6K00251,TEST,TEST_KNOWN_K2,2,2,0,"[""FMOD0044"", ""FMOD0067""]",[],"[""FMOD0044"", ""FMOD0067""]",7,5,1,1
Q6K00252,TEST,TEST_KNOWN_K2,2,2,0,"[""FMOD0043"", ""FMOD0086""]",[],"[""FMOD0043"", ""FMOD0086""]",7,5,1,1
Q6K00253,TEST,TEST_KNOWN_K2,2,2,0,"[""FMOD0016"", ""FMOD0051""]",[],"[""FMOD0016"", ""FMOD0051""]",7,5,1,1
Q6K00254,TEST,TEST_KNOWN_K2,2,2,0,"[""FMOD0040"", ""FMOD0083""]",[],"[""FMOD0040"", ""FMOD0083""]",7,5,1,1
Q6K00255,TEST,TEST_KNOWN_K2,2,2,0,"[""FMOD0016"", ""FMOD0053""]",[],"[""FMOD0016"", ""FMOD0053""]",7,5,1,1
Q6K00256,TEST,TEST_KNOWN_K2,2,2,0,"[""FMOD0083"", ""FMOD0087""]",[],"[""FMOD0083"", ""FMOD0087""]",7,5,1,1
Q6K00257,TEST,TEST_KNOWN_K2,2,2,0,"[""FMOD0043"", ""FMOD0077""]",[],"[""FMOD0043"", ""FMOD0077""]",7,5,1,1
Q6K00258,TEST,TEST_KNOWN_K2,2,2,0,"[""FMOD0001"", ""FMOD0096""]",[],"[""FMOD0001"", ""FMOD0096""]",7,5,1,1
Q6K00259,TEST,TEST_KNOWN_K2,2,2,0,"[""FMOD0043"", ""FMOD0089""]",[],"[""FMOD0043"", ""FMOD0089""]",7,5,1,1
Q6K00260,TEST,TEST_KNOWN_K2,2,2,0,"[""FMOD0001"", ""FMOD0099""]",[],"[""FMOD0001"", ""FMOD0099""]",7,5,1,1
Q6K00261,TEST,TEST_KNOWN_K2,2,2,0,"[""FMOD0022"", ""FMOD0067""]",[],"[""FMOD0022"", ""FMOD0067""]",7,5,1,1
Q6K00262,TEST,TEST_KNOWN_K2,2,2,0,"[""FMOD0060"", ""FMOD0069""]",[],"[""FMOD0060"", ""FMOD0069""]",7,5,1,1
Q6K00263,TEST,TEST_KNOWN_K2,2,2,0,"[""FMOD0043"", ""FMOD0096""]",[],"[""FMOD0043"", ""FMOD0096""]",7,5,1,1
Q6K00264,TEST,TEST_KNOWN_K2,2,2,0,"[""FMOD0043"", ""FMOD0066""]",[],"[""FMOD0043"", ""FMOD0066""]",7,5,1,1
Q6K00265,TEST,TEST_KNOWN_K2,2,2,0,"[""FMOD0004"", ""FMOD0074""]",[],"[""FMOD0004"", ""FMOD0074""]",7,5,1,1
Q6K00266,TEST,TEST_KNOWN_K2,2,2,0,"[""FMOD0005"", ""FMOD0061""]",[],"[""FMOD0005"", ""FMOD0061""]",7,5,1,1
Q6K00267,TEST,TEST_KNOWN_K2,2,2,0,"[""FMOD0022"", ""FMOD0069""]",[],"[""FMOD0022"", ""FMOD0069""]",7,5,1,1
Q6K00268,TEST,TEST_KNOWN_K2,2,2,0,"[""FMOD0050"", ""FMOD0077""]",[],"[""FMOD0050"", ""FMOD0077""]",7,5,1,1
Q6K00269,TEST,TEST_KNOWN_K2,2,2,0,"[""FMOD0025"", ""FMOD0087""]",[],"[""FMOD0025"", ""FMOD0087""]",7,5,1,1
Q6K00270,TEST,TEST_KNOWN_K2,2,2,0,"[""FMOD0043"", ""FMOD0079""]",[],"[""FMOD0043"", ""FMOD0079""]",7,5,1,1
Q6K00271,TEST,TEST_KNOWN_K2,2,2,0,"[""FMOD0044"", ""FMOD0086""]",[],"[""FMOD0044"", ""FMOD0086""]",7,5,1,1
Q6K00272,TEST,TEST_KNOWN_K2,2,2,0,"[""FMOD0025"", ""FMOD0087""]",[],"[""FMOD0025"", ""FMOD0087""]",7,5,1,1
Q6K00273,TEST,TEST_KNOWN_K2,2,2,0,"[""FMOD0023"", ""FMOD0043""]",[],"[""FMOD0023"", ""FMOD0043""]",7,5,1,1
Q6K00274,TEST,TEST_KNOWN_K2,2,2,0,"[""FMOD0004"", ""FMOD0044""]",[],"[""FMOD0004"", ""FMOD0044""]",7,5,1,1
Q6K00275,TEST,TEST_KNOWN_K2,2,2,0,"[""FMOD0074"", ""FMOD0086""]",[],"[""FMOD0074"", ""FMOD0086""]",7,5,1,1
Q6K00276,TEST,TEST_KNOWN_K2,2,2,0,"[""FMOD0035"", ""FMOD0087""]",[],"[""FMOD0035"", ""FMOD0087""]",7,5,1,1
Q6K00277,TEST,TEST_KNOWN_K2,2,2,0,"[""FMOD0053"", ""FMOD0067""]",[],"[""FMOD0053"", ""FMOD0067""]",7,5,1,1
Q6K00278,TEST,TEST_KNOWN_K2,2,2,0,"[""FMOD0014"", ""FMOD0089""]",[],"[""FMOD0014"", ""FMOD0089""]",7,5,1,1
Q6K00279,TEST,TEST_KNOWN_K2,2,2,0,"[""FMOD0014"", ""FMOD0051""]",[],"[""FMOD0014"", ""FMOD0051""]",7,5,1,1
Q6K00280,TEST,TEST_KNOWN_K2,2,2,0,"[""FMOD0043"", ""FMOD0051""]",[],"[""FMOD0043"", ""FMOD0051""]",7,5,1,1
Q6K00281,TEST,TEST_KNOWN_K2,2,2,0,"[""FMOD0035"", ""FMOD0060""]",[],"[""FMOD0035"", ""FMOD0060""]",7,5,1,1
Q6K00282,TEST,TEST_KNOWN_K2,2,2,0,"[""FMOD0001"", ""FMOD0077""]",[],"[""FMOD0001"", ""FMOD0077""]",7,5,1,1
Q6K00283,TEST,TEST_KNOWN_K2,2,2,0,"[""FMOD0035"", ""FMOD0036""]",[],"[""FMOD0035"", ""FMOD0036""]",7,5,1,1
Q6K00284,TEST,TEST_KNOWN_K2,2,2,0,"[""FMOD0016"", ""FMOD0083""]",[],"[""FMOD0016"", ""FMOD0083""]",7,5,1,1
Q6K00285,TEST,TEST_KNOWN_K2,2,2,0,"[""FMOD0055"", ""FMOD0083""]",[],"[""FMOD0055"", ""FMOD0083""]",7,5,1,1
Q6K00286,TEST,TEST_KNOWN_K2,2,2,0,"[""FMOD0051"", ""FMOD0077""]",[],"[""FMOD0051"", ""FMOD0077""]",7,5,1,1
Q6K00287,TEST,TEST_KNOWN_K2,2,2,0,"[""FMOD0003"", ""FMOD0004""]",[],"[""FMOD0003"", ""FMOD0004""]",7,5,1,1
Q6K00288,TEST,TEST_KNOWN_K2,2,2,0,"[""FMOD0067"", ""FMOD0074""]",[],"[""FMOD0067"", ""FMOD0074""]",7,5,1,1
Q6K00289,TEST,TEST_KNOWN_K2,2,2,0,"[""FMOD0040"", ""FMOD0099""]",[],"[""FMOD0040"", ""FMOD0099""]",7,5,1,1
Q6K00290,TEST,TEST_KNOWN_K2,2,2,0,"[""FMOD0069"", ""FMOD0089""]",[],"[""FMOD0069"", ""FMOD0089""]",7,5,1,1
Q6K00291,TEST,TEST_KNOWN_K2,2,2,0,"[""FMOD0066"", ""FMOD0079""]",[],"[""FMOD0066"", ""FMOD0079""]",7,5,1,1
Q6K00292,TEST,TEST_KNOWN_K2,2,2,0,"[""FMOD0074"", ""FMOD0089""]",[],"[""FMOD0074"", ""FMOD0089""]",7,5,1,1
Q6K00293,TEST,TEST_KNOWN_K2,2,2,0,"[""FMOD0043"", ""FMOD0074""]",[],"[""FMOD0043"", ""FMOD0074""]",7,5,1,1
Q6K00294,TEST,TEST_KNOWN_K2,2,2,0,"[""FMOD0036"", ""FMOD0079""]",[],"[""FMOD0036"", ""FMOD0079""]",7,5,1,1
Q6K00295,TEST,TEST_KNOWN_K2,2,2,0,"[""FMOD0043"", ""FMOD0066""]",[],"[""FMOD0043"", ""FMOD0066""]",7,5,1,1
Q6K00296,TEST,TEST_KNOWN_K2,2,2,0,"[""FMOD0060"", ""FMOD0066""]",[],"[""FMOD0060"", ""FMOD0066""]",7,5,1,1
Q6K00297,TEST,TEST_KNOWN_K2,2,2,0,"[""FMOD0040"", ""FMOD0051""]",[],"[""FMOD0040"", ""FMOD0051""]",7,5,1,1
Q6K00298,TEST,TEST_KNOWN_K2,2,2,0,"[""FMOD0036"", ""FMOD0074""]",[],"[""FMOD0036"", ""FMOD0074""]",7,5,1,1
Q6K00299,TEST,TEST_KNOWN_K2,2,2,0,"[""FMOD0040"", ""FMOD0089""]",[],"[""FMOD0040"", ""FMOD0089""]",7,5,1,1
Q6K00300,TEST,TEST_KNOWN_K2,2,2,0,"[""FMOD0067"", ""FMOD0086""]",[],"[""FMOD0067"", ""FMOD0086""]",7,5,1,1
Q6K00301,TEST,TEST_KNOWN_K3,3,3,0,"[""FMOD0044"", ""FMOD0053"", ""FMOD0060""]",[],"[""FMOD0044"", ""FMOD0053"", ""FMOD0060""]",7,5,1,1
Q6K00302,TEST,TEST_KNOWN_K3,3,3,0,"[""FMOD0001"", ""FMOD0005"", ""FMOD0055""]",[],"[""FMOD0001"", ""FMOD0005"", ""FMOD0055""]",7,5,1,1
Q6K00303,TEST,TEST_KNOWN_K3,3,3,0,"[""FMOD0016"", ""FMOD0053"", ""FMOD0087""]",[],"[""FMOD0016"", ""FMOD0053"", ""FMOD0087""]",7,5,1,1
Q6K00304,TEST,TEST_KNOWN_K3,3,3,0,"[""FMOD0077"", ""FMOD0083"", ""FMOD0087""]",[],"[""FMOD0077"", ""FMOD0083"", ""FMOD0087""]",7,5,1,1
Q6K00305,TEST,TEST_KNOWN_K3,3,3,0,"[""FMOD0005"", ""FMOD0066"", ""FMOD0069""]",[],"[""FMOD0005"", ""FMOD0066"", ""FMOD0069""]",7,5,1,1
Q6K00306,TEST,TEST_KNOWN_K3,3,3,0,"[""FMOD0014"", ""FMOD0066"", ""FMOD0077""]",[],"[""FMOD0014"", ""FMOD0066"", ""FMOD0077""]",7,5,1,1
Q6K00307,TEST,TEST_KNOWN_K3,3,3,0,"[""FMOD0036"", ""FMOD0079"", ""FMOD0083""]",[],"[""FMOD0036"", ""FMOD0079"", ""FMOD0083""]",7,5,1,1
Q6K00308,TEST,TEST_KNOWN_K3,3,3,0,"[""FMOD0043"", ""FMOD0050"", ""FMOD0083""]",[],"[""FMOD0043"", ""FMOD0050"", ""FMOD0083""]",7,5,1,1
Q6K00309,TEST,TEST_KNOWN_K3,3,3,0,"[""FMOD0035"", ""FMOD0050"", ""FMOD0083""]",[],"[""FMOD0035"", ""FMOD0050"", ""FMOD0083""]",7,5,1,1
Q6K00310,TEST,TEST_KNOWN_K3,3,3,0,"[""FMOD0005"", ""FMOD0022"", ""FMOD0074""]",[],"[""FMOD0005"", ""FMOD0022"", ""FMOD0074""]",7,5,1,1
Q6K00311,TEST,TEST_KNOWN_K3,3,3,0,"[""FMOD0051"", ""FMOD0067"", ""FMOD0086""]",[],"[""FMOD0051"", ""FMOD0067"", ""FMOD0086""]",7,5,1,1
Q6K00312,TEST,TEST_KNOWN_K3,3,3,0,"[""FMOD0023"", ""FMOD0061"", ""FMOD0069""]",[],"[""FMOD0023"", ""FMOD0061"", ""FMOD0069""]",7,5,1,1
Q6K00313,TEST,TEST_KNOWN_K3,3,3,0,"[""FMOD0061"", ""FMOD0066"", ""FMOD0069""]",[],"[""FMOD0061"", ""FMOD0066"", ""FMOD0069""]",7,5,1,1
Q6K00314,TEST,TEST_KNOWN_K3,3,3,0,"[""FMOD0053"", ""FMOD0066"", ""FMOD0099""]",[],"[""FMOD0053"", ""FMOD0066"", ""FMOD0099""]",7,5,1,1
Q6K00315,TEST,TEST_KNOWN_K3,3,3,0,"[""FMOD0003"", ""FMOD0040"", ""FMOD0060""]",[],"[""FMOD0003"", ""FMOD0040"", ""FMOD0060""]",7,5,1,1
Q6K00316,TEST,TEST_KNOWN_K3,3,3,0,"[""FMOD0022"", ""FMOD0089"", ""FMOD0099""]",[],"[""FMOD0022"", ""FMOD0089"", ""FMOD0099""]",7,5,1,1
Q6K00317,TEST,TEST_KNOWN_K3,3,3,0,"[""FMOD0061"", ""FMOD0089"", ""FMOD0096""]",[],"[""FMOD0061"", ""FMOD0089"", ""FMOD0096""]",7,5,1,1
Q6K00318,TEST,TEST_KNOWN_K3,3,3,0,"[""FMOD0004"", ""FMOD0053"", ""FMOD0086""]",[],"[""FMOD0004"", ""FMOD0053"", ""FMOD0086""]",7,5,1,1
Q6K00319,TEST,TEST_KNOWN_K3,3,3,0,"[""FMOD0003"", ""FMOD0011"", ""FMOD0060""]",[],"[""FMOD0003"", ""FMOD0011"", ""FMOD0060""]",7,5,1,1
Q6K00320,TEST,TEST_KNOWN_K3,3,3,0,"[""FMOD0011"", ""FMOD0043"", ""FMOD0044""]",[],"[""FMOD0011"", ""FMOD0043"", ""FMOD0044""]",7,5,1,1
Q6K00321,TEST,TEST_KNOWN_K3,3,3,0,"[""FMOD0003"", ""FMOD0040"", ""FMOD0066""]",[],"[""FMOD0003"", ""FMOD0040"", ""FMOD0066""]",7,5,1,1
Q6K00322,TEST,TEST_KNOWN_K3,3,3,0,"[""FMOD0036"", ""FMOD0087"", ""FMOD0089""]",[],"[""FMOD0036"", ""FMOD0087"", ""FMOD0089""]",7,5,1,1
Q6K00323,TEST,TEST_KNOWN_K3,3,3,0,"[""FMOD0003"", ""FMOD0036"", ""FMOD0077""]",[],"[""FMOD0003"", ""FMOD0036"", ""FMOD0077""]",7,5,1,1
Q6K00324,TEST,TEST_KNOWN_K3,3,3,0,"[""FMOD0003"", ""FMOD0051"", ""FMOD0067""]",[],"[""FMOD0003"", ""FMOD0051"", ""FMOD0067""]",7,5,1,1
Q6K00325,TEST,TEST_KNOWN_K3,3,3,0,"[""FMOD0023"", ""FMOD0044"", ""FMOD0086""]",[],"[""FMOD0023"", ""FMOD0044"", ""FMOD0086""]",7,5,1,1
Q6K00326,TEST,TEST_KNOWN_K3,3,3,0,"[""FMOD0055"", ""FMOD0066"", ""FMOD0099""]",[],"[""FMOD0055"", ""FMOD0066"", ""FMOD0099""]",7,5,1,1
Q6K00327,TEST,TEST_KNOWN_K3,3,3,0,"[""FMOD0016"", ""FMOD0051"", ""FMOD0055""]",[],"[""FMOD0016"", ""FMOD0051"", ""FMOD0055""]",7,5,1,1
Q6K00328,TEST,TEST_KNOWN_K3,3,3,0,"[""FMOD0025"", ""FMOD0040"", ""FMOD0087""]",[],"[""FMOD0025"", ""FMOD0040"", ""FMOD0087""]",7,5,1,1
Q6K00329,TEST,TEST_KNOWN_K3,3,3,0,"[""FMOD0001"", ""FMOD0043"", ""FMOD0089""]",[],"[""FMOD0001"", ""FMOD0043"", ""FMOD0089""]",7,5,1,1
Q6K00330,TEST,TEST_KNOWN_K3,3,3,0,"[""FMOD0022"", ""FMOD0035"", ""FMOD0096""]",[],"[""FMOD0022"", ""FMOD0035"", ""FMOD0096""]",7,5,1,1
Q6K00331,TEST,TEST_KNOWN_K3,3,3,0,"[""FMOD0005"", ""FMOD0051"", ""FMOD0079""]",[],"[""FMOD0005"", ""FMOD0051"", ""FMOD0079""]",7,5,1,1
Q6K00332,TEST,TEST_KNOWN_K3,3,3,0,"[""FMOD0035"", ""FMOD0044"", ""FMOD0050""]",[],"[""FMOD0035"", ""FMOD0044"", ""FMOD0050""]",7,5,1,1
Q6K00333,TEST,TEST_KNOWN_K3,3,3,0,"[""FMOD0011"", ""FMOD0044"", ""FMOD0069""]",[],"[""FMOD0011"", ""FMOD0044"", ""FMOD0069""]",7,5,1,1
Q6K00334,TEST,TEST_KNOWN_K3,3,3,0,"[""FMOD0035"", ""FMOD0061"", ""FMOD0083""]",[],"[""FMOD0035"", ""FMOD0061"", ""FMOD0083""]",7,5,1,1
Q6K00335,TEST,TEST_KNOWN_K3,3,3,0,"[""FMOD0051"", ""FMOD0069"", ""FMOD0087""]",[],"[""FMOD0051"", ""FMOD0069"", ""FMOD0087""]",7,5,1,1
Q6K00336,TEST,TEST_KNOWN_K3,3,3,0,"[""FMOD0014"", ""FMOD0023"", ""FMOD0025""]",[],"[""FMOD0014"", ""FMOD0023"", ""FMOD0025""]",7,5,1,1
Q6K00337,TEST,TEST_KNOWN_K3,3,3,0,"[""FMOD0066"", ""FMOD0077"", ""FMOD0086""]",[],"[""FMOD0066"", ""FMOD0077"", ""FMOD0086""]",7,5,1,1
Q6K00338,TEST,TEST_KNOWN_K3,3,3,0,"[""FMOD0003"", ""FMOD0067"", ""FMOD0074""]",[],"[""FMOD0003"", ""FMOD0067"", ""FMOD0074""]",7,5,1,1
Q6K00339,TEST,TEST_KNOWN_K3,3,3,0,"[""FMOD0014"", ""FMOD0069"", ""FMOD0087""]",[],"[""FMOD0014"", ""FMOD0069"", ""FMOD0087""]",7,5,1,1
Q6K00340,TEST,TEST_KNOWN_K3,3,3,0,"[""FMOD0011"", ""FMOD0025"", ""FMOD0089""]",[],"[""FMOD0011"", ""FMOD0025"", ""FMOD0089""]",7,5,1,1
Q6K00341,TEST,TEST_KNOWN_K3,3,3,0,"[""FMOD0022"", ""FMOD0055"", ""FMOD0066""]",[],"[""FMOD0022"", ""FMOD0055"", ""FMOD0066""]",7,5,1,1
Q6K00342,TEST,TEST_KNOWN_K3,3,3,0,"[""FMOD0053"", ""FMOD0066"", ""FMOD0087""]",[],"[""FMOD0053"", ""FMOD0066"", ""FMOD0087""]",7,5,1,1
Q6K00343,TEST,TEST_KNOWN_K3,3,3,0,"[""FMOD0016"", ""FMOD0055"", ""FMOD0087""]",[],"[""FMOD0016"", ""FMOD0055"", ""FMOD0087""]",7,5,1,1
Q6K00344,TEST,TEST_KNOWN_K3,3,3,0,"[""FMOD0023"", ""FMOD0025"", ""FMOD0043""]",[],"[""FMOD0023"", ""FMOD0025"", ""FMOD0043""]",7,5,1,1
Q6K00345,TEST,TEST_KNOWN_K3,3,3,0,"[""FMOD0001"", ""FMOD0086"", ""FMOD0099""]",[],"[""FMOD0001"", ""FMOD0086"", ""FMOD0099""]",7,5,1,1
Q6K00346,TEST,TEST_KNOWN_K3,3,3,0,"[""FMOD0005"", ""FMOD0014"", ""FMOD0035""]",[],"[""FMOD0005"", ""FMOD0014"", ""FMOD0035""]",7,5,1,1
Q6K00347,TEST,TEST_KNOWN_K3,3,3,0,"[""FMOD0023"", ""FMOD0035"", ""FMOD0053""]",[],"[""FMOD0023"", ""FMOD0035"", ""FMOD0053""]",7,5,1,1
Q6K00348,TEST,TEST_KNOWN_K3,3,3,0,"[""FMOD0011"", ""FMOD0025"", ""FMOD0077""]",[],"[""FMOD0011"", ""FMOD0025"", ""FMOD0077""]",7,5,1,1
Q6K00349,TEST,TEST_KNOWN_K3,3,3,0,"[""FMOD0016"", ""FMOD0023"", ""FMOD0060""]",[],"[""FMOD0016"", ""FMOD0023"", ""FMOD0060""]",7,5,1,1
Q6K00350,TEST,TEST_KNOWN_K3,3,3,0,"[""FMOD0022"", ""FMOD0053"", ""FMOD0083""]",[],"[""FMOD0022"", ""FMOD0053"", ""FMOD0083""]",7,5,1,1
Q6K00351,TEST,TEST_KNOWN_K3,3,3,0,"[""FMOD0005"", ""FMOD0022"", ""FMOD0099""]",[],"[""FMOD0005"", ""FMOD0022"", ""FMOD0099""]",7,5,1,1
Q6K00352,TEST,TEST_KNOWN_K3,3,3,0,"[""FMOD0023"", ""FMOD0044"", ""FMOD0066""]",[],"[""FMOD0023"", ""FMOD0044"", ""FMOD0066""]",7,5,1,1
Q6K00353,TEST,TEST_KNOWN_K3,3,3,0,"[""FMOD0035"", ""FMOD0061"", ""FMOD0086""]",[],"[""FMOD0035"", ""FMOD0061"", ""FMOD0086""]",7,5,1,1
Q6K00354,TEST,TEST_KNOWN_K3,3,3,0,"[""FMOD0055"", ""FMOD0079"", ""FMOD0099""]",[],"[""FMOD0055"", ""FMOD0079"", ""FMOD0099""]",7,5,1,1
Q6K00355,TEST,TEST_KNOWN_K3,3,3,0,"[""FMOD0043"", ""FMOD0051"", ""FMOD0077""]",[],"[""FMOD0043"", ""FMOD0051"", ""FMOD0077""]",7,5,1,1
Q6K00356,TEST,TEST_KNOWN_K3,3,3,0,"[""FMOD0004"", ""FMOD0051"", ""FMOD0061""]",[],"[""FMOD0004"", ""FMOD0051"", ""FMOD0061""]",7,5,1,1
Q6K00357,TEST,TEST_KNOWN_K3,3,3,0,"[""FMOD0003"", ""FMOD0014"", ""FMOD0099""]",[],"[""FMOD0003"", ""FMOD0014"", ""FMOD0099""]",7,5,1,1
Q6K00358,TEST,TEST_KNOWN_K3,3,3,0,"[""FMOD0036"", ""FMOD0055"", ""FMOD0060""]",[],"[""FMOD0036"", ""FMOD0055"", ""FMOD0060""]",7,5,1,1
Q6K00359,TEST,TEST_KNOWN_K3,3,3,0,"[""FMOD0044"", ""FMOD0086"", ""FMOD0087""]",[],"[""FMOD0044"", ""FMOD0086"", ""FMOD0087""]",7,5,1,1
Q6K00360,TEST,TEST_KNOWN_K3,3,3,0,"[""FMOD0043"", ""FMOD0060"", ""FMOD0066""]",[],"[""FMOD0043"", ""FMOD0060"", ""FMOD0066""]",7,5,1,1
Q6K00361,TEST,TEST_MIXED_1K1U,2,1,1,"[""FMOD0044""]","[""FMOD0062""]","[""FMOD0044"", ""FMOD0062""]",7,5,1,1
Q6K00362,TEST,TEST_MIXED_1K1U,2,1,1,"[""FMOD0055""]","[""FMOD0090""]","[""FMOD0055"", ""FMOD0090""]",7,5,1,1
Q6K00363,TEST,TEST_MIXED_1K1U,2,1,1,"[""FMOD0066""]","[""FMOD0068""]","[""FMOD0066"", ""FMOD0068""]",7,5,1,1
Q6K00364,TEST,TEST_MIXED_1K1U,2,1,1,"[""FMOD0077""]","[""FMOD0062""]","[""FMOD0062"", ""FMOD0077""]",7,5,1,1
Q6K00365,TEST,TEST_MIXED_1K1U,2,1,1,"[""FMOD0087""]","[""FMOD0090""]","[""FMOD0087"", ""FMOD0090""]",7,5,1,1
Q6K00366,TEST,TEST_MIXED_1K1U,2,1,1,"[""FMOD0040""]","[""FMOD0070""]","[""FMOD0040"", ""FMOD0070""]",7,5,1,1
Q6K00367,TEST,TEST_MIXED_1K1U,2,1,1,"[""FMOD0079""]","[""FMOD0085""]","[""FMOD0079"", ""FMOD0085""]",7,5,1,1
Q6K00368,TEST,TEST_MIXED_1K1U,2,1,1,"[""FMOD0036""]","[""FMOD0062""]","[""FMOD0036"", ""FMOD0062""]",7,5,1,1
Q6K00369,TEST,TEST_MIXED_1K1U,2,1,1,"[""FMOD0004""]","[""FMOD0028""]","[""FMOD0004"", ""FMOD0028""]",7,5,1,1
Q6K00370,TEST,TEST_MIXED_1K1U,2,1,1,"[""FMOD0005""]","[""FMOD0084""]","[""FMOD0005"", ""FMOD0084""]",7,5,1,1
Q6K00371,TEST,TEST_MIXED_1K1U,2,1,1,"[""FMOD0016""]","[""FMOD0009""]","[""FMOD0009"", ""FMOD0016""]",7,5,1,1
Q6K00372,TEST,TEST_MIXED_1K1U,2,1,1,"[""FMOD0051""]","[""FMOD0006""]","[""FMOD0006"", ""FMOD0051""]",7,5,1,1
Q6K00373,TEST,TEST_MIXED_1K1U,2,1,1,"[""FMOD0069""]","[""FMOD0054""]","[""FMOD0054"", ""FMOD0069""]",7,5,1,1
Q6K00374,TEST,TEST_MIXED_1K1U,2,1,1,"[""FMOD0051""]","[""FMOD0009""]","[""FMOD0009"", ""FMOD0051""]",7,5,1,1
Q6K00375,TEST,TEST_MIXED_1K1U,2,1,1,"[""FMOD0099""]","[""FMOD0084""]","[""FMOD0084"", ""FMOD0099""]",7,5,1,1
Q6K00376,TEST,TEST_MIXED_1K1U,2,1,1,"[""FMOD0005""]","[""FMOD0094""]","[""FMOD0005"", ""FMOD0094""]",7,5,1,1
Q6K00377,TEST,TEST_MIXED_1K1U,2,1,1,"[""FMOD0022""]","[""FMOD0084""]","[""FMOD0022"", ""FMOD0084""]",7,5,1,1
Q6K00378,TEST,TEST_MIXED_1K1U,2,1,1,"[""FMOD0023""]","[""FMOD0046""]","[""FMOD0023"", ""FMOD0046""]",7,5,1,1
Q6K00379,TEST,TEST_MIXED_1K1U,2,1,1,"[""FMOD0089""]","[""FMOD0084""]","[""FMOD0084"", ""FMOD0089""]",7,5,1,1
Q6K00380,TEST,TEST_MIXED_1K1U,2,1,1,"[""FMOD0023""]","[""FMOD0054""]","[""FMOD0023"", ""FMOD0054""]",7,5,1,1
Q6K00381,TEST,TEST_MIXED_1K1U,2,1,1,"[""FMOD0077""]","[""FMOD0007""]","[""FMOD0007"", ""FMOD0077""]",7,5,1,1
Q6K00382,TEST,TEST_MIXED_1K1U,2,1,1,"[""FMOD0022""]","[""FMOD0007""]","[""FMOD0007"", ""FMOD0022""]",7,5,1,1
Q6K00383,TEST,TEST_MIXED_1K1U,2,1,1,"[""FMOD0060""]","[""FMOD0028""]","[""FMOD0028"", ""FMOD0060""]",7,5,1,1
Q6K00384,TEST,TEST_MIXED_1K1U,2,1,1,"[""FMOD0083""]","[""FMOD0062""]","[""FMOD0062"", ""FMOD0083""]",7,5,1,1
Q6K00385,TEST,TEST_MIXED_1K1U,2,1,1,"[""FMOD0061""]","[""FMOD0048""]","[""FMOD0048"", ""FMOD0061""]",7,5,1,1
Q6K00386,TEST,TEST_MIXED_1K1U,2,1,1,"[""FMOD0066""]","[""FMOD0007""]","[""FMOD0007"", ""FMOD0066""]",7,5,1,1
Q6K00387,TEST,TEST_MIXED_1K1U,2,1,1,"[""FMOD0043""]","[""FMOD0090""]","[""FMOD0043"", ""FMOD0090""]",7,5,1,1
Q6K00388,TEST,TEST_MIXED_1K1U,2,1,1,"[""FMOD0074""]","[""FMOD0046""]","[""FMOD0046"", ""FMOD0074""]",7,5,1,1
Q6K00389,TEST,TEST_MIXED_1K1U,2,1,1,"[""FMOD0055""]","[""FMOD0027""]","[""FMOD0027"", ""FMOD0055""]",7,5,1,1
Q6K00390,TEST,TEST_MIXED_1K1U,2,1,1,"[""FMOD0023""]","[""FMOD0068""]","[""FMOD0023"", ""FMOD0068""]",7,5,1,1
Q6K00391,TEST,TEST_MIXED_1K1U,2,1,1,"[""FMOD0089""]","[""FMOD0027""]","[""FMOD0027"", ""FMOD0089""]",7,5,1,1
Q6K00392,TEST,TEST_MIXED_1K1U,2,1,1,"[""FMOD0079""]","[""FMOD0084""]","[""FMOD0079"", ""FMOD0084""]",7,5,1,1
Q6K00393,TEST,TEST_MIXED_1K1U,2,1,1,"[""FMOD0053""]","[""FMOD0054""]","[""FMOD0053"", ""FMOD0054""]",7,5,1,1
Q6K00394,TEST,TEST_MIXED_1K1U,2,1,1,"[""FMOD0079""]","[""FMOD0090""]","[""FMOD0079"", ""FMOD0090""]",7,5,1,1
Q6K00395,TEST,TEST_MIXED_1K1U,2,1,1,"[""FMOD0053""]","[""FMOD0054""]","[""FMOD0053"", ""FMOD0054""]",7,5,1,1
Q6K00396,TEST,TEST_MIXED_1K1U,2,1,1,"[""FMOD0066""]","[""FMOD0070""]","[""FMOD0066"", ""FMOD0070""]",7,5,1,1
Q6K00397,TEST,TEST_MIXED_1K1U,2,1,1,"[""FMOD0079""]","[""FMOD0007""]","[""FMOD0007"", ""FMOD0079""]",7,5,1,1
Q6K00398,TEST,TEST_MIXED_1K1U,2,1,1,"[""FMOD0069""]","[""FMOD0048""]","[""FMOD0048"", ""FMOD0069""]",7,5,1,1
Q6K00399,TEST,TEST_MIXED_1K1U,2,1,1,"[""FMOD0089""]","[""FMOD0046""]","[""FMOD0046"", ""FMOD0089""]",7,5,1,1
Q6K00400,TEST,TEST_MIXED_1K1U,2,1,1,"[""FMOD0025""]","[""FMOD0028""]","[""FMOD0025"", ""FMOD0028""]",7,5,1,1
Q6K00401,TEST,TEST_MIXED_1K1U,2,1,1,"[""FMOD0066""]","[""FMOD0027""]","[""FMOD0027"", ""FMOD0066""]",7,5,1,1
Q6K00402,TEST,TEST_MIXED_1K1U,2,1,1,"[""FMOD0044""]","[""FMOD0028""]","[""FMOD0028"", ""FMOD0044""]",7,5,1,1
Q6K00403,TEST,TEST_MIXED_1K1U,2,1,1,"[""FMOD0035""]","[""FMOD0084""]","[""FMOD0035"", ""FMOD0084""]",7,5,1,1
Q6K00404,TEST,TEST_MIXED_1K1U,2,1,1,"[""FMOD0040""]","[""FMOD0046""]","[""FMOD0040"", ""FMOD0046""]",7,5,1,1
Q6K00405,TEST,TEST_MIXED_1K1U,2,1,1,"[""FMOD0016""]","[""FMOD0009""]","[""FMOD0009"", ""FMOD0016""]",7,5,1,1
Q6K00406,TEST,TEST_MIXED_1K1U,2,1,1,"[""FMOD0036""]","[""FMOD0062""]","[""FMOD0036"", ""FMOD0062""]",7,5,1,1
Q6K00407,TEST,TEST_MIXED_1K1U,2,1,1,"[""FMOD0005""]","[""FMOD0084""]","[""FMOD0005"", ""FMOD0084""]",7,5,1,1
Q6K00408,TEST,TEST_MIXED_1K1U,2,1,1,"[""FMOD0022""]","[""FMOD0048""]","[""FMOD0022"", ""FMOD0048""]",7,5,1,1
Q6K00409,TEST,TEST_MIXED_1K1U,2,1,1,"[""FMOD0043""]","[""FMOD0009""]","[""FMOD0009"", ""FMOD0043""]",7,5,1,1
Q6K00410,TEST,TEST_MIXED_1K1U,2,1,1,"[""FMOD0005""]","[""FMOD0054""]","[""FMOD0005"", ""FMOD0054""]",7,5,1,1
Q6K00411,TEST,TEST_MIXED_1K1U,2,1,1,"[""FMOD0025""]","[""FMOD0006""]","[""FMOD0006"", ""FMOD0025""]",7,5,1,1
Q6K00412,TEST,TEST_MIXED_1K1U,2,1,1,"[""FMOD0055""]","[""FMOD0028""]","[""FMOD0028"", ""FMOD0055""]",7,5,1,1
Q6K00413,TEST,TEST_MIXED_1K1U,2,1,1,"[""FMOD0060""]","[""FMOD0028""]","[""FMOD0028"", ""FMOD0060""]",7,5,1,1
Q6K00414,TEST,TEST_MIXED_1K1U,2,1,1,"[""FMOD0055""]","[""FMOD0090""]","[""FMOD0055"", ""FMOD0090""]",7,5,1,1
Q6K00415,TEST,TEST_MIXED_1K1U,2,1,1,"[""FMOD0025""]","[""FMOD0006""]","[""FMOD0006"", ""FMOD0025""]",7,5,1,1
Q6K00416,TEST,TEST_MIXED_1K1U,2,1,1,"[""FMOD0089""]","[""FMOD0009""]","[""FMOD0009"", ""FMOD0089""]",7,5,1,1
Q6K00417,TEST,TEST_MIXED_1K1U,2,1,1,"[""FMOD0051""]","[""FMOD0028""]","[""FMOD0028"", ""FMOD0051""]",7,5,1,1
Q6K00418,TEST,TEST_MIXED_1K1U,2,1,1,"[""FMOD0083""]","[""FMOD0027""]","[""FMOD0027"", ""FMOD0083""]",7,5,1,1
Q6K00419,TEST,TEST_MIXED_1K1U,2,1,1,"[""FMOD0096""]","[""FMOD0027""]","[""FMOD0027"", ""FMOD0096""]",7,5,1,1
Q6K00420,TEST,TEST_MIXED_1K1U,2,1,1,"[""FMOD0036""]","[""FMOD0090""]","[""FMOD0036"", ""FMOD0090""]",7,5,1,1
Q6K00421,TEST,TEST_MIXED_2K1U,3,2,1,"[""FMOD0005"", ""FMOD0069""]","[""FMOD0090""]","[""FMOD0005"", ""FMOD0069"", ""FMOD0090""]",7,5,1,1
Q6K00422,TEST,TEST_MIXED_2K1U,3,2,1,"[""FMOD0053"", ""FMOD0083""]","[""FMOD0028""]","[""FMOD0028"", ""FMOD0053"", ""FMOD0083""]",7,5,1,1
Q6K00423,TEST,TEST_MIXED_2K1U,3,2,1,"[""FMOD0004"", ""FMOD0061""]","[""FMOD0084""]","[""FMOD0004"", ""FMOD0061"", ""FMOD0084""]",7,5,1,1
Q6K00424,TEST,TEST_MIXED_2K1U,3,2,1,"[""FMOD0044"", ""FMOD0053""]","[""FMOD0027""]","[""FMOD0027"", ""FMOD0044"", ""FMOD0053""]",7,5,1,1
Q6K00425,TEST,TEST_MIXED_2K1U,3,2,1,"[""FMOD0011"", ""FMOD0060""]","[""FMOD0094""]","[""FMOD0011"", ""FMOD0060"", ""FMOD0094""]",7,5,1,1
Q6K00426,TEST,TEST_MIXED_2K1U,3,2,1,"[""FMOD0022"", ""FMOD0040""]","[""FMOD0027""]","[""FMOD0022"", ""FMOD0027"", ""FMOD0040""]",7,5,1,1
Q6K00427,TEST,TEST_MIXED_2K1U,3,2,1,"[""FMOD0005"", ""FMOD0016""]","[""FMOD0028""]","[""FMOD0005"", ""FMOD0016"", ""FMOD0028""]",7,5,1,1
Q6K00428,TEST,TEST_MIXED_2K1U,3,2,1,"[""FMOD0069"", ""FMOD0099""]","[""FMOD0048""]","[""FMOD0048"", ""FMOD0069"", ""FMOD0099""]",7,5,1,1
Q6K00429,TEST,TEST_MIXED_2K1U,3,2,1,"[""FMOD0069"", ""FMOD0086""]","[""FMOD0009""]","[""FMOD0009"", ""FMOD0069"", ""FMOD0086""]",7,5,1,1
Q6K00430,TEST,TEST_MIXED_2K1U,3,2,1,"[""FMOD0050"", ""FMOD0061""]","[""FMOD0007""]","[""FMOD0007"", ""FMOD0050"", ""FMOD0061""]",7,5,1,1
Q6K00431,TEST,TEST_MIXED_2K1U,3,2,1,"[""FMOD0005"", ""FMOD0074""]","[""FMOD0062""]","[""FMOD0005"", ""FMOD0062"", ""FMOD0074""]",7,5,1,1
Q6K00432,TEST,TEST_MIXED_2K1U,3,2,1,"[""FMOD0011"", ""FMOD0053""]","[""FMOD0054""]","[""FMOD0011"", ""FMOD0053"", ""FMOD0054""]",7,5,1,1
Q6K00433,TEST,TEST_MIXED_2K1U,3,2,1,"[""FMOD0004"", ""FMOD0079""]","[""FMOD0006""]","[""FMOD0004"", ""FMOD0006"", ""FMOD0079""]",7,5,1,1
Q6K00434,TEST,TEST_MIXED_2K1U,3,2,1,"[""FMOD0001"", ""FMOD0016""]","[""FMOD0046""]","[""FMOD0001"", ""FMOD0016"", ""FMOD0046""]",7,5,1,1
Q6K00435,TEST,TEST_MIXED_2K1U,3,2,1,"[""FMOD0069"", ""FMOD0099""]","[""FMOD0028""]","[""FMOD0028"", ""FMOD0069"", ""FMOD0099""]",7,5,1,1
Q6K00436,TEST,TEST_MIXED_2K1U,3,2,1,"[""FMOD0044"", ""FMOD0099""]","[""FMOD0028""]","[""FMOD0028"", ""FMOD0044"", ""FMOD0099""]",7,5,1,1
Q6K00437,TEST,TEST_MIXED_2K1U,3,2,1,"[""FMOD0035"", ""FMOD0096""]","[""FMOD0094""]","[""FMOD0035"", ""FMOD0094"", ""FMOD0096""]",7,5,1,1
Q6K00438,TEST,TEST_MIXED_2K1U,3,2,1,"[""FMOD0022"", ""FMOD0055""]","[""FMOD0009""]","[""FMOD0009"", ""FMOD0022"", ""FMOD0055""]",7,5,1,1
Q6K00439,TEST,TEST_MIXED_2K1U,3,2,1,"[""FMOD0043"", ""FMOD0083""]","[""FMOD0070""]","[""FMOD0043"", ""FMOD0070"", ""FMOD0083""]",7,5,1,1
Q6K00440,TEST,TEST_MIXED_2K1U,3,2,1,"[""FMOD0011"", ""FMOD0061""]","[""FMOD0085""]","[""FMOD0011"", ""FMOD0061"", ""FMOD0085""]",7,5,1,1
Q6K00441,TEST,TEST_MIXED_2K1U,3,2,1,"[""FMOD0025"", ""FMOD0035""]","[""FMOD0090""]","[""FMOD0025"", ""FMOD0035"", ""FMOD0090""]",7,5,1,1
Q6K00442,TEST,TEST_MIXED_2K1U,3,2,1,"[""FMOD0016"", ""FMOD0087""]","[""FMOD0007""]","[""FMOD0007"", ""FMOD0016"", ""FMOD0087""]",7,5,1,1
Q6K00443,TEST,TEST_MIXED_2K1U,3,2,1,"[""FMOD0011"", ""FMOD0035""]","[""FMOD0068""]","[""FMOD0011"", ""FMOD0035"", ""FMOD0068""]",7,5,1,1
Q6K00444,TEST,TEST_MIXED_2K1U,3,2,1,"[""FMOD0003"", ""FMOD0022""]","[""FMOD0084""]","[""FMOD0003"", ""FMOD0022"", ""FMOD0084""]",7,5,1,1
Q6K00445,TEST,TEST_MIXED_2K1U,3,2,1,"[""FMOD0023"", ""FMOD0035""]","[""FMOD0084""]","[""FMOD0023"", ""FMOD0035"", ""FMOD0084""]",7,5,1,1
Q6K00446,TEST,TEST_MIXED_2K1U,3,2,1,"[""FMOD0060"", ""FMOD0067""]","[""FMOD0027""]","[""FMOD0027"", ""FMOD0060"", ""FMOD0067""]",7,5,1,1
Q6K00447,TEST,TEST_MIXED_2K1U,3,2,1,"[""FMOD0086"", ""FMOD0087""]","[""FMOD0006""]","[""FMOD0006"", ""FMOD0086"", ""FMOD0087""]",7,5,1,1
Q6K00448,TEST,TEST_MIXED_2K1U,3,2,1,"[""FMOD0055"", ""FMOD0079""]","[""FMOD0007""]","[""FMOD0007"", ""FMOD0055"", ""FMOD0079""]",7,5,1,1
Q6K00449,TEST,TEST_MIXED_2K1U,3,2,1,"[""FMOD0066"", ""FMOD0096""]","[""FMOD0085""]","[""FMOD0066"", ""FMOD0085"", ""FMOD0096""]",7,5,1,1
Q6K00450,TEST,TEST_MIXED_2K1U,3,2,1,"[""FMOD0066"", ""FMOD0087""]","[""FMOD0028""]","[""FMOD0028"", ""FMOD0066"", ""FMOD0087""]",7,5,1,1
Q6K00451,TEST,TEST_MIXED_2K1U,3,2,1,"[""FMOD0004"", ""FMOD0025""]","[""FMOD0054""]","[""FMOD0004"", ""FMOD0025"", ""FMOD0054""]",7,5,1,1
Q6K00452,TEST,TEST_MIXED_2K1U,3,2,1,"[""FMOD0003"", ""FMOD0035""]","[""FMOD0068""]","[""FMOD0003"", ""FMOD0035"", ""FMOD0068""]",7,5,1,1
Q6K00453,TEST,TEST_MIXED_2K1U,3,2,1,"[""FMOD0044"", ""FMOD0079""]","[""FMOD0094""]","[""FMOD0044"", ""FMOD0079"", ""FMOD0094""]",7,5,1,1
Q6K00454,TEST,TEST_MIXED_2K1U,3,2,1,"[""FMOD0067"", ""FMOD0077""]","[""FMOD0027""]","[""FMOD0027"", ""FMOD0067"", ""FMOD0077""]",7,5,1,1
Q6K00455,TEST,TEST_MIXED_2K1U,3,2,1,"[""FMOD0016"", ""FMOD0077""]","[""FMOD0007""]","[""FMOD0007"", ""FMOD0016"", ""FMOD0077""]",7,5,1,1
Q6K00456,TEST,TEST_MIXED_2K1U,3,2,1,"[""FMOD0004"", ""FMOD0016""]","[""FMOD0054""]","[""FMOD0004"", ""FMOD0016"", ""FMOD0054""]",7,5,1,1
Q6K00457,TEST,TEST_MIXED_2K1U,3,2,1,"[""FMOD0025"", ""FMOD0089""]","[""FMOD0048""]","[""FMOD0025"", ""FMOD0048"", ""FMOD0089""]",7,5,1,1
Q6K00458,TEST,TEST_MIXED_2K1U,3,2,1,"[""FMOD0016"", ""FMOD0079""]","[""FMOD0007""]","[""FMOD0007"", ""FMOD0016"", ""FMOD0079""]",7,5,1,1
Q6K00459,TEST,TEST_MIXED_2K1U,3,2,1,"[""FMOD0051"", ""FMOD0089""]","[""FMOD0084""]","[""FMOD0051"", ""FMOD0084"", ""FMOD0089""]",7,5,1,1
Q6K00460,TEST,TEST_MIXED_2K1U,3,2,1,"[""FMOD0043"", ""FMOD0099""]","[""FMOD0048""]","[""FMOD0043"", ""FMOD0048"", ""FMOD0099""]",7,5,1,1
Q6K00461,TEST,TEST_MIXED_2K1U,3,2,1,"[""FMOD0001"", ""FMOD0003""]","[""FMOD0028""]","[""FMOD0001"", ""FMOD0003"", ""FMOD0028""]",7,5,1,1
Q6K00462,TEST,TEST_MIXED_2K1U,3,2,1,"[""FMOD0089"", ""FMOD0099""]","[""FMOD0090""]","[""FMOD0089"", ""FMOD0090"", ""FMOD0099""]",7,5,1,1
Q6K00463,TEST,TEST_MIXED_2K1U,3,2,1,"[""FMOD0069"", ""FMOD0096""]","[""FMOD0090""]","[""FMOD0069"", ""FMOD0090"", ""FMOD0096""]",7,5,1,1
Q6K00464,TEST,TEST_MIXED_2K1U,3,2,1,"[""FMOD0025"", ""FMOD0099""]","[""FMOD0090""]","[""FMOD0025"", ""FMOD0090"", ""FMOD0099""]",7,5,1,1
Q6K00465,TEST,TEST_MIXED_2K1U,3,2,1,"[""FMOD0083"", ""FMOD0096""]","[""FMOD0094""]","[""FMOD0083"", ""FMOD0094"", ""FMOD0096""]",7,5,1,1
Q6K00466,TEST,TEST_MIXED_2K1U,3,2,1,"[""FMOD0053"", ""FMOD0067""]","[""FMOD0027""]","[""FMOD0027"", ""FMOD0053"", ""FMOD0067""]",7,5,1,1
Q6K00467,TEST,TEST_MIXED_2K1U,3,2,1,"[""FMOD0044"", ""FMOD0069""]","[""FMOD0070""]","[""FMOD0044"", ""FMOD0069"", ""FMOD0070""]",7,5,1,1
Q6K00468,TEST,TEST_MIXED_2K1U,3,2,1,"[""FMOD0051"", ""FMOD0069""]","[""FMOD0085""]","[""FMOD0051"", ""FMOD0069"", ""FMOD0085""]",7,5,1,1
Q6K00469,TEST,TEST_MIXED_2K1U,3,2,1,"[""FMOD0044"", ""FMOD0067""]","[""FMOD0028""]","[""FMOD0028"", ""FMOD0044"", ""FMOD0067""]",7,5,1,1
Q6K00470,TEST,TEST_MIXED_2K1U,3,2,1,"[""FMOD0060"", ""FMOD0061""]","[""FMOD0068""]","[""FMOD0060"", ""FMOD0061"", ""FMOD0068""]",7,5,1,1
Q6K00471,TEST,TEST_MIXED_2K1U,3,2,1,"[""FMOD0025"", ""FMOD0099""]","[""FMOD0054""]","[""FMOD0025"", ""FMOD0054"", ""FMOD0099""]",7,5,1,1
Q6K00472,TEST,TEST_MIXED_2K1U,3,2,1,"[""FMOD0022"", ""FMOD0035""]","[""FMOD0009""]","[""FMOD0009"", ""FMOD0022"", ""FMOD0035""]",7,5,1,1
Q6K00473,TEST,TEST_MIXED_2K1U,3,2,1,"[""FMOD0079"", ""FMOD0086""]","[""FMOD0094""]","[""FMOD0079"", ""FMOD0086"", ""FMOD0094""]",7,5,1,1
Q6K00474,TEST,TEST_MIXED_2K1U,3,2,1,"[""FMOD0086"", ""FMOD0099""]","[""FMOD0062""]","[""FMOD0062"", ""FMOD0086"", ""FMOD0099""]",7,5,1,1
Q6K00475,TEST,TEST_MIXED_2K1U,3,2,1,"[""FMOD0025"", ""FMOD0077""]","[""FMOD0068""]","[""FMOD0025"", ""FMOD0068"", ""FMOD0077""]",7,5,1,1
Q6K00476,TEST,TEST_MIXED_2K1U,3,2,1,"[""FMOD0016"", ""FMOD0040""]","[""FMOD0009""]","[""FMOD0009"", ""FMOD0016"", ""FMOD0040""]",7,5,1,1
Q6K00477,TEST,TEST_MIXED_2K1U,3,2,1,"[""FMOD0025"", ""FMOD0079""]","[""FMOD0070""]","[""FMOD0025"", ""FMOD0070"", ""FMOD0079""]",7,5,1,1
Q6K00478,TEST,TEST_MIXED_2K1U,3,2,1,"[""FMOD0025"", ""FMOD0099""]","[""FMOD0007""]","[""FMOD0007"", ""FMOD0025"", ""FMOD0099""]",7,5,1,1
Q6K00479,TEST,TEST_MIXED_2K1U,3,2,1,"[""FMOD0022"", ""FMOD0066""]","[""FMOD0090""]","[""FMOD0022"", ""FMOD0066"", ""FMOD0090""]",7,5,1,1
Q6K00480,TEST,TEST_MIXED_2K1U,3,2,1,"[""FMOD0005"", ""FMOD0099""]","[""FMOD0046""]","[""FMOD0005"", ""FMOD0046"", ""FMOD0099""]",7,5,1,1
Q6K00481,TEST,TEST_UNKNOWN_K1,1,0,1,[],"[""FMOD0070""]","[""FMOD0070""]",7,5,1,1
Q6K00482,TEST,TEST_UNKNOWN_K1,1,0,1,[],"[""FMOD0009""]","[""FMOD0009""]",7,5,1,1
Q6K00483,TEST,TEST_UNKNOWN_K1,1,0,1,[],"[""FMOD0007""]","[""FMOD0007""]",7,5,1,1
Q6K00484,TEST,TEST_UNKNOWN_K1,1,0,1,[],"[""FMOD0028""]","[""FMOD0028""]",7,5,1,1
Q6K00485,TEST,TEST_UNKNOWN_K1,1,0,1,[],"[""FMOD0054""]","[""FMOD0054""]",7,5,1,1
Q6K00486,TEST,TEST_UNKNOWN_K1,1,0,1,[],"[""FMOD0007""]","[""FMOD0007""]",7,5,1,1
Q6K00487,TEST,TEST_UNKNOWN_K1,1,0,1,[],"[""FMOD0084""]","[""FMOD0084""]",7,5,1,1
Q6K00488,TEST,TEST_UNKNOWN_K1,1,0,1,[],"[""FMOD0009""]","[""FMOD0009""]",7,5,1,1
Q6K00489,TEST,TEST_UNKNOWN_K1,1,0,1,[],"[""FMOD0090""]","[""FMOD0090""]",7,5,1,1
Q6K00490,TEST,TEST_UNKNOWN_K1,1,0,1,[],"[""FMOD0006""]","[""FMOD0006""]",7,5,1,1
Q6K00491,TEST,TEST_UNKNOWN_K1,1,0,1,[],"[""FMOD0062""]","[""FMOD0062""]",7,5,1,1
Q6K00492,TEST,TEST_UNKNOWN_K1,1,0,1,[],"[""FMOD0028""]","[""FMOD0028""]",7,5,1,1
Q6K00493,TEST,TEST_UNKNOWN_K1,1,0,1,[],"[""FMOD0090""]","[""FMOD0090""]",7,5,1,1
Q6K00494,TEST,TEST_UNKNOWN_K1,1,0,1,[],"[""FMOD0046""]","[""FMOD0046""]",7,5,1,1
Q6K00495,TEST,TEST_UNKNOWN_K1,1,0,1,[],"[""FMOD0094""]","[""FMOD0094""]",7,5,1,1
Q6K00496,TEST,TEST_UNKNOWN_K1,1,0,1,[],"[""FMOD0006""]","[""FMOD0006""]",7,5,1,1
Q6K00497,TEST,TEST_UNKNOWN_K1,1,0,1,[],"[""FMOD0070""]","[""FMOD0070""]",7,5,1,1
Q6K00498,TEST,TEST_UNKNOWN_K1,1,0,1,[],"[""FMOD0084""]","[""FMOD0084""]",7,5,1,1
Q6K00499,TEST,TEST_UNKNOWN_K1,1,0,1,[],"[""FMOD0084""]","[""FMOD0084""]",7,5,1,1
Q6K00500,TEST,TEST_UNKNOWN_K1,1,0,1,[],"[""FMOD0085""]","[""FMOD0085""]",7,5,1,1
Q6K00501,TEST,TEST_UNKNOWN_K1,1,0,1,[],"[""FMOD0062""]","[""FMOD0062""]",7,5,1,1
Q6K00502,TEST,TEST_UNKNOWN_K1,1,0,1,[],"[""FMOD0027""]","[""FMOD0027""]",7,5,1,1
Q6K00503,TEST,TEST_UNKNOWN_K1,1,0,1,[],"[""FMOD0084""]","[""FMOD0084""]",7,5,1,1
Q6K00504,TEST,TEST_UNKNOWN_K1,1,0,1,[],"[""FMOD0046""]","[""FMOD0046""]",7,5,1,1
Q6K00505,TEST,TEST_UNKNOWN_K1,1,0,1,[],"[""FMOD0027""]","[""FMOD0027""]",7,5,1,1
Q6K00506,TEST,TEST_UNKNOWN_K1,1,0,1,[],"[""FMOD0009""]","[""FMOD0009""]",7,5,1,1
Q6K00507,TEST,TEST_UNKNOWN_K1,1,0,1,[],"[""FMOD0028""]","[""FMOD0028""]",7,5,1,1
Q6K00508,TEST,TEST_UNKNOWN_K1,1,0,1,[],"[""FMOD0070""]","[""FMOD0070""]",7,5,1,1
Q6K00509,TEST,TEST_UNKNOWN_K1,1,0,1,[],"[""FMOD0006""]","[""FMOD0006""]",7,5,1,1
Q6K00510,TEST,TEST_UNKNOWN_K1,1,0,1,[],"[""FMOD0070""]","[""FMOD0070""]",7,5,1,1
Q6K00511,TEST,TEST_UNKNOWN_K1,1,0,1,[],"[""FMOD0046""]","[""FMOD0046""]",7,5,1,1
Q6K00512,TEST,TEST_UNKNOWN_K1,1,0,1,[],"[""FMOD0085""]","[""FMOD0085""]",7,5,1,1
Q6K00513,TEST,TEST_UNKNOWN_K1,1,0,1,[],"[""FMOD0094""]","[""FMOD0094""]",7,5,1,1
Q6K00514,TEST,TEST_UNKNOWN_K1,1,0,1,[],"[""FMOD0068""]","[""FMOD0068""]",7,5,1,1
Q6K00515,TEST,TEST_UNKNOWN_K1,1,0,1,[],"[""FMOD0090""]","[""FMOD0090""]",7,5,1,1
Q6K00516,TEST,TEST_UNKNOWN_K1,1,0,1,[],"[""FMOD0062""]","[""FMOD0062""]",7,5,1,1
Q6K00517,TEST,TEST_UNKNOWN_K1,1,0,1,[],"[""FMOD0027""]","[""FMOD0027""]",7,5,1,1
Q6K00518,TEST,TEST_UNKNOWN_K1,1,0,1,[],"[""FMOD0085""]","[""FMOD0085""]",7,5,1,1
Q6K00519,TEST,TEST_UNKNOWN_K1,1,0,1,[],"[""FMOD0006""]","[""FMOD0006""]",7,5,1,1
Q6K00520,TEST,TEST_UNKNOWN_K1,1,0,1,[],"[""FMOD0070""]","[""FMOD0070""]",7,5,1,1
Q6K00521,TEST,TEST_UNKNOWN_K1,1,0,1,[],"[""FMOD0062""]","[""FMOD0062""]",7,5,1,1
Q6K00522,TEST,TEST_UNKNOWN_K1,1,0,1,[],"[""FMOD0027""]","[""FMOD0027""]",7,5,1,1
Q6K00523,TEST,TEST_UNKNOWN_K1,1,0,1,[],"[""FMOD0027""]","[""FMOD0027""]",7,5,1,1
Q6K00524,TEST,TEST_UNKNOWN_K1,1,0,1,[],"[""FMOD0070""]","[""FMOD0070""]",7,5,1,1
Q6K00525,TEST,TEST_UNKNOWN_K1,1,0,1,[],"[""FMOD0062""]","[""FMOD0062""]",7,5,1,1
Q6K00526,TEST,TEST_UNKNOWN_K1,1,0,1,[],"[""FMOD0048""]","[""FMOD0048""]",7,5,1,1
Q6K00527,TEST,TEST_UNKNOWN_K1,1,0,1,[],"[""FMOD0046""]","[""FMOD0046""]",7,5,1,1
Q6K00528,TEST,TEST_UNKNOWN_K1,1,0,1,[],"[""FMOD0070""]","[""FMOD0070""]",7,5,1,1
Q6K00529,TEST,TEST_UNKNOWN_K1,1,0,1,[],"[""FMOD0062""]","[""FMOD0062""]",7,5,1,1
Q6K00530,TEST,TEST_UNKNOWN_K1,1,0,1,[],"[""FMOD0054""]","[""FMOD0054""]",7,5,1,1
Q6K00531,TEST,TEST_UNKNOWN_K1,1,0,1,[],"[""FMOD0027""]","[""FMOD0027""]",7,5,1,1
Q6K00532,TEST,TEST_UNKNOWN_K1,1,0,1,[],"[""FMOD0054""]","[""FMOD0054""]",7,5,1,1
Q6K00533,TEST,TEST_UNKNOWN_K1,1,0,1,[],"[""FMOD0090""]","[""FMOD0090""]",7,5,1,1
Q6K00534,TEST,TEST_UNKNOWN_K1,1,0,1,[],"[""FMOD0009""]","[""FMOD0009""]",7,5,1,1
Q6K00535,TEST,TEST_UNKNOWN_K1,1,0,1,[],"[""FMOD0068""]","[""FMOD0068""]",7,5,1,1
Q6K00536,TEST,TEST_UNKNOWN_K1,1,0,1,[],"[""FMOD0028""]","[""FMOD0028""]",7,5,1,1
Q6K00537,TEST,TEST_UNKNOWN_K1,1,0,1,[],"[""FMOD0084""]","[""FMOD0084""]",7,5,1,1
Q6K00538,TEST,TEST_UNKNOWN_K1,1,0,1,[],"[""FMOD0084""]","[""FMOD0084""]",7,5,1,1
Q6K00539,TEST,TEST_UNKNOWN_K1,1,0,1,[],"[""FMOD0068""]","[""FMOD0068""]",7,5,1,1
Q6K00540,TEST,TEST_UNKNOWN_K1,1,0,1,[],"[""FMOD0006""]","[""FMOD0006""]",7,5,1,1
