fresh_id,project_id,slug,title,source_url,github_repo,resolution_status,error
FMOD0001,ou65sqcG,-empty-hand-,-Empty Hand-,,,NO_SOURCE_URL,
FMOD0003,jn24bUJo,skeleton-ai-fix,Skeleton AI Fix,https://github.com/Fuzss/skeletonaifix,https://github.com/Fuzss/skeletonaifix,GITHUB_SOURCE,
FMOD0004,HtZJrAVB,excamate,ExcaMate,https://github.com/SkellyX/ExcaMate,https://github.com/SkellyX/ExcaMate,GITHUB_SOURCE,
FMOD0005,8YVMtzCO,create-realism,Create Realism,https://github.com/stacode123/CreateRealism/,https://github.com/stacode123/CreateRealism,GITHUB_SOURCE,
FMOD0006,Tx85779b,reinforced-barrels,Reinforced Barrels,https://github.com/Aton-Kish/reinforced-barrels,https://github.com/Aton-Kish/reinforced-barrels,GITHUB_SOURCE,
FMOD0007,d0f1a75r,simple-uncrafting-table,Simple Uncrafting Table,https://github.com/Pitan76/uncraftingtable,https://github.com/Pitan76/uncraftingtable,GITHUB_SOURCE,
FMOD0009,uYFKfOSD,tool-remix,Tool Remix,https://github.com/violetshiver/tool-remix,https://github.com/violetshiver/tool-remix,GITHUB_SOURCE,
FMOD0011,HON4Kh6L,exc-coloredelytra,eXc ColoredElytra,,,NO_SOURCE_URL,
FMOD0014,1XgPBDMh,lumiereplay,Lumière Play,https://github.com/jrxmod/lumiereplay,https://github.com/jrxmod/lumiereplay,GITHUB_SOURCE,
FMOD0016,Na8nA0jA,vegan-delight,Vegan Delight,https://github.com/SayWhatSayMon/VeganDelight,https://github.com/SayWhatSayMon/VeganDelight,GITHUB_SOURCE,
FMOD0022,LTTvOp5L,storage-delight,Storage Delight,https://github.com/axperty/storagedelight,https://github.com/axperty/storagedelight,GITHUB_SOURCE,
FMOD0023,gc8OEnCC,betterend,BetterEnd,https://github.com/quiqueck/BetterEnd,https://github.com/quiqueck/BetterEnd,GITHUB_SOURCE,
FMOD0025,iyuwyWOH,off-client,OFF Client,,,NO_SOURCE_URL,
FMOD0027,lXDzrLAm,moar-concrete,Moar Concrete,https://github.com/mcjamweasel/moar-concrete-mod-1.21,https://github.com/mcjamweasel/moar-concrete-mod-1.21,GITHUB_SOURCE,
FMOD0028,XGvP5TBn,growableores,GrowableOres,https://github.com/skniro/Agree-Super_Apple,https://github.com/skniro/Agree-Super_Apple,GITHUB_SOURCE,
FMOD0035,vZoqTqwv,dungeon-now-loading,Dungeon Now Loading,https://github.com/hexnowloading/DungeonNowLoading,https://github.com/hexnowloading/DungeonNowLoading,GITHUB_SOURCE,
FMOD0036,5VolwT6c,rrv,Reliable Recipe Viewer,https://github.com/cassiancc/ReliableRecipeViewer/,https://github.com/cassiancc/ReliableRecipeViewer,GITHUB_SOURCE,
FMOD0040,ORiydwz3,mermod,Mermod,https://github.com/ThatPreston/Mermod,https://github.com/ThatPreston/Mermod,GITHUB_SOURCE,
FMOD0043,McTtzw3T,peterwolfs-planes,PeterWolf’s Planes,,,NO_SOURCE_URL,
FMOD0044,qlagXNJP,betterpiechartplus,BetterPieChart+,,,NO_SOURCE_URL,
FMOD0046,yFqR0DNc,simpletms-tms-and-trs-for-cobblemon,SimpleTMs: TMs and TRs for Cobblemon,https://github.com/Dragomordor/SimpleTMs,https://github.com/Dragomordor/SimpleTMs,GITHUB_SOURCE,
FMOD0048,YFkuYUFq,world-alive,World Alive: Ambient birds and wildlife,,,NO_SOURCE_URL,
FMOD0050,IvNJRZCq,smart-auto-mine,Smart Auto Mine,https://github.com/StefanBraun2001/smart-auto-mine,https://github.com/StefanBraun2001/smart-auto-mine,GITHUB_SOURCE,
FMOD0051,c3Ja659P,contagion,Contagion - A Zombie Infection / Infectious Mod,https://github.com/MC-Mods-Pete/Contagion,https://github.com/MC-Mods-Pete/Contagion,GITHUB_SOURCE,
FMOD0053,laNoi025,screenshot-viewer,Screenshot Viewer,https://github.com/LGatodu47/ScreenshotViewer,https://github.com/LGatodu47/ScreenshotViewer,GITHUB_SOURCE,
FMOD0054,Jq3V0WGv,player-highlighter-mod,Player Highlighter,https://github.com/lyuwenhan/minecraft-java-edition-mods/tree/main/player-highlighter,https://github.com/lyuwenhan/minecraft-java-edition-mods,GITHUB_SOURCE,
FMOD0055,n2f1HbK8,cobblemon-smartphone,Cobblemon Smartphone,https://github.com/RapidMesck/cobblemon_smartphone_main,https://github.com/RapidMesck/cobblemon_smartphone_main,GITHUB_SOURCE,
FMOD0060,Y3gzAm57,tech-reborn-new-upgrades,Tech Reborn New Upgrades,https://github.com/Xurceo/TechReborn-New-Upgrades,https://github.com/Xurceo/TechReborn-New-Upgrades,GITHUB_SOURCE,
FMOD0061,Zkk0brtY,narratless,Narratless • Disable Narrator,https://github.com/DevPieter/Narratless,https://github.com/DevPieter/Narratless,GITHUB_SOURCE,
FMOD0062,X0Lnj8M8,chat-utilities,Chat Utilities,,,NO_SOURCE_URL,
FMOD0066,Ff3Cg2wn,simple-frames,Simple Frames,https://github.com/iSlavok/Simple-Frames,https://github.com/iSlavok/Simple-Frames,GITHUB_SOURCE,
FMOD0067,UUntxQ5e,better-shulker-boxes,Better Shulker Boxes,https://github.com/Jom3a-J/Better-Shulker-Boxes,https://github.com/Jom3a-J/Better-Shulker-Boxes,GITHUB_SOURCE,
FMOD0068,nnu4dJj4,cloudsettings,CloudSettings,https://github.com/Blutmond-Team/CloudSettings-Mod,https://github.com/Blutmond-Team/CloudSettings-Mod,GITHUB_SOURCE,
FMOD0069,jvE0ZHV2,mcedia,Mcedia Core,https://github.com/tobyprime/Mcedia,https://github.com/tobyprime/Mcedia,GITHUB_SOURCE,
FMOD0070,L1RT5SJc,create-goggles,Create Goggles,https://github.com/Robocraft999/CreateGoggles,https://github.com/Robocraft999/CreateGoggles,GITHUB_SOURCE,
FMOD0074,WnbN2C6I,durability-viewer-updated,Durability Viewer Updated,https://github.com/fantahund/DurabilityViewer,https://github.com/fantahund/DurabilityViewer,GITHUB_SOURCE,
FMOD0077,Iudurxl8,chatnotify,Chat Notify,https://github.com/TerminalMC/ChatNotify,https://github.com/TerminalMC/ChatNotify,GITHUB_SOURCE,
FMOD0079,KEFyvbuH,berries,bodacious berries,https://github.com/ix0rai/bodacious_berries,https://github.com/ix0rai/bodacious_berries,GITHUB_SOURCE,
FMOD0083,ySnjMzLg,accessories-compat-layer,Accessories Compatibility Layer,https://github.com/wisp-forest/accessories-compat-layer,https://github.com/wisp-forest/accessories-compat-layer,GITHUB_SOURCE,
FMOD0084,QQXAdCzh,ping-wheel,Ping Wheel,https://github.com/LukenSkyne/Minecraft-Ping-Wheel,https://github.com/LukenSkyne/Minecraft-Ping-Wheel,GITHUB_SOURCE,
FMOD0085,2W2FL5UY,no-tree-punching,No Tree Punching,https://github.com/alcatrazEscapee/no-tree-punching/,https://github.com/alcatrazEscapee/no-tree-punching,GITHUB_SOURCE,
FMOD0086,SHXjjvQ7,config-editor,config-editor-render,https://github.com/zhengzhengyiyi/config-editor,https://github.com/zhengzhengyiyi/config-editor,GITHUB_SOURCE,
FMOD0087,E5Qy8rmu,ductwork,Ductwork,https://github.com/gniftygnome/ductwork,https://github.com/gniftygnome/ductwork,GITHUB_SOURCE,
FMOD0089,2fltysAl,straw-statues,Straw Statues,https://github.com/Fuzss/strawstatues,https://github.com/Fuzss/strawstatues,GITHUB_SOURCE,
FMOD0090,18C6n2XV,sneakyqol,SneakyQoL,https://github.com/nbarudi/SneakyQoL,https://github.com/nbarudi/SneakyQoL,GITHUB_SOURCE,
FMOD0094,kB56GtWA,just-enough-professions-jep,Just Enough Professions (JEP),https://github.com/Mrbysco/JustEnoughProfessions,https://github.com/Mrbysco/JustEnoughProfessions,GITHUB_SOURCE,
FMOD0096,6aRXFBGk,gui-tween,GUI Tween,https://github.com/remarxk/GUI-Tween,https://github.com/remarxk/GUI-Tween,GITHUB_SOURCE,
FMOD0099,80ulerjA,couplings,Couplings,https://github.com/ChloeDawn/Couplings,https://github.com/ChloeDawn/Couplings,GITHUB_SOURCE,
