source_project,removed_queries,retained_queries,component_accuracy,delta_component_accuracy,parent_set_f1,delta_parent_set_f1,parent_set_exact,delta_parent_set_exact,k_accuracy,delta_k_accuracy,k_mae,delta_k_mae,unknown_precision,delta_unknown_precision,unknown_recall,delta_unknown_recall,unknown_f1,delta_unknown_f1
FMOD0001,11,349,0.8100695865738846,0.004117205621503639,0.8467321599126777,0.0024993556798710292,0.4297994269340974,0.010354982489652942,0.49570200573065903,0.00959089461954793,0.5157593123209169,-0.012018465456860916,0.6660019940179461,0.013574809551926692,0.8918558077436582,-0.0005744711408038894,0.7625570776255708,0.008771323278963905
FMOD0003,12,348,0.8054187192118226,-0.0005336617405583555,0.8436781609195421,-0.0005546433132646023,0.4224137931034483,0.0029693486590038343,0.4885057471264368,0.0023946360153256907,0.5258620689655172,-0.0019157088122605526,0.658102766798419,0.005675582332399509,0.8939597315436242,0.001529452659162045,0.7581104154809334,0.004324661134326502
FMOD0004,11,349,0.8055669259107655,-0.00038545504161546784,0.8433619866284642,-0.0008708176043424887,0.4183381088825215,-0.0011063355619229664,0.48424068767908307,-0.0018704234320280344,0.5300859598853869,0.0023081821076090803,0.6567164179104478,0.004289233444428331,0.8918918918918919,-0.00053838699257025,0.7564469914040116,0.0026612370574047306
FMOD0005,16,344,0.8048172757475083,-0.0011351052048726995,0.8421096345514966,-0.0021231696813100998,0.4127906976744186,-0.006653746770025837,0.4796511627906977,-0.006459948320413411,0.5348837209302325,0.007105943152454719,0.6582914572864321,0.005864272820412686,0.891156462585034,-0.0012738162994281321,0.7572254335260116,0.0034396791794046866
FMOD0006,10,350,0.8028571428571428,-0.003095238095238151,0.8413061224489817,-0.002926681783824936,0.4085714285714286,-0.010873015873015868,0.47714285714285715,-0.008968253968253959,0.5371428571428571,0.009365079365079354,0.6373850868232891,-0.015042097642730345,0.887624466571835,-0.004805812312627111,0.7419738406658739,-0.011811913680732977
FMOD0007,12,348,0.8054187192118226,-0.0005336617405583555,0.8430760810071172,-0.0011567232256894933,0.4166666666666667,-0.002777777777777768,0.4827586206896552,-0.0033524904214559115,0.5316091954022989,0.003831417624521105,0.6455566905005107,-0.006870493965508762,0.8901408450704226,-0.0022894338140395654,0.7483718176435761,-0.005413936703030808
FMOD0009,13,347,0.8027995059695348,-0.003152874982846221,0.8413064361191179,-0.0029263681136887376,0.4092219020172911,-0.01022254242715337,0.4783861671469741,-0.007724943964137032,0.5360230547550432,0.008245276977265403,0.6391752577319587,-0.013251926734060726,0.8857142857142857,-0.00671599317017646,0.7425149700598801,-0.011270784286726787
FMOD0011,11,349,0.8100695865738846,0.004117205621503639,0.8443989630236068,0.00016615879080017493,0.42406876790830944,0.004624323463864988,0.4871060171919771,0.0009949060808659982,0.5272206303724928,-0.0005571474052850078,0.6646646646646647,0.012237480198645234,0.8924731182795699,4.283939510774104e-05,0.761904761904762,0.008119007558155089
FMOD0014,7,353,0.8057466612707406,-0.00020571968164040388,0.8452853095912607,0.0010525053584540256,0.42492917847025496,0.0054847340258105115,0.48725212464589235,0.0011410135347812433,0.5269121813031161,-0.0008655964746616673,0.6575342465753424,0.005107062109322991,0.8924302788844621,0.0,0.7571830985915492,0.003397344244942313
FMOD0016,19,341,0.8173439463762044,0.011391565423823469,0.8471023600055874,0.0028695557727806964,0.4340175953079179,0.014573150863473439,0.49853372434017595,0.01242261322906485,0.5161290322580645,-0.011648745519713288,0.6788321167883211,0.026404932322301677,0.8905608755129959,-0.0018694033714662384,0.7704142011834318,0.01662844683682496
FMOD0022,17,343,0.8017492711370262,-0.004203109815354766,0.8412605858670015,-0.0029722183658051904,0.4110787172011662,-0.008365727243278276,0.47230320699708456,-0.013807904114026548,0.5422740524781341,0.014496274700356304,0.6519558676028084,-0.0004713168632110021,0.8904109589041096,-0.002019319980352541,0.7527504342790967,-0.0010353200675101704
FMOD0023,17,343,0.8075801749271136,0.001627793974732672,0.8458142440649745,0.0015814398321678524,0.43440233236151604,0.014957887917071588,0.5014577259475219,0.01534661483641081,0.5131195335276968,-0.014658244250080998,0.6623505976095617,0.009923413143542281,0.8986486486486487,0.006218369764186549,0.7626146788990825,0.008828924552475637
FMOD0025,22,338,0.8055790363482671,-0.0003733446041138677,0.842490842490844,-0.0017419617419626165,0.4171597633136095,-0.0022846811308349646,0.47633136094674555,-0.009779750164365553,0.5384615384615384,0.010683760683760646,0.6565349544072948,0.004107769941275374,0.8937931034482759,0.0013628245638137582,0.7570093457943925,0.003223591447785612
FMOD0027,16,344,0.8027408637873754,-0.003211517165005562,0.8391472868217073,-0.005085517411099416,0.40406976744186046,-0.015374677002583992,0.4738372093023256,-0.012273901808785515,0.5406976744186046,0.012919896640826822,0.6366492146596858,-0.015777969806333614,0.8862973760932945,-0.006132902791167627,0.741011578305911,-0.012774176040695862
FMOD0028,18,342,0.804093567251462,-0.0018588137009190042,0.8428571428571442,-0.0013756613756624736,0.4152046783625731,-0.004239766081871377,0.4824561403508772,-0.003654970760233911,0.5321637426900585,0.004385964912280715,0.6380753138075314,-0.014351870658488086,0.8905109489051095,-0.0019193299793526242,0.7434491163924437,-0.010336637954163175
FMOD0035,18,342,0.8065998329156224,0.0006474519632414522,0.8447786131996673,0.0005458089668606281,0.4298245614035088,0.010380116959064323,0.48830409356725146,0.0021929824561403577,0.5263157894736842,-0.0014619883040936088,0.6589769307923772,0.0065497463263577416,0.8963165075034106,0.003886228618948495,0.7595375722543353,0.005751817907728385
FMOD0036,12,348,0.8054187192118226,-0.0005336617405583555,0.8441434044882339,-8.939974457278232e-05,0.42528735632183906,0.005842911877394608,0.4942528735632184,0.008141762452107293,0.5201149425287356,-0.00766283524904221,0.6560951437066402,0.0036679592406207995,0.8909825033647375,-0.0014477755197246367,0.7557077625570776,0.001922008210470727
FMOD0040,13,347,0.8126801152737753,0.006727734321394285,0.8459173871277637,0.0016845828949569874,0.42363112391930835,0.004186679474863897,0.4812680115273775,-0.004843099583733579,0.5331412103746398,0.005363432596862006,0.6723963599595552,0.019969175493535718,0.8914209115281502,-0.0010093673563119632,0.7665706051873199,0.012784850840713013
FMOD0043,21,339,0.8053097345132744,-0.0006426464391066089,0.8451467902795351,0.0009139860467284322,0.41887905604719766,-0.000565388397246791,0.4837758112094395,-0.0023352999016715836,0.5309734513274337,0.0031956735496558863,0.6606425702811245,0.008215385815105058,0.8903924221921515,-0.0020378566923106023,0.7585014409221902,0.0047156865755833
FMOD0044,19,341,0.8110599078341014,0.005107526881720448,0.8460270911883833,0.0017942869555765961,0.4310850439882698,0.011640599543825347,0.49560117302052786,0.009490061909416758,0.5190615835777126,-0.008716194200065197,0.6721311475409836,0.019703963074964137,0.8900949796472184,-0.0023352992372437376,0.7659077641564506,0.012122009809843681
FMOD0046,10,350,0.8093877551020409,0.0034353741496598866,0.8443537414966006,0.00012093726379391878,0.42,0.0005555555555555314,0.48857142857142855,0.0024603174603174405,0.5257142857142857,-0.0020634920634921006,0.6468213925327951,-0.005605791933224302,0.905367231638418,0.0129369527539559,0.7545615067686876,0.0007757524220807221
FMOD0048,7,353,0.8037231889923108,-0.0022291919600702093,0.8417105085660346,-0.0025222956667720897,0.41076487252124644,-0.008679571923198015,0.47875354107648727,-0.007357570034623839,0.5354107648725213,0.007632987094743471,0.6467661691542289,-0.005661015311790529,0.8904109589041096,-0.002019319980352541,0.7492795389048992,-0.004506215441707706
FMOD0050,8,352,0.8088474025974026,0.002895021645021645,0.8473214285714307,0.003088624338624002,0.42045454545454547,0.0010101010101010166,0.48295454545454547,-0.0031565656565656353,0.53125,0.00347222222222221,0.6607495069033531,0.008322322437333662,0.8921438082556591,-0.0002864706288030483,0.7592067988668555,0.005421044520248608
FMOD0051,19,341,0.8135735232509426,0.0076211422985615895,0.8497137271330837,0.005480922900277019,0.4340175953079179,0.014573150863473439,0.49560117302052786,0.009490061909416758,0.5190615835777126,-0.008716194200065197,0.6720977596741344,0.019670575208114993,0.8930987821380244,0.0006685032535622693,0.7669959325973271,0.01321017825072024
FMOD0053,18,342,0.8099415204678363,0.00398913951545532,0.8471317181843513,0.002898913951544624,0.4269005847953216,0.007456140350877161,0.4853801169590643,-0.0007309941520468044,0.5292397660818714,0.0014619883040936088,0.6680286006128703,0.015601416146850844,0.8910081743869209,-0.00142210449754121,0.7635726795096321,0.009786925163025262
FMOD0054,12,348,0.8045977011494253,-0.0013546798029556717,0.8426929392446653,-0.001539864988141404,0.4109195402298851,-0.00852490421455937,0.47988505747126436,-0.00622605363984674,0.5344827586206896,0.006704980842911823,0.6427840327533265,-0.009643151712692921,0.8907801418439716,-0.0016501370404905513,0.746730083234245,-0.007055671112361939
FMOD0055,16,344,0.8073089700996677,0.0013565891472867575,0.8429401993355499,-0.0012926048972567994,0.4186046511627907,-0.0008397932816537335,0.48255813953488375,-0.0035529715762273595,0.5319767441860465,0.004198966408268667,0.6622851365015167,0.00985795203549722,0.8899456521739131,-0.002484626710549054,0.7594202898550726,0.00563453550846571
FMOD0060,18,342,0.8107769423558897,0.004824561403508731,0.8465051517683113,0.0022723475355046485,0.4298245614035088,0.010380116959064323,0.49415204678362573,0.008040935672514626,0.52046783625731,-0.007309941520467822,0.6690355329949239,0.01660834852890447,0.8941655359565808,0.0017352570721186344,0.7653890824622532,0.01160332811564635
FMOD0061,14,346,0.8051197357555739,-0.0008326451968070359,0.8424993118634755,-0.00173349236933118,0.4190751445086705,-0.00036929993577394793,0.48265895953757226,-0.003452151573538842,0.5317919075144508,0.004014129736673033,0.6584158415841584,0.005988657118139007,0.8950201884253028,0.002589909540840707,0.7586993725042784,0.004913618157671551
FMOD0062,13,347,0.8011527377521613,-0.004799643200219639,0.8383971456017586,-0.0058356586310480685,0.3976945244956772,-0.021749919948767238,0.4668587896253602,-0.0192523214857509,0.547550432276657,0.019772654498879216,0.6348547717842323,-0.01757241268178711,0.8831168831168831,-0.009313395767579058,0.7386843693421847,-0.015101385004422152
FMOD0066,23,337,0.8071216617210683,0.0011692807686872753,0.8435212660731961,-0.0007115381596105586,0.43026706231454004,0.010822617870095586,0.49554896142433236,0.009437850313221252,0.5192878338278932,-0.00848994394988456,0.667005076142132,0.014577891676112564,0.8950953678474114,0.002665088962949258,0.7643979057591622,0.010612151412555337
FMOD0067,15,345,0.8057971014492754,-0.00015527950310556538,0.8441959972394774,-3.6806993329308035e-05,0.42318840579710143,0.003743961352656977,0.4927536231884058,0.0066425120772947155,0.5217391304347826,-0.006038647342995196,0.6616915422885572,0.009264357822537761,0.8926174496644296,0.00018717077996743825,0.7600000000000001,0.0062142456533932355
FMOD0068,9,351,0.8083028083028083,0.002350427350427342,0.8459910459910479,0.0017582417582412413,0.42735042735042733,0.007905982905982878,0.4928774928774929,0.006766381766381779,0.5213675213675214,-0.0064102564102563875,0.6461232604373758,-0.006303924028643659,0.9090909090909091,0.016660630206446925,0.7553747821034282,0.0015890277568213484
FMOD0069,21,339,0.8019384745048462,-0.004013906447534743,0.8398370557662609,-0.004395748466545779,0.41002949852507375,-0.009414945919370699,0.4808259587020649,-0.005285152409046201,0.5339233038348082,0.006145526057030448,0.6579476861167002,0.0055205016506807425,0.8910081743869209,-0.00142210449754121,0.7569444444444443,0.0031586900978374244
FMOD0070,12,348,0.8021346469622331,-0.0038177339901478424,0.8407772304324049,-0.0034555738004017345,0.4051724137931034,-0.014272030651341028,0.47126436781609193,-0.014846743295019171,0.5431034482758621,0.01532567049808431,0.6321243523316062,-0.020302832134413196,0.8853410740203193,-0.007089204864142884,0.7376058041112455,-0.01617995023536134
FMOD0074,14,346,0.8026424442609413,-0.003309936691439641,0.8424855491329498,-0.0017472550998568481,0.41329479768786126,-0.006149646756583194,0.4797687861271676,-0.0063423249839434925,0.5346820809248555,0.006904303147077684,0.6568627450980392,0.004435560632019775,0.8957219251336899,0.003291646249227731,0.7579185520361991,0.0041327976895921825
FMOD0077,17,343,0.8046647230320699,-0.0012876579203110472,0.8427321949187854,-0.001500609314021295,0.4198250728862974,0.0003806284418529371,0.4868804664723032,0.0007693553611921033,0.5276967930029155,-8.098477486229161e-05,0.6577114427860696,0.005284258320050195,0.8944519621109608,0.0020216832264986495,0.7580275229357799,0.004241768589173023
FMOD0079,20,340,0.815546218487395,0.009593837535013972,0.8494397759103658,0.005206971677559125,0.4294117647058823,0.009967320261437873,0.49117647058823527,0.005065359477124165,0.5147058823529411,-0.013071895424836666,0.6537678207739308,0.0013406363079113692,0.889196675900277,-0.00323360298418518,0.7535211267605634,-0.0002646275860435088
FMOD0083,17,343,0.8075801749271136,0.001627793974732672,0.846480633069556,0.0022478288367493438,0.4227405247813411,0.0032960803368966562,0.4839650145772595,-0.002146096533851616,0.5306122448979592,0.0028344671201814275,0.6609657947686117,0.008538610302592287,0.8902439024390244,-0.002186376445437732,0.7586605080831409,0.00487475373653401
FMOD0084,17,343,0.8071636817992504,0.0012113008468693787,0.845647646813829,0.001414842581022313,0.4227405247813411,0.0032960803368966562,0.4897959183673469,0.0036848072562358225,0.5247813411078717,-0.002996436669906122,0.6387434554973822,-0.013683728968637232,0.8997050147492626,0.00727473586480043,0.7470912431108391,-0.006694511235767808
FMOD0085,7,353,0.8081748280048563,0.002222447052475318,0.8462026170241488,0.001969812791342118,0.42492917847025496,0.0054847340258105115,0.49008498583569404,0.0039738747245829376,0.5240793201133145,-0.003698457664463306,0.648,-0.004427184466019418,0.8975069252077562,0.005076646323294076,0.7526132404181184,-0.0011725139284884945
FMOD0086,20,340,0.8012605042016807,-0.0046918767507002634,0.8408963585434188,-0.003336445689387846,0.4147058823529412,-0.004738562091503251,0.4823529411764706,-0.0037581699346405095,0.5323529411764706,0.004575163398692794,0.6600594648166501,0.0076322803506306824,0.8927613941018767,0.0003311152174145793,0.758974358974359,0.005188604627752169
FMOD0087,20,340,0.8025210084033614,-0.0034313725490195957,0.8431092436974803,-0.0011235605353263622,0.4235294117647059,0.004084967320261423,0.48823529411764705,0.00212418300653594,0.5264705882352941,-0.0013071895424836555,0.6613386613386614,0.008911476872641932,0.8909825033647375,-0.0014477755197246367,0.7591743119266053,0.005388557579998454
FMOD0089,20,340,0.8063025210084034,0.0003501400560224077,0.8432212885154077,-0.001011515717398992,0.4235294117647059,0.004084967320261423,0.48823529411764705,0.00212418300653594,0.5264705882352941,-0.0013071895424836555,0.6626262626262627,0.010199078160243236,0.8937329700272479,0.0013026911427858057,0.7610208816705336,0.007235127323926727
FMOD0090,16,344,0.8010797342192691,-0.0048726467331118295,0.8399224806201567,-0.004310323612649936,0.40406976744186046,-0.015374677002583992,0.4738372093023256,-0.012273901808785515,0.5406976744186046,0.012919896640826822,0.6341968911917099,-0.018230293274309584,0.8869565217391304,-0.005473757145331715,0.7395770392749245,-0.01420871507168242
FMOD0094,8,352,0.807224025974026,0.001271645021645007,0.8438717532467552,-0.0003610509860514366,0.41761363636363635,-0.0018308080808080995,0.48579545454545453,-0.00031565656565657463,0.5255681818181818,-0.0022095959595960224,0.6510468594217348,-0.001380325044284647,0.896978021978022,0.004547743093559875,0.754477180820335,0.0006914264737281073
FMOD0096,13,347,0.8081515026759983,0.002199121723617359,0.8457801564429825,0.0015473522101758785,0.42939481268011526,0.009950368235670803,0.4956772334293948,0.009566122318283687,0.5187319884726225,-0.009045789305155316,0.6633466135458167,0.01091942907979726,0.8951612903225806,0.0027310114381184913,0.7620137299771166,0.008227975630509698
FMOD0099,21,339,0.8002528445006322,-0.00569953645174881,0.8390504284309607,-0.005182375801845995,0.41002949852507375,-0.009414945919370699,0.4808259587020649,-0.005285152409046201,0.5339233038348082,0.006145526057030448,0.6532663316582915,0.0008391471922720717,0.8916323731138546,-0.0007979057706075654,0.7540603248259862,0.000274570479379288
