scenario,query_id
TEST_KNOWN_K1,Q6K00183
TEST_KNOWN_K1,Q6K00184
TEST_KNOWN_K1,Q6K00193
TEST_KNOWN_K1,Q6K00195
TEST_KNOWN_K1,Q6K00197
TEST_KNOWN_K1,Q6K00199
TEST_KNOWN_K1,Q6K00200
TEST_KNOWN_K1,Q6K00201
TEST_KNOWN_K1,Q6K00205
TEST_KNOWN_K1,Q6K00206
TEST_KNOWN_K1,Q6K00207
TEST_KNOWN_K1,Q6K00208
TEST_KNOWN_K1,Q6K00212
TEST_KNOWN_K1,Q6K00216
TEST_KNOWN_K1,Q6K00227
TEST_KNOWN_K1,Q6K00232
TEST_KNOWN_K1,Q6K00235
TEST_KNOWN_K1,Q6K00236
TEST_KNOWN_K1,Q6K00237
TEST_KNOWN_K1,Q6K00240
TEST_KNOWN_K2,Q6K00247
TEST_KNOWN_K2,Q6K00251
TEST_KNOWN_K2,Q6K00252
TEST_KNOWN_K2,Q6K00258
TEST_KNOWN_K2,Q6K00259
TEST_KNOWN_K2,Q6K00262
TEST_KNOWN_K2,Q6K00264
TEST_KNOWN_K2,Q6K00267
TEST_KNOWN_K2,Q6K00268
TEST_KNOWN_K2,Q6K00271
TEST_KNOWN_K2,Q6K00273
TEST_KNOWN_K2,Q6K00274
TEST_KNOWN_K2,Q6K00275
TEST_KNOWN_K2,Q6K00283
TEST_KNOWN_K2,Q6K00287
TEST_KNOWN_K2,Q6K00293
TEST_KNOWN_K2,Q6K00295
TEST_KNOWN_K2,Q6K00296
TEST_KNOWN_K2,Q6K00298
TEST_KNOWN_K2,Q6K00299
TEST_KNOWN_K3,Q6K00304
TEST_KNOWN_K3,Q6K00310
TEST_KNOWN_K3,Q6K00313
TEST_KNOWN_K3,Q6K00317
TEST_KNOWN_K3,Q6K00318
TEST_KNOWN_K3,Q6K00325
TEST_KNOWN_K3,Q6K00326
TEST_KNOWN_K3,Q6K00327
TEST_KNOWN_K3,Q6K00332
TEST_KNOWN_K3,Q6K00333
TEST_KNOWN_K3,Q6K00336
TEST_KNOWN_K3,Q6K00338
TEST_KNOWN_K3,Q6K00340
TEST_KNOWN_K3,Q6K00342
TEST_KNOWN_K3,Q6K00343
TEST_KNOWN_K3,Q6K00344
TEST_KNOWN_K3,Q6K00351
TEST_KNOWN_K3,Q6K00355
TEST_KNOWN_K3,Q6K00359
TEST_KNOWN_K3,Q6K00360
TEST_MIXED_1K1U,Q6K00363
TEST_MIXED_1K1U,Q6K00365
TEST_MIXED_1K1U,Q6K00372
TEST_MIXED_1K1U,Q6K00375
TEST_MIXED_1K1U,Q6K00377
TEST_MIXED_1K1U,Q6K00378
TEST_MIXED_1K1U,Q6K00380
TEST_MIXED_1K1U,Q6K00384
TEST_MIXED_1K1U,Q6K00389
TEST_MIXED_1K1U,Q6K00390
TEST_MIXED_1K1U,Q6K00393
TEST_MIXED_1K1U,Q6K00395
TEST_MIXED_1K1U,Q6K00396
TEST_MIXED_1K1U,Q6K00400
TEST_MIXED_1K1U,Q6K00403
TEST_MIXED_1K1U,Q6K00405
TEST_MIXED_1K1U,Q6K00407
TEST_MIXED_1K1U,Q6K00410
TEST_MIXED_1K1U,Q6K00417
TEST_MIXED_1K1U,Q6K00420
TEST_MIXED_2K1U,Q6K00422
TEST_MIXED_2K1U,Q6K00423
TEST_MIXED_2K1U,Q6K00424
TEST_MIXED_2K1U,Q6K00427
TEST_MIXED_2K1U,Q6K00435
TEST_MIXED_2K1U,Q6K00436
TEST_MIXED_2K1U,Q6K00438
TEST_MIXED_2K1U,Q6K00442
TEST_MIXED_2K1U,Q6K00443
TEST_MIXED_2K1U,Q6K00444
TEST_MIXED_2K1U,Q6K00446
TEST_MIXED_2K1U,Q6K00453
TEST_MIXED_2K1U,Q6K00456
TEST_MIXED_2K1U,Q6K00458
TEST_MIXED_2K1U,Q6K00461
TEST_MIXED_2K1U,Q6K00465
TEST_MIXED_2K1U,Q6K00470
TEST_MIXED_2K1U,Q6K00471
TEST_MIXED_2K1U,Q6K00473
TEST_MIXED_2K1U,Q6K00479
TEST_UNKNOWN_K1,Q6K00481
TEST_UNKNOWN_K1,Q6K00484
TEST_UNKNOWN_K1,Q6K00485
TEST_UNKNOWN_K1,Q6K00489
TEST_UNKNOWN_K1,Q6K00495
TEST_UNKNOWN_K1,Q6K00498
TEST_UNKNOWN_K1,Q6K00507
TEST_UNKNOWN_K1,Q6K00511
TEST_UNKNOWN_K1,Q6K00512
TEST_UNKNOWN_K1,Q6K00513
TEST_UNKNOWN_K1,Q6K00517
TEST_UNKNOWN_K1,Q6K00518
TEST_UNKNOWN_K1,Q6K00523
TEST_UNKNOWN_K1,Q6K00528
TEST_UNKNOWN_K1,Q6K00530
TEST_UNKNOWN_K1,Q6K00531
TEST_UNKNOWN_K1,Q6K00533
TEST_UNKNOWN_K1,Q6K00535
TEST_UNKNOWN_K1,Q6K00537
TEST_UNKNOWN_K1,Q6K00538
