anonymous_parent_id,fresh_id,project_id,slug,title,frozen_split
P0001,FMOD0001,ou65sqcG,-empty-hand-,-Empty Hand-,TEST_KNOWN
P0002,FMOD0003,jn24bUJo,skeleton-ai-fix,Skeleton AI Fix,TEST_KNOWN
P0003,FMOD0004,HtZJrAVB,excamate,ExcaMate,TEST_KNOWN
P0004,FMOD0005,8YVMtzCO,create-realism,Create Realism,TEST_KNOWN
P0005,FMOD0008,wf7bWVKa,world-copies-me,World Copies Me,TEST_KNOWN
P0006,FMOD0011,HON4Kh6L,exc-coloredelytra,eXc ColoredElytra,TEST_KNOWN
P0007,FMOD0013,um3io6U4,chrissi-nightvision,chrissi's Night Vision,TEST_KNOWN
P0008,FMOD0014,1XgPBDMh,lumiereplay,Lumière Play,TEST_KNOWN
P0009,FMOD0015,zpssE62T,-doublejump-,-DoubleJump-,TEST_KNOWN
P0010,FMOD0016,Na8nA0jA,vegan-delight,Vegan Delight,TEST_KNOWN
P0011,FMOD0017,yUBXc3AH,libz,LibZ,TEST_BACKGROUND
P0012,FMOD0022,LTTvOp5L,storage-delight,Storage Delight,TEST_KNOWN
P0013,FMOD0023,gc8OEnCC,betterend,BetterEnd,TEST_KNOWN
P0014,FMOD0024,vlUsQPHM,funtime-ah-helper,FunTime AH Helper,TEST_KNOWN
P0015,FMOD0025,iyuwyWOH,off-client,OFF Client,TEST_KNOWN
P0016,FMOD0031,nPQ9xkPg,markdownmanual,Markdown Manual,TEST_BACKGROUND
P0017,FMOD0033,m6OyNFtX,fcitx5-enhancer,Fcitx5 Enhancer,TEST_KNOWN
P0018,FMOD0035,vZoqTqwv,dungeon-now-loading,Dungeon Now Loading,TEST_KNOWN
P0019,FMOD0036,5VolwT6c,rrv,Reliable Recipe Viewer,TEST_KNOWN
P0020,FMOD0040,ORiydwz3,mermod,Mermod,TEST_KNOWN
P0021,FMOD0043,McTtzw3T,peterwolfs-planes,PeterWolf’s Planes,TEST_KNOWN
P0022,FMOD0044,qlagXNJP,betterpiechartplus,BetterPieChart+,TEST_KNOWN
P0023,FMOD0049,pvcsfne4,chefs-delight,Chef's Delight - Farmer's Delight Villagers,TEST_KNOWN
P0024,FMOD0050,IvNJRZCq,smart-auto-mine,Smart Auto Mine,TEST_KNOWN
P0025,FMOD0051,c3Ja659P,contagion,Contagion - A Zombie Infection / Infectious Mod,TEST_KNOWN
P0026,FMOD0053,laNoi025,screenshot-viewer,Screenshot Viewer,TEST_KNOWN
P0027,FMOD0055,n2f1HbK8,cobblemon-smartphone,Cobblemon Smartphone,TEST_KNOWN
P0028,FMOD0060,Y3gzAm57,tech-reborn-new-upgrades,Tech Reborn New Upgrades,TEST_KNOWN
P0029,FMOD0061,Zkk0brtY,narratless,Narratless • Disable Narrator,TEST_KNOWN
P0030,FMOD0066,Ff3Cg2wn,simple-frames,Simple Frames,TEST_KNOWN
P0031,FMOD0067,UUntxQ5e,better-shulker-boxes,Better Shulker Boxes,TEST_KNOWN
P0032,FMOD0069,jvE0ZHV2,mcedia,Mcedia Core,TEST_KNOWN
P0033,FMOD0073,gIl8fyUs,simpledamagetint,Simple Damage Tint,TEST_KNOWN
P0034,FMOD0074,WnbN2C6I,durability-viewer-updated,Durability Viewer Updated,TEST_KNOWN
P0035,FMOD0075,ohNO6lps,forge-config-api-port,Forge Config API Port,TEST_BACKGROUND
P0036,FMOD0076,CnLgiUvi,pvpsys,PvpSys,TEST_KNOWN
P0037,FMOD0077,Iudurxl8,chatnotify,Chat Notify,TEST_KNOWN
P0038,FMOD0079,KEFyvbuH,berries,bodacious berries,TEST_KNOWN
P0039,FMOD0080,dwVY5imH,kohs-crystal-tweaks,Crystal Tweaks KoHs,TEST_KNOWN
P0040,FMOD0083,ySnjMzLg,accessories-compat-layer,Accessories Compatibility Layer,TEST_KNOWN
P0041,FMOD0086,SHXjjvQ7,config-editor,config-editor-render,TEST_KNOWN
P0042,FMOD0087,E5Qy8rmu,ductwork,Ductwork,TEST_KNOWN
P0043,FMOD0089,2fltysAl,straw-statues,Straw Statues,TEST_KNOWN
P0044,FMOD0091,jEjEEHLL,villagercoin,Villager Coin™,TEST_BACKGROUND
P0045,FMOD0093,SAXvgvXt,i-editor,I Editor,TEST_KNOWN
P0046,FMOD0095,CcN2iIMY,expanded-mace-enchantings,Expanded Mace Enchantings,TEST_KNOWN
P0047,FMOD0096,6aRXFBGk,gui-tween,GUI Tween,TEST_KNOWN
P0048,FMOD0099,80ulerjA,couplings,Couplings,TEST_KNOWN
P0049,FMOD0100,3LhesjAz,headspace,headspace.,TEST_KNOWN
P0050,FMOD0102,Nn8Wasaq,craterlib,CraterLib,TEST_BACKGROUND
P0051,FMOD0104,a9AsUNGn,statement,Statement,TEST_BACKGROUND
P0052,FMOD0105,mWdDy9A0,phantom-loader,Phantom Loader,TEST_BACKGROUND
P0053,FMOD0106,Lr1LVAwO,lib-5555ff,5555ff-lib,TEST_BACKGROUND
P0054,FMOD0109,LH6juGaI,too-many-shortcuts,Too Many Shortcuts,TEST_BACKGROUND
P0055,FMOD0110,J81TRJWm,konkrete,Konkrete,TEST_BACKGROUND
P0056,FMOD0113,9vQsbY6Y,aggstack,AggStack,TEST_BACKGROUND
P0057,FMOD0115,K01OU20C,cardinal-components-api,Cardinal Components API,TEST_BACKGROUND
P0058,FMOD0116,CVdyYsTz,kielsons-api,Kielson's API,TEST_BACKGROUND
P0059,FMOD0119,ufdDoWPd,kiwi,Kiwi 🥝,TEST_BACKGROUND
P0060,FMOD0120,nT86WUER,unilib,UniLib,TEST_BACKGROUND
