query_id,scenario,k_true,node_id,modality,ground_truth_label,predicted_label,correct
Q11A0001,MU_1K2U,2,Q11A0001_N01,CODE_BINARY,FMOD0044,UNKNOWN,False
Q11A0001,MU_1K2U,2,Q11A0001_N02,CODE_BINARY,FMOD0044,UNKNOWN,False
Q11A0001,MU_1K2U,2,Q11A0001_N03,CODE_BINARY,UNKNOWN,UNKNOWN,True
Q11A0001,MU_1K2U,2,Q11A0001_N04,CODE_BINARY,UNKNOWN,UNKNOWN,True
Q11A0001,MU_1K2U,2,Q11A0001_N05,CODE_BINARY,UNKNOWN,UNKNOWN,True
Q11A0001,MU_1K2U,2,Q11A0001_N06,STRUCTURED,UNKNOWN,UNKNOWN,True
Q11A0001,MU_1K2U,2,Q11A0001_N07,IMAGE,FMOD0044,FMOD0044,True
Q11A0002,MU_1K2U,2,Q11A0002_N01,CODE_BINARY,FMOD0099,FMOD0099,True
Q11A0002,MU_1K2U,2,Q11A0002_N02,CODE_BINARY,FMOD0099,FMOD0099,True
Q11A0002,MU_1K2U,2,Q11A0002_N03,CODE_BINARY,UNKNOWN,UNKNOWN,True
Q11A0002,MU_1K2U,2,Q11A0002_N04,CODE_BINARY,UNKNOWN,UNKNOWN,True
Q11A0002,MU_1K2U,2,Q11A0002_N05,CODE_BINARY,UNKNOWN,FMOD0055,False
Q11A0002,MU_1K2U,2,Q11A0002_N06,STRUCTURED,UNKNOWN,UNKNOWN,True
Q11A0002,MU_1K2U,2,Q11A0002_N07,IMAGE,FMOD0099,FMOD0099,True
Q11A0003,MU_1K2U,2,Q11A0003_N01,CODE_BINARY,FMOD0005,FMOD0005,True
Q11A0003,MU_1K2U,2,Q11A0003_N02,CODE_BINARY,FMOD0005,FMOD0005,True
Q11A0003,MU_1K2U,2,Q11A0003_N03,CODE_BINARY,UNKNOWN,UNKNOWN,True
Q11A0003,MU_1K2U,2,Q11A0003_N04,CODE_BINARY,UNKNOWN,UNKNOWN,True
Q11A0003,MU_1K2U,2,Q11A0003_N05,CODE_BINARY,UNKNOWN,UNKNOWN,True
Q11A0003,MU_1K2U,2,Q11A0003_N06,STRUCTURED,UNKNOWN,FMOD0022,False
Q11A0003,MU_1K2U,2,Q11A0003_N07,IMAGE,FMOD0005,FMOD0005,True
Q11A0004,MU_1K2U,2,Q11A0004_N01,CODE_BINARY,FMOD0067,FMOD0067,True
Q11A0004,MU_1K2U,2,Q11A0004_N02,CODE_BINARY,FMOD0067,FMOD0067,True
Q11A0004,MU_1K2U,2,Q11A0004_N03,CODE_BINARY,UNKNOWN,UNKNOWN,True
Q11A0004,MU_1K2U,2,Q11A0004_N04,CODE_BINARY,UNKNOWN,UNKNOWN,True
Q11A0004,MU_1K2U,2,Q11A0004_N05,CODE_BINARY,UNKNOWN,UNKNOWN,True
Q11A0004,MU_1K2U,2,Q11A0004_N06,STRUCTURED,UNKNOWN,UNKNOWN,True
Q11A0004,MU_1K2U,2,Q11A0004_N07,IMAGE,FMOD0067,FMOD0067,True
Q11A0005,MU_1K2U,2,Q11A0005_N01,CODE_BINARY,FMOD0055,FMOD0055,True
Q11A0005,MU_1K2U,2,Q11A0005_N02,CODE_BINARY,FMOD0055,FMOD0055,True
Q11A0005,MU_1K2U,2,Q11A0005_N03,CODE_BINARY,UNKNOWN,UNKNOWN,True
Q11A0005,MU_1K2U,2,Q11A0005_N04,CODE_BINARY,UNKNOWN,UNKNOWN,True
Q11A0005,MU_1K2U,2,Q11A0005_N05,CODE_BINARY,UNKNOWN,UNKNOWN,True
Q11A0005,MU_1K2U,2,Q11A0005_N06,STRUCTURED,UNKNOWN,UNKNOWN,True
Q11A0005,MU_1K2U,2,Q11A0005_N07,IMAGE,FMOD0055,FMOD0055,True
Q11A0006,MU_1K2U,2,Q11A0006_N01,CODE_BINARY,FMOD0087,FMOD0087,True
Q11A0006,MU_1K2U,2,Q11A0006_N02,CODE_BINARY,FMOD0087,FMOD0087,True
Q11A0006,MU_1K2U,2,Q11A0006_N03,CODE_BINARY,UNKNOWN,UNKNOWN,True
Q11A0006,MU_1K2U,2,Q11A0006_N04,CODE_BINARY,UNKNOWN,UNKNOWN,True
Q11A0006,MU_1K2U,2,Q11A0006_N05,CODE_BINARY,UNKNOWN,UNKNOWN,True
Q11A0006,MU_1K2U,2,Q11A0006_N06,STRUCTURED,UNKNOWN,UNKNOWN,True
Q11A0006,MU_1K2U,2,Q11A0006_N07,IMAGE,FMOD0087,FMOD0087,True
Q11A0007,MU_1K2U,2,Q11A0007_N01,CODE_BINARY,FMOD0011,UNKNOWN,False
Q11A0007,MU_1K2U,2,Q11A0007_N02,CODE_BINARY,FMOD0011,UNKNOWN,False
Q11A0007,MU_1K2U,2,Q11A0007_N03,CODE_BINARY,UNKNOWN,UNKNOWN,True
Q11A0007,MU_1K2U,2,Q11A0007_N04,CODE_BINARY,UNKNOWN,UNKNOWN,True
Q11A0007,MU_1K2U,2,Q11A0007_N05,CODE_BINARY,UNKNOWN,UNKNOWN,True
Q11A0007,MU_1K2U,2,Q11A0007_N06,STRUCTURED,UNKNOWN,UNKNOWN,True
Q11A0007,MU_1K2U,2,Q11A0007_N07,IMAGE,FMOD0011,FMOD0011,True
Q11A0008,MU_1K2U,2,Q11A0008_N01,CODE_BINARY,FMOD0044,FMOD0044,True
Q11A0008,MU_1K2U,2,Q11A0008_N02,CODE_BINARY,FMOD0044,UNKNOWN,False
Q11A0008,MU_1K2U,2,Q11A0008_N03,CODE_BINARY,UNKNOWN,UNKNOWN,True
Q11A0008,MU_1K2U,2,Q11A0008_N04,CODE_BINARY,UNKNOWN,UNKNOWN,True
Q11A0008,MU_1K2U,2,Q11A0008_N05,CODE_BINARY,UNKNOWN,UNKNOWN,True
Q11A0008,MU_1K2U,2,Q11A0008_N06,STRUCTURED,UNKNOWN,UNKNOWN,True
Q11A0008,MU_1K2U,2,Q11A0008_N07,IMAGE,FMOD0044,FMOD0044,True
Q11A0009,MU_1K2U,2,Q11A0009_N01,CODE_BINARY,FMOD0099,FMOD0099,True
Q11A0009,MU_1K2U,2,Q11A0009_N02,CODE_BINARY,FMOD0099,FMOD0099,True
Q11A0009,MU_1K2U,2,Q11A0009_N03,CODE_BINARY,UNKNOWN,UNKNOWN,True
Q11A0009,MU_1K2U,2,Q11A0009_N04,CODE_BINARY,UNKNOWN,FMOD0069,False
Q11A0009,MU_1K2U,2,Q11A0009_N05,CODE_BINARY,UNKNOWN,UNKNOWN,True
Q11A0009,MU_1K2U,2,Q11A0009_N06,STRUCTURED,UNKNOWN,UNKNOWN,True
Q11A0009,MU_1K2U,2,Q11A0009_N07,IMAGE,FMOD0099,FMOD0099,True
Q11A0010,MU_1K2U,2,Q11A0010_N01,CODE_BINARY,FMOD0011,UNKNOWN,False
Q11A0010,MU_1K2U,2,Q11A0010_N02,CODE_BINARY,FMOD0011,FMOD0011,True
Q11A0010,MU_1K2U,2,Q11A0010_N03,CODE_BINARY,UNKNOWN,UNKNOWN,True
Q11A0010,MU_1K2U,2,Q11A0010_N04,CODE_BINARY,UNKNOWN,UNKNOWN,True
Q11A0010,MU_1K2U,2,Q11A0010_N05,CODE_BINARY,UNKNOWN,UNKNOWN,True
Q11A0010,MU_1K2U,2,Q11A0010_N06,STRUCTURED,UNKNOWN,FMOD0016,False
Q11A0010,MU_1K2U,2,Q11A0010_N07,IMAGE,FMOD0011,FMOD0011,True
Q11A0011,MU_1K2U,2,Q11A0011_N01,CODE_BINARY,FMOD0040,UNKNOWN,False
Q11A0011,MU_1K2U,2,Q11A0011_N02,CODE_BINARY,FMOD0040,UNKNOWN,False
Q11A0011,MU_1K2U,2,Q11A0011_N03,CODE_BINARY,UNKNOWN,UNKNOWN,True
Q11A0011,MU_1K2U,2,Q11A0011_N04,CODE_BINARY,UNKNOWN,UNKNOWN,True
Q11A0011,MU_1K2U,2,Q11A0011_N05,CODE_BINARY,UNKNOWN,UNKNOWN,True
Q11A0011,MU_1K2U,2,Q11A0011_N06,STRUCTURED,UNKNOWN,UNKNOWN,True
Q11A0011,MU_1K2U,2,Q11A0011_N07,IMAGE,FMOD0040,FMOD0040,True
Q11A0012,MU_1K2U,2,Q11A0012_N01,CODE_BINARY,FMOD0050,FMOD0050,True
Q11A0012,MU_1K2U,2,Q11A0012_N02,CODE_BINARY,FMOD0050,FMOD0050,True
Q11A0012,MU_1K2U,2,Q11A0012_N03,CODE_BINARY,UNKNOWN,UNKNOWN,True
Q11A0012,MU_1K2U,2,Q11A0012_N04,CODE_BINARY,UNKNOWN,FMOD0119,False
Q11A0012,MU_1K2U,2,Q11A0012_N05,CODE_BINARY,UNKNOWN,FMOD0119,False
Q11A0012,MU_1K2U,2,Q11A0012_N06,STRUCTURED,UNKNOWN,UNKNOWN,True
Q11A0012,MU_1K2U,2,Q11A0012_N07,IMAGE,FMOD0050,FMOD0050,True
Q11A0013,MU_1K2U,2,Q11A0013_N01,CODE_BINARY,FMOD0005,UNKNOWN,False
Q11A0013,MU_1K2U,2,Q11A0013_N02,CODE_BINARY,FMOD0005,UNKNOWN,False
Q11A0013,MU_1K2U,2,Q11A0013_N03,CODE_BINARY,UNKNOWN,UNKNOWN,True
Q11A0013,MU_1K2U,2,Q11A0013_N04,CODE_BINARY,UNKNOWN,UNKNOWN,True
Q11A0013,MU_1K2U,2,Q11A0013_N05,CODE_BINARY,UNKNOWN,UNKNOWN,True
Q11A0013,MU_1K2U,2,Q11A0013_N06,STRUCTURED,UNKNOWN,UNKNOWN,True
Q11A0013,MU_1K2U,2,Q11A0013_N07,IMAGE,FMOD0005,FMOD0005,True
Q11A0014,MU_1K2U,2,Q11A0014_N01,CODE_BINARY,FMOD0086,FMOD0086,True
Q11A0014,MU_1K2U,2,Q11A0014_N02,CODE_BINARY,FMOD0086,FMOD0086,True
Q11A0014,MU_1K2U,2,Q11A0014_N03,CODE_BINARY,UNKNOWN,UNKNOWN,True
Q11A0014,MU_1K2U,2,Q11A0014_N04,CODE_BINARY,UNKNOWN,UNKNOWN,True
Q11A0014,MU_1K2U,2,Q11A0014_N05,CODE_BINARY,UNKNOWN,UNKNOWN,True
Q11A0014,MU_1K2U,2,Q11A0014_N06,STRUCTURED,UNKNOWN,UNKNOWN,True
Q11A0014,MU_1K2U,2,Q11A0014_N07,IMAGE,FMOD0086,FMOD0086,True
Q11A0015,MU_1K2U,2,Q11A0015_N01,CODE_BINARY,FMOD0061,FMOD0061,True
Q11A0015,MU_1K2U,2,Q11A0015_N02,CODE_BINARY,FMOD0061,FMOD0061,True
Q11A0015,MU_1K2U,2,Q11A0015_N03,CODE_BINARY,UNKNOWN,FMOD0035,False
Q11A0015,MU_1K2U,2,Q11A0015_N04,CODE_BINARY,UNKNOWN,FMOD0035,False
Q11A0015,MU_1K2U,2,Q11A0015_N05,CODE_BINARY,UNKNOWN,UNKNOWN,True
Q11A0015,MU_1K2U,2,Q11A0015_N06,STRUCTURED,UNKNOWN,UNKNOWN,True
Q11A0015,MU_1K2U,2,Q11A0015_N07,IMAGE,FMOD0061,FMOD0061,True
Q11A0016,MU_1K2U,2,Q11A0016_N01,CODE_BINARY,FMOD0001,UNKNOWN,False
Q11A0016,MU_1K2U,2,Q11A0016_N02,CODE_BINARY,FMOD0001,UNKNOWN,False
Q11A0016,MU_1K2U,2,Q11A0016_N03,CODE_BINARY,UNKNOWN,UNKNOWN,True
Q11A0016,MU_1K2U,2,Q11A0016_N04,CODE_BINARY,UNKNOWN,UNKNOWN,True
Q11A0016,MU_1K2U,2,Q11A0016_N05,CODE_BINARY,UNKNOWN,UNKNOWN,True
Q11A0016,MU_1K2U,2,Q11A0016_N06,STRUCTURED,UNKNOWN,FMOD0011,False
Q11A0016,MU_1K2U,2,Q11A0016_N07,IMAGE,FMOD0001,FMOD0001,True
Q11A0017,MU_1K2U,2,Q11A0017_N01,CODE_BINARY,FMOD0099,FMOD0099,True
Q11A0017,MU_1K2U,2,Q11A0017_N02,CODE_BINARY,FMOD0099,FMOD0099,True
Q11A0017,MU_1K2U,2,Q11A0017_N03,CODE_BINARY,UNKNOWN,UNKNOWN,True
Q11A0017,MU_1K2U,2,Q11A0017_N04,CODE_BINARY,UNKNOWN,UNKNOWN,True
Q11A0017,MU_1K2U,2,Q11A0017_N05,CODE_BINARY,UNKNOWN,UNKNOWN,True
Q11A0017,MU_1K2U,2,Q11A0017_N06,STRUCTURED,UNKNOWN,UNKNOWN,True
Q11A0017,MU_1K2U,2,Q11A0017_N07,IMAGE,FMOD0099,FMOD0099,True
Q11A0018,MU_1K2U,2,Q11A0018_N01,CODE_BINARY,FMOD0005,FMOD0005,True
Q11A0018,MU_1K2U,2,Q11A0018_N02,CODE_BINARY,FMOD0005,FMOD0005,True
Q11A0018,MU_1K2U,2,Q11A0018_N03,CODE_BINARY,UNKNOWN,UNKNOWN,True
Q11A0018,MU_1K2U,2,Q11A0018_N04,CODE_BINARY,UNKNOWN,FMOD0077,False
Q11A0018,MU_1K2U,2,Q11A0018_N05,CODE_BINARY,UNKNOWN,UNKNOWN,True
Q11A0018,MU_1K2U,2,Q11A0018_N06,STRUCTURED,UNKNOWN,FMOD0035,False
Q11A0018,MU_1K2U,2,Q11A0018_N07,IMAGE,FMOD0005,FMOD0005,True
Q11A0019,MU_1K2U,2,Q11A0019_N01,CODE_BINARY,FMOD0025,FMOD0025,True
Q11A0019,MU_1K2U,2,Q11A0019_N02,CODE_BINARY,FMOD0025,FMOD0025,True
Q11A0019,MU_1K2U,2,Q11A0019_N03,CODE_BINARY,UNKNOWN,UNKNOWN,True
Q11A0019,MU_1K2U,2,Q11A0019_N04,CODE_BINARY,UNKNOWN,UNKNOWN,True
Q11A0019,MU_1K2U,2,Q11A0019_N05,CODE_BINARY,UNKNOWN,UNKNOWN,True
Q11A0019,MU_1K2U,2,Q11A0019_N06,STRUCTURED,UNKNOWN,UNKNOWN,True
Q11A0019,MU_1K2U,2,Q11A0019_N07,IMAGE,FMOD0025,FMOD0025,True
Q11A0020,MU_1K2U,2,Q11A0020_N01,CODE_BINARY,FMOD0096,FMOD0096,True
Q11A0020,MU_1K2U,2,Q11A0020_N02,CODE_BINARY,FMOD0096,UNKNOWN,False
Q11A0020,MU_1K2U,2,Q11A0020_N03,CODE_BINARY,UNKNOWN,UNKNOWN,True
Q11A0020,MU_1K2U,2,Q11A0020_N04,CODE_BINARY,UNKNOWN,UNKNOWN,True
Q11A0020,MU_1K2U,2,Q11A0020_N05,CODE_BINARY,UNKNOWN,UNKNOWN,True
Q11A0020,MU_1K2U,2,Q11A0020_N06,STRUCTURED,UNKNOWN,FMOD0022,False
Q11A0020,MU_1K2U,2,Q11A0020_N07,IMAGE,FMOD0096,FMOD0096,True
Q11A0021,MU_1K2U,2,Q11A0021_N01,CODE_BINARY,FMOD0087,FMOD0087,True
Q11A0021,MU_1K2U,2,Q11A0021_N02,CODE_BINARY,FMOD0087,FMOD0087,True
Q11A0021,MU_1K2U,2,Q11A0021_N03,CODE_BINARY,UNKNOWN,UNKNOWN,True
Q11A0021,MU_1K2U,2,Q11A0021_N04,CODE_BINARY,UNKNOWN,UNKNOWN,True
Q11A0021,MU_1K2U,2,Q11A0021_N05,CODE_BINARY,UNKNOWN,FMOD0055,False
Q11A0021,MU_1K2U,2,Q11A0021_N06,STRUCTURED,UNKNOWN,UNKNOWN,True
Q11A0021,MU_1K2U,2,Q11A0021_N07,IMAGE,FMOD0087,FMOD0087,True
Q11A0022,MU_1K2U,2,Q11A0022_N01,CODE_BINARY,FMOD0001,FMOD0001,True
Q11A0022,MU_1K2U,2,Q11A0022_N02,CODE_BINARY,FMOD0001,UNKNOWN,False
Q11A0022,MU_1K2U,2,Q11A0022_N03,CODE_BINARY,UNKNOWN,UNKNOWN,True
Q11A0022,MU_1K2U,2,Q11A0022_N04,CODE_BINARY,UNKNOWN,FMOD0001,False
Q11A0022,MU_1K2U,2,Q11A0022_N05,CODE_BINARY,UNKNOWN,UNKNOWN,True
Q11A0022,MU_1K2U,2,Q11A0022_N06,STRUCTURED,UNKNOWN,UNKNOWN,True
Q11A0022,MU_1K2U,2,Q11A0022_N07,IMAGE,FMOD0001,FMOD0001,True
Q11A0023,MU_1K2U,2,Q11A0023_N01,CODE_BINARY,FMOD0077,FMOD0077,True
Q11A0023,MU_1K2U,2,Q11A0023_N02,CODE_BINARY,FMOD0077,FMOD0077,True
Q11A0023,MU_1K2U,2,Q11A0023_N03,CODE_BINARY,UNKNOWN,FMOD0023,False
Q11A0023,MU_1K2U,2,Q11A0023_N04,CODE_BINARY,UNKNOWN,FMOD0023,False
Q11A0023,MU_1K2U,2,Q11A0023_N05,CODE_BINARY,UNKNOWN,UNKNOWN,True
Q11A0023,MU_1K2U,2,Q11A0023_N06,STRUCTURED,UNKNOWN,FMOD0023,False
Q11A0023,MU_1K2U,2,Q11A0023_N07,IMAGE,FMOD0077,FMOD0077,True
Q11A0024,MU_1K2U,2,Q11A0024_N01,CODE_BINARY,FMOD0035,UNKNOWN,False
Q11A0024,MU_1K2U,2,Q11A0024_N02,CODE_BINARY,FMOD0035,FMOD0035,True
Q11A0024,MU_1K2U,2,Q11A0024_N03,CODE_BINARY,UNKNOWN,UNKNOWN,True
Q11A0024,MU_1K2U,2,Q11A0024_N04,CODE_BINARY,UNKNOWN,UNKNOWN,True
Q11A0024,MU_1K2U,2,Q11A0024_N05,CODE_BINARY,UNKNOWN,UNKNOWN,True
Q11A0024,MU_1K2U,2,Q11A0024_N06,STRUCTURED,UNKNOWN,UNKNOWN,True
Q11A0024,MU_1K2U,2,Q11A0024_N07,IMAGE,FMOD0035,FMOD0035,True
Q11A0025,MU_1K2U,2,Q11A0025_N01,CODE_BINARY,FMOD0087,FMOD0087,True
Q11A0025,MU_1K2U,2,Q11A0025_N02,CODE_BINARY,FMOD0087,FMOD0087,True
Q11A0025,MU_1K2U,2,Q11A0025_N03,CODE_BINARY,UNKNOWN,UNKNOWN,True
Q11A0025,MU_1K2U,2,Q11A0025_N04,CODE_BINARY,UNKNOWN,UNKNOWN,True
Q11A0025,MU_1K2U,2,Q11A0025_N05,CODE_BINARY,UNKNOWN,FMOD0004,False
Q11A0025,MU_1K2U,2,Q11A0025_N06,STRUCTURED,UNKNOWN,UNKNOWN,True
Q11A0025,MU_1K2U,2,Q11A0025_N07,IMAGE,FMOD0087,FMOD0087,True
Q11A0026,MU_1K2U,2,Q11A0026_N01,CODE_BINARY,FMOD0050,UNKNOWN,False
Q11A0026,MU_1K2U,2,Q11A0026_N02,CODE_BINARY,FMOD0050,FMOD0050,True
Q11A0026,MU_1K2U,2,Q11A0026_N03,CODE_BINARY,UNKNOWN,UNKNOWN,True
Q11A0026,MU_1K2U,2,Q11A0026_N04,CODE_BINARY,UNKNOWN,UNKNOWN,True
Q11A0026,MU_1K2U,2,Q11A0026_N05,CODE_BINARY,UNKNOWN,UNKNOWN,True
Q11A0026,MU_1K2U,2,Q11A0026_N06,STRUCTURED,UNKNOWN,UNKNOWN,True
Q11A0026,MU_1K2U,2,Q11A0026_N07,IMAGE,FMOD0050,FMOD0050,True
Q11A0027,MU_1K2U,2,Q11A0027_N01,CODE_BINARY,FMOD0016,FMOD0016,True
Q11A0027,MU_1K2U,2,Q11A0027_N02,CODE_BINARY,FMOD0016,UNKNOWN,False
Q11A0027,MU_1K2U,2,Q11A0027_N03,CODE_BINARY,UNKNOWN,UNKNOWN,True
Q11A0027,MU_1K2U,2,Q11A0027_N04,CODE_BINARY,UNKNOWN,UNKNOWN,True
Q11A0027,MU_1K2U,2,Q11A0027_N05,CODE_BINARY,UNKNOWN,UNKNOWN,True
Q11A0027,MU_1K2U,2,Q11A0027_N06,STRUCTURED,UNKNOWN,UNKNOWN,True
Q11A0027,MU_1K2U,2,Q11A0027_N07,IMAGE,FMOD0016,FMOD0016,True
Q11A0028,MU_1K2U,2,Q11A0028_N01,CODE_BINARY,FMOD0014,FMOD0014,True
Q11A0028,MU_1K2U,2,Q11A0028_N02,CODE_BINARY,FMOD0014,UNKNOWN,False
Q11A0028,MU_1K2U,2,Q11A0028_N03,CODE_BINARY,UNKNOWN,FMOD0005,False
Q11A0028,MU_1K2U,2,Q11A0028_N04,CODE_BINARY,UNKNOWN,FMOD0005,False
Q11A0028,MU_1K2U,2,Q11A0028_N05,CODE_BINARY,UNKNOWN,FMOD0005,False
Q11A0028,MU_1K2U,2,Q11A0028_N06,STRUCTURED,UNKNOWN,UNKNOWN,True
Q11A0028,MU_1K2U,2,Q11A0028_N07,IMAGE,FMOD0014,FMOD0014,True
Q11A0029,MU_1K2U,2,Q11A0029_N01,CODE_BINARY,FMOD0069,FMOD0069,True
Q11A0029,MU_1K2U,2,Q11A0029_N02,CODE_BINARY,FMOD0069,FMOD0069,True
Q11A0029,MU_1K2U,2,Q11A0029_N03,CODE_BINARY,UNKNOWN,UNKNOWN,True
Q11A0029,MU_1K2U,2,Q11A0029_N04,CODE_BINARY,UNKNOWN,FMOD0069,False
Q11A0029,MU_1K2U,2,Q11A0029_N05,CODE_BINARY,UNKNOWN,UNKNOWN,True
Q11A0029,MU_1K2U,2,Q11A0029_N06,STRUCTURED,UNKNOWN,UNKNOWN,True
Q11A0029,MU_1K2U,2,Q11A0029_N07,IMAGE,FMOD0069,FMOD0069,True
Q11A0030,MU_1K2U,2,Q11A0030_N01,CODE_BINARY,FMOD0040,UNKNOWN,False
Q11A0030,MU_1K2U,2,Q11A0030_N02,CODE_BINARY,FMOD0040,FMOD0040,True
Q11A0030,MU_1K2U,2,Q11A0030_N03,CODE_BINARY,UNKNOWN,UNKNOWN,True
Q11A0030,MU_1K2U,2,Q11A0030_N04,CODE_BINARY,UNKNOWN,UNKNOWN,True
Q11A0030,MU_1K2U,2,Q11A0030_N05,CODE_BINARY,UNKNOWN,UNKNOWN,True
Q11A0030,MU_1K2U,2,Q11A0030_N06,STRUCTURED,UNKNOWN,UNKNOWN,True
Q11A0030,MU_1K2U,2,Q11A0030_N07,IMAGE,FMOD0040,FMOD0040,True
Q11A0031,MU_2K2U,3,Q11A0031_N01,CODE_BINARY,FMOD0005,UNKNOWN,False
Q11A0031,MU_2K2U,3,Q11A0031_N02,CODE_BINARY,FMOD0060,FMOD0060,True
Q11A0031,MU_2K2U,3,Q11A0031_N03,CODE_BINARY,UNKNOWN,UNKNOWN,True
Q11A0031,MU_2K2U,3,Q11A0031_N04,CODE_BINARY,UNKNOWN,UNKNOWN,True
Q11A0031,MU_2K2U,3,Q11A0031_N05,CODE_BINARY,FMOD0005,FMOD0005,True
Q11A0031,MU_2K2U,3,Q11A0031_N06,STRUCTURED,FMOD0060,UNKNOWN,False
Q11A0031,MU_2K2U,3,Q11A0031_N07,IMAGE,UNKNOWN,UNKNOWN,True
Q11A0032,MU_2K2U,3,Q11A0032_N01,CODE_BINARY,FMOD0036,FMOD0036,True
Q11A0032,MU_2K2U,3,Q11A0032_N02,CODE_BINARY,FMOD0023,FMOD0023,True
Q11A0032,MU_2K2U,3,Q11A0032_N03,CODE_BINARY,UNKNOWN,UNKNOWN,True
Q11A0032,MU_2K2U,3,Q11A0032_N04,CODE_BINARY,UNKNOWN,FMOD0023,False
Q11A0032,MU_2K2U,3,Q11A0032_N05,CODE_BINARY,FMOD0036,FMOD0036,True
Q11A0032,MU_2K2U,3,Q11A0032_N06,STRUCTURED,FMOD0023,UNKNOWN,False
Q11A0032,MU_2K2U,3,Q11A0032_N07,IMAGE,UNKNOWN,UNKNOWN,True
Q11A0033,MU_2K2U,3,Q11A0033_N01,CODE_BINARY,FMOD0023,FMOD0023,True
Q11A0033,MU_2K2U,3,Q11A0033_N02,CODE_BINARY,FMOD0043,FMOD0043,True
Q11A0033,MU_2K2U,3,Q11A0033_N03,CODE_BINARY,UNKNOWN,UNKNOWN,True
Q11A0033,MU_2K2U,3,Q11A0033_N04,CODE_BINARY,UNKNOWN,UNKNOWN,True
Q11A0033,MU_2K2U,3,Q11A0033_N05,CODE_BINARY,FMOD0023,FMOD0023,True
Q11A0033,MU_2K2U,3,Q11A0033_N06,STRUCTURED,FMOD0043,FMOD0043,True
Q11A0033,MU_2K2U,3,Q11A0033_N07,IMAGE,UNKNOWN,UNKNOWN,True
Q11A0034,MU_2K2U,3,Q11A0034_N01,CODE_BINARY,FMOD0043,FMOD0043,True
Q11A0034,MU_2K2U,3,Q11A0034_N02,CODE_BINARY,FMOD0025,FMOD0025,True
Q11A0034,MU_2K2U,3,Q11A0034_N03,CODE_BINARY,UNKNOWN,UNKNOWN,True
Q11A0034,MU_2K2U,3,Q11A0034_N04,CODE_BINARY,UNKNOWN,UNKNOWN,True
Q11A0034,MU_2K2U,3,Q11A0034_N05,CODE_BINARY,FMOD0043,FMOD0043,True
Q11A0034,MU_2K2U,3,Q11A0034_N06,STRUCTURED,FMOD0025,UNKNOWN,False
Q11A0034,MU_2K2U,3,Q11A0034_N07,IMAGE,UNKNOWN,FMOD0025,False
Q11A0035,MU_2K2U,3,Q11A0035_N01,CODE_BINARY,FMOD0035,FMOD0035,True
Q11A0035,MU_2K2U,3,Q11A0035_N02,CODE_BINARY,FMOD0055,FMOD0055,True
Q11A0035,MU_2K2U,3,Q11A0035_N03,CODE_BINARY,UNKNOWN,UNKNOWN,True
Q11A0035,MU_2K2U,3,Q11A0035_N04,CODE_BINARY,UNKNOWN,UNKNOWN,True
Q11A0035,MU_2K2U,3,Q11A0035_N05,CODE_BINARY,FMOD0035,FMOD0035,True
Q11A0035,MU_2K2U,3,Q11A0035_N06,STRUCTURED,FMOD0055,UNKNOWN,False
Q11A0035,MU_2K2U,3,Q11A0035_N07,IMAGE,UNKNOWN,FMOD0055,False
Q11A0036,MU_2K2U,3,Q11A0036_N01,CODE_BINARY,FMOD0087,FMOD0087,True
Q11A0036,MU_2K2U,3,Q11A0036_N02,CODE_BINARY,FMOD0003,FMOD0003,True
Q11A0036,MU_2K2U,3,Q11A0036_N03,CODE_BINARY,UNKNOWN,UNKNOWN,True
Q11A0036,MU_2K2U,3,Q11A0036_N04,CODE_BINARY,UNKNOWN,FMOD0087,False
Q11A0036,MU_2K2U,3,Q11A0036_N05,CODE_BINARY,FMOD0087,FMOD0087,True
Q11A0036,MU_2K2U,3,Q11A0036_N06,STRUCTURED,FMOD0003,UNKNOWN,False
Q11A0036,MU_2K2U,3,Q11A0036_N07,IMAGE,UNKNOWN,UNKNOWN,True
Q11A0037,MU_2K2U,3,Q11A0037_N01,CODE_BINARY,FMOD0077,FMOD0077,True
Q11A0037,MU_2K2U,3,Q11A0037_N02,CODE_BINARY,FMOD0014,FMOD0014,True
Q11A0037,MU_2K2U,3,Q11A0037_N03,CODE_BINARY,UNKNOWN,UNKNOWN,True
Q11A0037,MU_2K2U,3,Q11A0037_N04,CODE_BINARY,UNKNOWN,UNKNOWN,True
Q11A0037,MU_2K2U,3,Q11A0037_N05,CODE_BINARY,FMOD0077,FMOD0077,True
Q11A0037,MU_2K2U,3,Q11A0037_N06,STRUCTURED,FMOD0014,UNKNOWN,False
Q11A0037,MU_2K2U,3,Q11A0037_N07,IMAGE,UNKNOWN,UNKNOWN,True
Q11A0038,MU_2K2U,3,Q11A0038_N01,CODE_BINARY,FMOD0025,FMOD0025,True
Q11A0038,MU_2K2U,3,Q11A0038_N02,CODE_BINARY,FMOD0003,FMOD0003,True
Q11A0038,MU_2K2U,3,Q11A0038_N03,CODE_BINARY,UNKNOWN,UNKNOWN,True
Q11A0038,MU_2K2U,3,Q11A0038_N04,CODE_BINARY,UNKNOWN,UNKNOWN,True
Q11A0038,MU_2K2U,3,Q11A0038_N05,CODE_BINARY,FMOD0025,FMOD0025,True
Q11A0038,MU_2K2U,3,Q11A0038_N06,STRUCTURED,FMOD0003,UNKNOWN,False
Q11A0038,MU_2K2U,3,Q11A0038_N07,IMAGE,UNKNOWN,UNKNOWN,True
Q11A0039,MU_2K2U,3,Q11A0039_N01,CODE_BINARY,FMOD0096,FMOD0096,True
Q11A0039,MU_2K2U,3,Q11A0039_N02,CODE_BINARY,FMOD0023,FMOD0023,True
Q11A0039,MU_2K2U,3,Q11A0039_N03,CODE_BINARY,UNKNOWN,UNKNOWN,True
Q11A0039,MU_2K2U,3,Q11A0039_N04,CODE_BINARY,UNKNOWN,UNKNOWN,True
Q11A0039,MU_2K2U,3,Q11A0039_N05,CODE_BINARY,FMOD0096,UNKNOWN,False
Q11A0039,MU_2K2U,3,Q11A0039_N06,STRUCTURED,FMOD0023,UNKNOWN,False
Q11A0039,MU_2K2U,3,Q11A0039_N07,IMAGE,UNKNOWN,UNKNOWN,True
Q11A0040,MU_2K2U,3,Q11A0040_N01,CODE_BINARY,FMOD0083,FMOD0083,True
Q11A0040,MU_2K2U,3,Q11A0040_N02,CODE_BINARY,FMOD0061,FMOD0061,True
Q11A0040,MU_2K2U,3,Q11A0040_N03,CODE_BINARY,UNKNOWN,FMOD0083,False
Q11A0040,MU_2K2U,3,Q11A0040_N04,CODE_BINARY,UNKNOWN,UNKNOWN,True
Q11A0040,MU_2K2U,3,Q11A0040_N05,CODE_BINARY,FMOD0083,FMOD0083,True
Q11A0040,MU_2K2U,3,Q11A0040_N06,STRUCTURED,FMOD0061,UNKNOWN,False
Q11A0040,MU_2K2U,3,Q11A0040_N07,IMAGE,UNKNOWN,UNKNOWN,True
Q11A0041,MU_2K2U,3,Q11A0041_N01,CODE_BINARY,FMOD0040,UNKNOWN,False
Q11A0041,MU_2K2U,3,Q11A0041_N02,CODE_BINARY,FMOD0060,UNKNOWN,False
Q11A0041,MU_2K2U,3,Q11A0041_N03,CODE_BINARY,UNKNOWN,UNKNOWN,True
Q11A0041,MU_2K2U,3,Q11A0041_N04,CODE_BINARY,UNKNOWN,UNKNOWN,True
Q11A0041,MU_2K2U,3,Q11A0041_N05,CODE_BINARY,FMOD0040,FMOD0040,True
Q11A0041,MU_2K2U,3,Q11A0041_N06,STRUCTURED,FMOD0060,UNKNOWN,False
Q11A0041,MU_2K2U,3,Q11A0041_N07,IMAGE,UNKNOWN,UNKNOWN,True
Q11A0042,MU_2K2U,3,Q11A0042_N01,CODE_BINARY,FMOD0011,FMOD0011,True
Q11A0042,MU_2K2U,3,Q11A0042_N02,CODE_BINARY,FMOD0077,FMOD0077,True
Q11A0042,MU_2K2U,3,Q11A0042_N03,CODE_BINARY,UNKNOWN,UNKNOWN,True
Q11A0042,MU_2K2U,3,Q11A0042_N04,CODE_BINARY,UNKNOWN,UNKNOWN,True
Q11A0042,MU_2K2U,3,Q11A0042_N05,CODE_BINARY,FMOD0011,UNKNOWN,False
Q11A0042,MU_2K2U,3,Q11A0042_N06,STRUCTURED,FMOD0077,FMOD0077,True
Q11A0042,MU_2K2U,3,Q11A0042_N07,IMAGE,UNKNOWN,UNKNOWN,True
Q11A0043,MU_2K2U,3,Q11A0043_N01,CODE_BINARY,FMOD0004,FMOD0004,True
Q11A0043,MU_2K2U,3,Q11A0043_N02,CODE_BINARY,FMOD0060,UNKNOWN,False
Q11A0043,MU_2K2U,3,Q11A0043_N03,CODE_BINARY,UNKNOWN,UNKNOWN,True
Q11A0043,MU_2K2U,3,Q11A0043_N04,CODE_BINARY,UNKNOWN,UNKNOWN,True
Q11A0043,MU_2K2U,3,Q11A0043_N05,CODE_BINARY,FMOD0004,FMOD0004,True
Q11A0043,MU_2K2U,3,Q11A0043_N06,STRUCTURED,FMOD0060,UNKNOWN,False
Q11A0043,MU_2K2U,3,Q11A0043_N07,IMAGE,UNKNOWN,UNKNOWN,True
Q11A0044,MU_2K2U,3,Q11A0044_N01,CODE_BINARY,FMOD0096,FMOD0096,True
Q11A0044,MU_2K2U,3,Q11A0044_N02,CODE_BINARY,FMOD0011,UNKNOWN,False
Q11A0044,MU_2K2U,3,Q11A0044_N03,CODE_BINARY,UNKNOWN,UNKNOWN,True
Q11A0044,MU_2K2U,3,Q11A0044_N04,CODE_BINARY,UNKNOWN,FMOD0096,False
Q11A0044,MU_2K2U,3,Q11A0044_N05,CODE_BINARY,FMOD0096,FMOD0096,True
Q11A0044,MU_2K2U,3,Q11A0044_N06,STRUCTURED,FMOD0011,UNKNOWN,False
Q11A0044,MU_2K2U,3,Q11A0044_N07,IMAGE,UNKNOWN,UNKNOWN,True
Q11A0045,MU_2K2U,3,Q11A0045_N01,CODE_BINARY,FMOD0069,FMOD0069,True
Q11A0045,MU_2K2U,3,Q11A0045_N02,CODE_BINARY,FMOD0022,FMOD0022,True
Q11A0045,MU_2K2U,3,Q11A0045_N03,CODE_BINARY,UNKNOWN,UNKNOWN,True
Q11A0045,MU_2K2U,3,Q11A0045_N04,CODE_BINARY,UNKNOWN,UNKNOWN,True
Q11A0045,MU_2K2U,3,Q11A0045_N05,CODE_BINARY,FMOD0069,FMOD0069,True
Q11A0045,MU_2K2U,3,Q11A0045_N06,STRUCTURED,FMOD0022,FMOD0022,True
Q11A0045,MU_2K2U,3,Q11A0045_N07,IMAGE,UNKNOWN,UNKNOWN,True
Q11A0046,MU_2K2U,3,Q11A0046_N01,CODE_BINARY,FMOD0035,FMOD0035,True
Q11A0046,MU_2K2U,3,Q11A0046_N02,CODE_BINARY,FMOD0036,FMOD0036,True
Q11A0046,MU_2K2U,3,Q11A0046_N03,CODE_BINARY,UNKNOWN,UNKNOWN,True
Q11A0046,MU_2K2U,3,Q11A0046_N04,CODE_BINARY,UNKNOWN,FMOD0035,False
Q11A0046,MU_2K2U,3,Q11A0046_N05,CODE_BINARY,FMOD0035,FMOD0035,True
Q11A0046,MU_2K2U,3,Q11A0046_N06,STRUCTURED,FMOD0036,UNKNOWN,False
Q11A0046,MU_2K2U,3,Q11A0046_N07,IMAGE,UNKNOWN,UNKNOWN,True
Q11A0047,MU_2K2U,3,Q11A0047_N01,CODE_BINARY,FMOD0036,FMOD0036,True
Q11A0047,MU_2K2U,3,Q11A0047_N02,CODE_BINARY,FMOD0069,FMOD0069,True
Q11A0047,MU_2K2U,3,Q11A0047_N03,CODE_BINARY,UNKNOWN,UNKNOWN,True
Q11A0047,MU_2K2U,3,Q11A0047_N04,CODE_BINARY,UNKNOWN,UNKNOWN,True
Q11A0047,MU_2K2U,3,Q11A0047_N05,CODE_BINARY,FMOD0036,FMOD0036,True
Q11A0047,MU_2K2U,3,Q11A0047_N06,STRUCTURED,FMOD0069,FMOD0069,True
Q11A0047,MU_2K2U,3,Q11A0047_N07,IMAGE,UNKNOWN,UNKNOWN,True
Q11A0048,MU_2K2U,3,Q11A0048_N01,CODE_BINARY,FMOD0003,FMOD0003,True
Q11A0048,MU_2K2U,3,Q11A0048_N02,CODE_BINARY,FMOD0055,FMOD0055,True
Q11A0048,MU_2K2U,3,Q11A0048_N03,CODE_BINARY,UNKNOWN,UNKNOWN,True
Q11A0048,MU_2K2U,3,Q11A0048_N04,CODE_BINARY,UNKNOWN,FMOD0055,False
Q11A0048,MU_2K2U,3,Q11A0048_N05,CODE_BINARY,FMOD0003,FMOD0003,True
Q11A0048,MU_2K2U,3,Q11A0048_N06,STRUCTURED,FMOD0055,UNKNOWN,False
Q11A0048,MU_2K2U,3,Q11A0048_N07,IMAGE,UNKNOWN,FMOD0055,False
Q11A0049,MU_2K2U,3,Q11A0049_N01,CODE_BINARY,FMOD0083,FMOD0083,True
Q11A0049,MU_2K2U,3,Q11A0049_N02,CODE_BINARY,FMOD0035,FMOD0035,True
Q11A0049,MU_2K2U,3,Q11A0049_N03,CODE_BINARY,UNKNOWN,UNKNOWN,True
Q11A0049,MU_2K2U,3,Q11A0049_N04,CODE_BINARY,UNKNOWN,UNKNOWN,True
Q11A0049,MU_2K2U,3,Q11A0049_N05,CODE_BINARY,FMOD0083,FMOD0083,True
Q11A0049,MU_2K2U,3,Q11A0049_N06,STRUCTURED,FMOD0035,FMOD0035,True
Q11A0049,MU_2K2U,3,Q11A0049_N07,IMAGE,UNKNOWN,UNKNOWN,True
Q11A0050,MU_2K2U,3,Q11A0050_N01,CODE_BINARY,FMOD0083,FMOD0083,True
Q11A0050,MU_2K2U,3,Q11A0050_N02,CODE_BINARY,FMOD0066,FMOD0066,True
Q11A0050,MU_2K2U,3,Q11A0050_N03,CODE_BINARY,UNKNOWN,UNKNOWN,True
Q11A0050,MU_2K2U,3,Q11A0050_N04,CODE_BINARY,UNKNOWN,UNKNOWN,True
Q11A0050,MU_2K2U,3,Q11A0050_N05,CODE_BINARY,FMOD0083,FMOD0083,True
Q11A0050,MU_2K2U,3,Q11A0050_N06,STRUCTURED,FMOD0066,UNKNOWN,False
Q11A0050,MU_2K2U,3,Q11A0050_N07,IMAGE,UNKNOWN,UNKNOWN,True
Q11A0051,MU_2K2U,3,Q11A0051_N01,CODE_BINARY,FMOD0001,UNKNOWN,False
Q11A0051,MU_2K2U,3,Q11A0051_N02,CODE_BINARY,FMOD0077,FMOD0077,True
Q11A0051,MU_2K2U,3,Q11A0051_N03,CODE_BINARY,UNKNOWN,UNKNOWN,True
Q11A0051,MU_2K2U,3,Q11A0051_N04,CODE_BINARY,UNKNOWN,UNKNOWN,True
Q11A0051,MU_2K2U,3,Q11A0051_N05,CODE_BINARY,FMOD0001,FMOD0023,False
Q11A0051,MU_2K2U,3,Q11A0051_N06,STRUCTURED,FMOD0077,FMOD0077,True
Q11A0051,MU_2K2U,3,Q11A0051_N07,IMAGE,UNKNOWN,FMOD0023,False
Q11A0052,MU_2K2U,3,Q11A0052_N01,CODE_BINARY,FMOD0096,FMOD0096,True
Q11A0052,MU_2K2U,3,Q11A0052_N02,CODE_BINARY,FMOD0055,FMOD0055,True
Q11A0052,MU_2K2U,3,Q11A0052_N03,CODE_BINARY,UNKNOWN,UNKNOWN,True
Q11A0052,MU_2K2U,3,Q11A0052_N04,CODE_BINARY,UNKNOWN,UNKNOWN,True
Q11A0052,MU_2K2U,3,Q11A0052_N05,CODE_BINARY,FMOD0096,UNKNOWN,False
Q11A0052,MU_2K2U,3,Q11A0052_N06,STRUCTURED,FMOD0055,UNKNOWN,False
Q11A0052,MU_2K2U,3,Q11A0052_N07,IMAGE,UNKNOWN,UNKNOWN,True
Q11A0053,MU_2K2U,3,Q11A0053_N01,CODE_BINARY,FMOD0067,FMOD0067,True
Q11A0053,MU_2K2U,3,Q11A0053_N02,CODE_BINARY,FMOD0099,FMOD0099,True
Q11A0053,MU_2K2U,3,Q11A0053_N03,CODE_BINARY,UNKNOWN,FMOD0035,False
Q11A0053,MU_2K2U,3,Q11A0053_N04,CODE_BINARY,UNKNOWN,UNKNOWN,True
Q11A0053,MU_2K2U,3,Q11A0053_N05,CODE_BINARY,FMOD0067,FMOD0067,True
Q11A0053,MU_2K2U,3,Q11A0053_N06,STRUCTURED,FMOD0099,FMOD0099,True
Q11A0053,MU_2K2U,3,Q11A0053_N07,IMAGE,UNKNOWN,UNKNOWN,True
Q11A0054,MU_2K2U,3,Q11A0054_N01,CODE_BINARY,FMOD0089,UNKNOWN,False
Q11A0054,MU_2K2U,3,Q11A0054_N02,CODE_BINARY,FMOD0035,UNKNOWN,False
Q11A0054,MU_2K2U,3,Q11A0054_N03,CODE_BINARY,UNKNOWN,UNKNOWN,True
Q11A0054,MU_2K2U,3,Q11A0054_N04,CODE_BINARY,UNKNOWN,UNKNOWN,True
Q11A0054,MU_2K2U,3,Q11A0054_N05,CODE_BINARY,FMOD0089,UNKNOWN,False
Q11A0054,MU_2K2U,3,Q11A0054_N06,STRUCTURED,FMOD0035,FMOD0023,False
Q11A0054,MU_2K2U,3,Q11A0054_N07,IMAGE,UNKNOWN,UNKNOWN,True
Q11A0055,MU_2K2U,3,Q11A0055_N01,CODE_BINARY,FMOD0005,UNKNOWN,False
Q11A0055,MU_2K2U,3,Q11A0055_N02,CODE_BINARY,FMOD0089,FMOD0089,True
Q11A0055,MU_2K2U,3,Q11A0055_N03,CODE_BINARY,UNKNOWN,UNKNOWN,True
Q11A0055,MU_2K2U,3,Q11A0055_N04,CODE_BINARY,UNKNOWN,UNKNOWN,True
Q11A0055,MU_2K2U,3,Q11A0055_N05,CODE_BINARY,FMOD0005,FMOD0005,True
Q11A0055,MU_2K2U,3,Q11A0055_N06,STRUCTURED,FMOD0089,FMOD0089,True
Q11A0055,MU_2K2U,3,Q11A0055_N07,IMAGE,UNKNOWN,UNKNOWN,True
Q11A0056,MU_2K2U,3,Q11A0056_N01,CODE_BINARY,FMOD0051,UNKNOWN,False
Q11A0056,MU_2K2U,3,Q11A0056_N02,CODE_BINARY,FMOD0016,UNKNOWN,False
Q11A0056,MU_2K2U,3,Q11A0056_N03,CODE_BINARY,UNKNOWN,UNKNOWN,True
Q11A0056,MU_2K2U,3,Q11A0056_N04,CODE_BINARY,UNKNOWN,UNKNOWN,True
Q11A0056,MU_2K2U,3,Q11A0056_N05,CODE_BINARY,FMOD0051,UNKNOWN,False
Q11A0056,MU_2K2U,3,Q11A0056_N06,STRUCTURED,FMOD0016,UNKNOWN,False
Q11A0056,MU_2K2U,3,Q11A0056_N07,IMAGE,UNKNOWN,UNKNOWN,True
Q11A0057,MU_2K2U,3,Q11A0057_N01,CODE_BINARY,FMOD0087,FMOD0087,True
Q11A0057,MU_2K2U,3,Q11A0057_N02,CODE_BINARY,FMOD0005,FMOD0005,True
Q11A0057,MU_2K2U,3,Q11A0057_N03,CODE_BINARY,UNKNOWN,UNKNOWN,True
Q11A0057,MU_2K2U,3,Q11A0057_N04,CODE_BINARY,UNKNOWN,UNKNOWN,True
Q11A0057,MU_2K2U,3,Q11A0057_N05,CODE_BINARY,FMOD0087,FMOD0087,True
Q11A0057,MU_2K2U,3,Q11A0057_N06,STRUCTURED,FMOD0005,FMOD0005,True
Q11A0057,MU_2K2U,3,Q11A0057_N07,IMAGE,UNKNOWN,UNKNOWN,True
Q11A0058,MU_2K2U,3,Q11A0058_N01,CODE_BINARY,FMOD0053,UNKNOWN,False
Q11A0058,MU_2K2U,3,Q11A0058_N02,CODE_BINARY,FMOD0035,UNKNOWN,False
Q11A0058,MU_2K2U,3,Q11A0058_N03,CODE_BINARY,UNKNOWN,UNKNOWN,True
Q11A0058,MU_2K2U,3,Q11A0058_N04,CODE_BINARY,UNKNOWN,UNKNOWN,True
Q11A0058,MU_2K2U,3,Q11A0058_N05,CODE_BINARY,FMOD0053,FMOD0053,True
Q11A0058,MU_2K2U,3,Q11A0058_N06,STRUCTURED,FMOD0035,FMOD0035,True
Q11A0058,MU_2K2U,3,Q11A0058_N07,IMAGE,UNKNOWN,UNKNOWN,True
Q11A0059,MU_2K2U,3,Q11A0059_N01,CODE_BINARY,FMOD0016,FMOD0016,True
Q11A0059,MU_2K2U,3,Q11A0059_N02,CODE_BINARY,FMOD0053,UNKNOWN,False
Q11A0059,MU_2K2U,3,Q11A0059_N03,CODE_BINARY,UNKNOWN,UNKNOWN,True
Q11A0059,MU_2K2U,3,Q11A0059_N04,CODE_BINARY,UNKNOWN,FMOD0102,False
Q11A0059,MU_2K2U,3,Q11A0059_N05,CODE_BINARY,FMOD0016,FMOD0102,False
Q11A0059,MU_2K2U,3,Q11A0059_N06,STRUCTURED,FMOD0053,FMOD0053,True
Q11A0059,MU_2K2U,3,Q11A0059_N07,IMAGE,UNKNOWN,UNKNOWN,True
Q11A0060,MU_2K2U,3,Q11A0060_N01,CODE_BINARY,FMOD0050,UNKNOWN,False
Q11A0060,MU_2K2U,3,Q11A0060_N02,CODE_BINARY,FMOD0077,FMOD0025,False
Q11A0060,MU_2K2U,3,Q11A0060_N03,CODE_BINARY,UNKNOWN,UNKNOWN,True
Q11A0060,MU_2K2U,3,Q11A0060_N04,CODE_BINARY,UNKNOWN,UNKNOWN,True
Q11A0060,MU_2K2U,3,Q11A0060_N05,CODE_BINARY,FMOD0050,FMOD0025,False
Q11A0060,MU_2K2U,3,Q11A0060_N06,STRUCTURED,FMOD0077,FMOD0077,True
Q11A0060,MU_2K2U,3,Q11A0060_N07,IMAGE,UNKNOWN,FMOD0025,False
Q11A0061,MU_1K3U,2,Q11A0061_N01,CODE_BINARY,FMOD0067,FMOD0067,True
Q11A0061,MU_1K3U,2,Q11A0061_N02,CODE_BINARY,UNKNOWN,UNKNOWN,True
Q11A0061,MU_1K3U,2,Q11A0061_N03,CODE_BINARY,UNKNOWN,UNKNOWN,True
Q11A0061,MU_1K3U,2,Q11A0061_N04,CODE_BINARY,UNKNOWN,UNKNOWN,True
Q11A0061,MU_1K3U,2,Q11A0061_N05,CODE_BINARY,FMOD0067,FMOD0067,True
Q11A0061,MU_1K3U,2,Q11A0061_N06,STRUCTURED,UNKNOWN,UNKNOWN,True
Q11A0061,MU_1K3U,2,Q11A0061_N07,IMAGE,UNKNOWN,UNKNOWN,True
Q11A0062,MU_1K3U,2,Q11A0062_N01,CODE_BINARY,FMOD0011,UNKNOWN,False
Q11A0062,MU_1K3U,2,Q11A0062_N02,CODE_BINARY,UNKNOWN,FMOD0015,False
Q11A0062,MU_1K3U,2,Q11A0062_N03,CODE_BINARY,UNKNOWN,UNKNOWN,True
Q11A0062,MU_1K3U,2,Q11A0062_N04,CODE_BINARY,UNKNOWN,FMOD0110,False
Q11A0062,MU_1K3U,2,Q11A0062_N05,CODE_BINARY,FMOD0011,UNKNOWN,False
Q11A0062,MU_1K3U,2,Q11A0062_N06,STRUCTURED,UNKNOWN,UNKNOWN,True
Q11A0062,MU_1K3U,2,Q11A0062_N07,IMAGE,UNKNOWN,UNKNOWN,True
Q11A0063,MU_1K3U,2,Q11A0063_N01,CODE_BINARY,FMOD0003,FMOD0003,True
Q11A0063,MU_1K3U,2,Q11A0063_N02,CODE_BINARY,UNKNOWN,UNKNOWN,True
Q11A0063,MU_1K3U,2,Q11A0063_N03,CODE_BINARY,UNKNOWN,UNKNOWN,True
Q11A0063,MU_1K3U,2,Q11A0063_N04,CODE_BINARY,UNKNOWN,UNKNOWN,True
Q11A0063,MU_1K3U,2,Q11A0063_N05,CODE_BINARY,FMOD0003,FMOD0003,True
Q11A0063,MU_1K3U,2,Q11A0063_N06,STRUCTURED,UNKNOWN,FMOD0089,False
Q11A0063,MU_1K3U,2,Q11A0063_N07,IMAGE,UNKNOWN,FMOD0023,False
Q11A0064,MU_1K3U,2,Q11A0064_N01,CODE_BINARY,FMOD0005,FMOD0005,True
Q11A0064,MU_1K3U,2,Q11A0064_N02,CODE_BINARY,UNKNOWN,UNKNOWN,True
Q11A0064,MU_1K3U,2,Q11A0064_N03,CODE_BINARY,UNKNOWN,UNKNOWN,True
Q11A0064,MU_1K3U,2,Q11A0064_N04,CODE_BINARY,UNKNOWN,UNKNOWN,True
Q11A0064,MU_1K3U,2,Q11A0064_N05,CODE_BINARY,FMOD0005,FMOD0005,True
Q11A0064,MU_1K3U,2,Q11A0064_N06,STRUCTURED,UNKNOWN,UNKNOWN,True
Q11A0064,MU_1K3U,2,Q11A0064_N07,IMAGE,UNKNOWN,UNKNOWN,True
Q11A0065,MU_1K3U,2,Q11A0065_N01,CODE_BINARY,FMOD0055,FMOD0055,True
Q11A0065,MU_1K3U,2,Q11A0065_N02,CODE_BINARY,UNKNOWN,UNKNOWN,True
Q11A0065,MU_1K3U,2,Q11A0065_N03,CODE_BINARY,UNKNOWN,UNKNOWN,True
Q11A0065,MU_1K3U,2,Q11A0065_N04,CODE_BINARY,UNKNOWN,UNKNOWN,True
Q11A0065,MU_1K3U,2,Q11A0065_N05,CODE_BINARY,FMOD0055,FMOD0055,True
Q11A0065,MU_1K3U,2,Q11A0065_N06,STRUCTURED,UNKNOWN,UNKNOWN,True
Q11A0065,MU_1K3U,2,Q11A0065_N07,IMAGE,UNKNOWN,UNKNOWN,True
Q11A0066,MU_1K3U,2,Q11A0066_N01,CODE_BINARY,FMOD0060,UNKNOWN,False
Q11A0066,MU_1K3U,2,Q11A0066_N02,CODE_BINARY,UNKNOWN,UNKNOWN,True
Q11A0066,MU_1K3U,2,Q11A0066_N03,CODE_BINARY,UNKNOWN,UNKNOWN,True
Q11A0066,MU_1K3U,2,Q11A0066_N04,CODE_BINARY,UNKNOWN,UNKNOWN,True
Q11A0066,MU_1K3U,2,Q11A0066_N05,CODE_BINARY,FMOD0060,FMOD0060,True
Q11A0066,MU_1K3U,2,Q11A0066_N06,STRUCTURED,UNKNOWN,UNKNOWN,True
Q11A0066,MU_1K3U,2,Q11A0066_N07,IMAGE,UNKNOWN,UNKNOWN,True
Q11A0067,MU_1K3U,2,Q11A0067_N01,CODE_BINARY,FMOD0096,UNKNOWN,False
Q11A0067,MU_1K3U,2,Q11A0067_N02,CODE_BINARY,UNKNOWN,FMOD0035,False
Q11A0067,MU_1K3U,2,Q11A0067_N03,CODE_BINARY,UNKNOWN,UNKNOWN,True
Q11A0067,MU_1K3U,2,Q11A0067_N04,CODE_BINARY,UNKNOWN,UNKNOWN,True
Q11A0067,MU_1K3U,2,Q11A0067_N05,CODE_BINARY,FMOD0096,FMOD0096,True
Q11A0067,MU_1K3U,2,Q11A0067_N06,STRUCTURED,UNKNOWN,UNKNOWN,True
Q11A0067,MU_1K3U,2,Q11A0067_N07,IMAGE,UNKNOWN,UNKNOWN,True
Q11A0068,MU_1K3U,2,Q11A0068_N01,CODE_BINARY,FMOD0089,FMOD0089,True
Q11A0068,MU_1K3U,2,Q11A0068_N02,CODE_BINARY,UNKNOWN,UNKNOWN,True
Q11A0068,MU_1K3U,2,Q11A0068_N03,CODE_BINARY,UNKNOWN,UNKNOWN,True
Q11A0068,MU_1K3U,2,Q11A0068_N04,CODE_BINARY,UNKNOWN,UNKNOWN,True
Q11A0068,MU_1K3U,2,Q11A0068_N05,CODE_BINARY,FMOD0089,FMOD0089,True
Q11A0068,MU_1K3U,2,Q11A0068_N06,STRUCTURED,UNKNOWN,UNKNOWN,True
Q11A0068,MU_1K3U,2,Q11A0068_N07,IMAGE,UNKNOWN,UNKNOWN,True
Q11A0069,MU_1K3U,2,Q11A0069_N01,CODE_BINARY,FMOD0096,UNKNOWN,False
Q11A0069,MU_1K3U,2,Q11A0069_N02,CODE_BINARY,UNKNOWN,UNKNOWN,True
Q11A0069,MU_1K3U,2,Q11A0069_N03,CODE_BINARY,UNKNOWN,UNKNOWN,True
Q11A0069,MU_1K3U,2,Q11A0069_N04,CODE_BINARY,UNKNOWN,FMOD0055,False
Q11A0069,MU_1K3U,2,Q11A0069_N05,CODE_BINARY,FMOD0096,UNKNOWN,False
Q11A0069,MU_1K3U,2,Q11A0069_N06,STRUCTURED,UNKNOWN,UNKNOWN,True
Q11A0069,MU_1K3U,2,Q11A0069_N07,IMAGE,UNKNOWN,UNKNOWN,True
Q11A0070,MU_1K3U,2,Q11A0070_N01,CODE_BINARY,FMOD0025,FMOD0025,True
Q11A0070,MU_1K3U,2,Q11A0070_N02,CODE_BINARY,UNKNOWN,UNKNOWN,True
Q11A0070,MU_1K3U,2,Q11A0070_N03,CODE_BINARY,UNKNOWN,UNKNOWN,True
Q11A0070,MU_1K3U,2,Q11A0070_N04,CODE_BINARY,UNKNOWN,UNKNOWN,True
Q11A0070,MU_1K3U,2,Q11A0070_N05,CODE_BINARY,FMOD0025,FMOD0025,True
Q11A0070,MU_1K3U,2,Q11A0070_N06,STRUCTURED,UNKNOWN,UNKNOWN,True
Q11A0070,MU_1K3U,2,Q11A0070_N07,IMAGE,UNKNOWN,UNKNOWN,True
Q11A0071,MU_1K3U,2,Q11A0071_N01,CODE_BINARY,FMOD0016,UNKNOWN,False
Q11A0071,MU_1K3U,2,Q11A0071_N02,CODE_BINARY,UNKNOWN,FMOD0055,False
Q11A0071,MU_1K3U,2,Q11A0071_N03,CODE_BINARY,UNKNOWN,UNKNOWN,True
Q11A0071,MU_1K3U,2,Q11A0071_N04,CODE_BINARY,UNKNOWN,UNKNOWN,True
Q11A0071,MU_1K3U,2,Q11A0071_N05,CODE_BINARY,FMOD0016,UNKNOWN,False
Q11A0071,MU_1K3U,2,Q11A0071_N06,STRUCTURED,UNKNOWN,UNKNOWN,True
Q11A0071,MU_1K3U,2,Q11A0071_N07,IMAGE,UNKNOWN,UNKNOWN,True
Q11A0072,MU_1K3U,2,Q11A0072_N01,CODE_BINARY,FMOD0023,FMOD0023,True
Q11A0072,MU_1K3U,2,Q11A0072_N02,CODE_BINARY,UNKNOWN,UNKNOWN,True
Q11A0072,MU_1K3U,2,Q11A0072_N03,CODE_BINARY,UNKNOWN,UNKNOWN,True
Q11A0072,MU_1K3U,2,Q11A0072_N04,CODE_BINARY,UNKNOWN,UNKNOWN,True
Q11A0072,MU_1K3U,2,Q11A0072_N05,CODE_BINARY,FMOD0023,FMOD0023,True
Q11A0072,MU_1K3U,2,Q11A0072_N06,STRUCTURED,UNKNOWN,UNKNOWN,True
Q11A0072,MU_1K3U,2,Q11A0072_N07,IMAGE,UNKNOWN,UNKNOWN,True
Q11A0073,MU_1K3U,2,Q11A0073_N01,CODE_BINARY,FMOD0022,FMOD0022,True
Q11A0073,MU_1K3U,2,Q11A0073_N02,CODE_BINARY,UNKNOWN,UNKNOWN,True
Q11A0073,MU_1K3U,2,Q11A0073_N03,CODE_BINARY,UNKNOWN,UNKNOWN,True
Q11A0073,MU_1K3U,2,Q11A0073_N04,CODE_BINARY,UNKNOWN,UNKNOWN,True
Q11A0073,MU_1K3U,2,Q11A0073_N05,CODE_BINARY,FMOD0022,FMOD0022,True
Q11A0073,MU_1K3U,2,Q11A0073_N06,STRUCTURED,UNKNOWN,UNKNOWN,True
Q11A0073,MU_1K3U,2,Q11A0073_N07,IMAGE,UNKNOWN,UNKNOWN,True
Q11A0074,MU_1K3U,2,Q11A0074_N01,CODE_BINARY,FMOD0069,FMOD0069,True
Q11A0074,MU_1K3U,2,Q11A0074_N02,CODE_BINARY,UNKNOWN,UNKNOWN,True
Q11A0074,MU_1K3U,2,Q11A0074_N03,CODE_BINARY,UNKNOWN,UNKNOWN,True
Q11A0074,MU_1K3U,2,Q11A0074_N04,CODE_BINARY,UNKNOWN,FMOD0102,False
Q11A0074,MU_1K3U,2,Q11A0074_N05,CODE_BINARY,FMOD0069,FMOD0069,True
Q11A0074,MU_1K3U,2,Q11A0074_N06,STRUCTURED,UNKNOWN,UNKNOWN,True
Q11A0074,MU_1K3U,2,Q11A0074_N07,IMAGE,UNKNOWN,UNKNOWN,True
Q11A0075,MU_1K3U,2,Q11A0075_N01,CODE_BINARY,FMOD0067,FMOD0067,True
Q11A0075,MU_1K3U,2,Q11A0075_N02,CODE_BINARY,UNKNOWN,UNKNOWN,True
Q11A0075,MU_1K3U,2,Q11A0075_N03,CODE_BINARY,UNKNOWN,UNKNOWN,True
Q11A0075,MU_1K3U,2,Q11A0075_N04,CODE_BINARY,UNKNOWN,UNKNOWN,True
Q11A0075,MU_1K3U,2,Q11A0075_N05,CODE_BINARY,FMOD0067,FMOD0067,True
Q11A0075,MU_1K3U,2,Q11A0075_N06,STRUCTURED,UNKNOWN,UNKNOWN,True
Q11A0075,MU_1K3U,2,Q11A0075_N07,IMAGE,UNKNOWN,UNKNOWN,True
Q11A0076,MU_1K3U,2,Q11A0076_N01,CODE_BINARY,FMOD0099,FMOD0099,True
Q11A0076,MU_1K3U,2,Q11A0076_N02,CODE_BINARY,UNKNOWN,UNKNOWN,True
Q11A0076,MU_1K3U,2,Q11A0076_N03,CODE_BINARY,UNKNOWN,UNKNOWN,True
Q11A0076,MU_1K3U,2,Q11A0076_N04,CODE_BINARY,UNKNOWN,UNKNOWN,True
Q11A0076,MU_1K3U,2,Q11A0076_N05,CODE_BINARY,FMOD0099,FMOD0099,True
Q11A0076,MU_1K3U,2,Q11A0076_N06,STRUCTURED,UNKNOWN,UNKNOWN,True
Q11A0076,MU_1K3U,2,Q11A0076_N07,IMAGE,UNKNOWN,UNKNOWN,True
Q11A0077,MU_1K3U,2,Q11A0077_N01,CODE_BINARY,FMOD0050,FMOD0050,True
Q11A0077,MU_1K3U,2,Q11A0077_N02,CODE_BINARY,UNKNOWN,UNKNOWN,True
Q11A0077,MU_1K3U,2,Q11A0077_N03,CODE_BINARY,UNKNOWN,UNKNOWN,True
Q11A0077,MU_1K3U,2,Q11A0077_N04,CODE_BINARY,UNKNOWN,UNKNOWN,True
Q11A0077,MU_1K3U,2,Q11A0077_N05,CODE_BINARY,FMOD0050,FMOD0050,True
Q11A0077,MU_1K3U,2,Q11A0077_N06,STRUCTURED,UNKNOWN,FMOD0011,False
Q11A0077,MU_1K3U,2,Q11A0077_N07,IMAGE,UNKNOWN,UNKNOWN,True
Q11A0078,MU_1K3U,2,Q11A0078_N01,CODE_BINARY,FMOD0066,FMOD0066,True
Q11A0078,MU_1K3U,2,Q11A0078_N02,CODE_BINARY,UNKNOWN,UNKNOWN,True
Q11A0078,MU_1K3U,2,Q11A0078_N03,CODE_BINARY,UNKNOWN,UNKNOWN,True
Q11A0078,MU_1K3U,2,Q11A0078_N04,CODE_BINARY,UNKNOWN,UNKNOWN,True
Q11A0078,MU_1K3U,2,Q11A0078_N05,CODE_BINARY,FMOD0066,FMOD0066,True
Q11A0078,MU_1K3U,2,Q11A0078_N06,STRUCTURED,UNKNOWN,UNKNOWN,True
Q11A0078,MU_1K3U,2,Q11A0078_N07,IMAGE,UNKNOWN,UNKNOWN,True
Q11A0079,MU_1K3U,2,Q11A0079_N01,CODE_BINARY,FMOD0074,FMOD0074,True
Q11A0079,MU_1K3U,2,Q11A0079_N02,CODE_BINARY,UNKNOWN,FMOD0015,False
Q11A0079,MU_1K3U,2,Q11A0079_N03,CODE_BINARY,UNKNOWN,FMOD0102,False
Q11A0079,MU_1K3U,2,Q11A0079_N04,CODE_BINARY,UNKNOWN,UNKNOWN,True
Q11A0079,MU_1K3U,2,Q11A0079_N05,CODE_BINARY,FMOD0074,FMOD0074,True
Q11A0079,MU_1K3U,2,Q11A0079_N06,STRUCTURED,UNKNOWN,UNKNOWN,True
Q11A0079,MU_1K3U,2,Q11A0079_N07,IMAGE,UNKNOWN,UNKNOWN,True
Q11A0080,MU_1K3U,2,Q11A0080_N01,CODE_BINARY,FMOD0050,UNKNOWN,False
Q11A0080,MU_1K3U,2,Q11A0080_N02,CODE_BINARY,UNKNOWN,UNKNOWN,True
Q11A0080,MU_1K3U,2,Q11A0080_N03,CODE_BINARY,UNKNOWN,UNKNOWN,True
Q11A0080,MU_1K3U,2,Q11A0080_N04,CODE_BINARY,UNKNOWN,UNKNOWN,True
Q11A0080,MU_1K3U,2,Q11A0080_N05,CODE_BINARY,FMOD0050,UNKNOWN,False
Q11A0080,MU_1K3U,2,Q11A0080_N06,STRUCTURED,UNKNOWN,UNKNOWN,True
Q11A0080,MU_1K3U,2,Q11A0080_N07,IMAGE,UNKNOWN,UNKNOWN,True
Q11A0081,MU_1K3U,2,Q11A0081_N01,CODE_BINARY,FMOD0099,FMOD0099,True
Q11A0081,MU_1K3U,2,Q11A0081_N02,CODE_BINARY,UNKNOWN,UNKNOWN,True
Q11A0081,MU_1K3U,2,Q11A0081_N03,CODE_BINARY,UNKNOWN,UNKNOWN,True
Q11A0081,MU_1K3U,2,Q11A0081_N04,CODE_BINARY,UNKNOWN,UNKNOWN,True
Q11A0081,MU_1K3U,2,Q11A0081_N05,CODE_BINARY,FMOD0099,FMOD0099,True
Q11A0081,MU_1K3U,2,Q11A0081_N06,STRUCTURED,UNKNOWN,UNKNOWN,True
Q11A0081,MU_1K3U,2,Q11A0081_N07,IMAGE,UNKNOWN,UNKNOWN,True
Q11A0082,MU_1K3U,2,Q11A0082_N01,CODE_BINARY,FMOD0053,FMOD0053,True
Q11A0082,MU_1K3U,2,Q11A0082_N02,CODE_BINARY,UNKNOWN,UNKNOWN,True
Q11A0082,MU_1K3U,2,Q11A0082_N03,CODE_BINARY,UNKNOWN,UNKNOWN,True
Q11A0082,MU_1K3U,2,Q11A0082_N04,CODE_BINARY,UNKNOWN,FMOD0055,False
Q11A0082,MU_1K3U,2,Q11A0082_N05,CODE_BINARY,FMOD0053,FMOD0053,True
Q11A0082,MU_1K3U,2,Q11A0082_N06,STRUCTURED,UNKNOWN,FMOD0023,False
Q11A0082,MU_1K3U,2,Q11A0082_N07,IMAGE,UNKNOWN,UNKNOWN,True
Q11A0083,MU_1K3U,2,Q11A0083_N01,CODE_BINARY,FMOD0035,UNKNOWN,False
Q11A0083,MU_1K3U,2,Q11A0083_N02,CODE_BINARY,UNKNOWN,UNKNOWN,True
Q11A0083,MU_1K3U,2,Q11A0083_N03,CODE_BINARY,UNKNOWN,UNKNOWN,True
Q11A0083,MU_1K3U,2,Q11A0083_N04,CODE_BINARY,UNKNOWN,UNKNOWN,True
Q11A0083,MU_1K3U,2,Q11A0083_N05,CODE_BINARY,FMOD0035,FMOD0035,True
Q11A0083,MU_1K3U,2,Q11A0083_N06,STRUCTURED,UNKNOWN,UNKNOWN,True
Q11A0083,MU_1K3U,2,Q11A0083_N07,IMAGE,UNKNOWN,UNKNOWN,True
Q11A0084,MU_1K3U,2,Q11A0084_N01,CODE_BINARY,FMOD0036,FMOD0036,True
Q11A0084,MU_1K3U,2,Q11A0084_N02,CODE_BINARY,UNKNOWN,FMOD0055,False
Q11A0084,MU_1K3U,2,Q11A0084_N03,CODE_BINARY,UNKNOWN,UNKNOWN,True
Q11A0084,MU_1K3U,2,Q11A0084_N04,CODE_BINARY,UNKNOWN,UNKNOWN,True
Q11A0084,MU_1K3U,2,Q11A0084_N05,CODE_BINARY,FMOD0036,FMOD0036,True
Q11A0084,MU_1K3U,2,Q11A0084_N06,STRUCTURED,UNKNOWN,UNKNOWN,True
Q11A0084,MU_1K3U,2,Q11A0084_N07,IMAGE,UNKNOWN,UNKNOWN,True
Q11A0085,MU_1K3U,2,Q11A0085_N01,CODE_BINARY,FMOD0096,FMOD0096,True
Q11A0085,MU_1K3U,2,Q11A0085_N02,CODE_BINARY,UNKNOWN,UNKNOWN,True
Q11A0085,MU_1K3U,2,Q11A0085_N03,CODE_BINARY,UNKNOWN,UNKNOWN,True
Q11A0085,MU_1K3U,2,Q11A0085_N04,CODE_BINARY,UNKNOWN,UNKNOWN,True
Q11A0085,MU_1K3U,2,Q11A0085_N05,CODE_BINARY,FMOD0096,UNKNOWN,False
Q11A0085,MU_1K3U,2,Q11A0085_N06,STRUCTURED,UNKNOWN,UNKNOWN,True
Q11A0085,MU_1K3U,2,Q11A0085_N07,IMAGE,UNKNOWN,UNKNOWN,True
Q11A0086,MU_1K3U,2,Q11A0086_N01,CODE_BINARY,FMOD0077,FMOD0077,True
Q11A0086,MU_1K3U,2,Q11A0086_N02,CODE_BINARY,UNKNOWN,UNKNOWN,True
Q11A0086,MU_1K3U,2,Q11A0086_N03,CODE_BINARY,UNKNOWN,UNKNOWN,True
Q11A0086,MU_1K3U,2,Q11A0086_N04,CODE_BINARY,UNKNOWN,UNKNOWN,True
Q11A0086,MU_1K3U,2,Q11A0086_N05,CODE_BINARY,FMOD0077,FMOD0077,True
Q11A0086,MU_1K3U,2,Q11A0086_N06,STRUCTURED,UNKNOWN,UNKNOWN,True
Q11A0086,MU_1K3U,2,Q11A0086_N07,IMAGE,UNKNOWN,UNKNOWN,True
Q11A0087,MU_1K3U,2,Q11A0087_N01,CODE_BINARY,FMOD0083,FMOD0083,True
Q11A0087,MU_1K3U,2,Q11A0087_N02,CODE_BINARY,UNKNOWN,UNKNOWN,True
Q11A0087,MU_1K3U,2,Q11A0087_N03,CODE_BINARY,UNKNOWN,UNKNOWN,True
Q11A0087,MU_1K3U,2,Q11A0087_N04,CODE_BINARY,UNKNOWN,UNKNOWN,True
Q11A0087,MU_1K3U,2,Q11A0087_N05,CODE_BINARY,FMOD0083,FMOD0083,True
Q11A0087,MU_1K3U,2,Q11A0087_N06,STRUCTURED,UNKNOWN,UNKNOWN,True
Q11A0087,MU_1K3U,2,Q11A0087_N07,IMAGE,UNKNOWN,UNKNOWN,True
Q11A0088,MU_1K3U,2,Q11A0088_N01,CODE_BINARY,FMOD0050,FMOD0050,True
Q11A0088,MU_1K3U,2,Q11A0088_N02,CODE_BINARY,UNKNOWN,UNKNOWN,True
Q11A0088,MU_1K3U,2,Q11A0088_N03,CODE_BINARY,UNKNOWN,UNKNOWN,True
Q11A0088,MU_1K3U,2,Q11A0088_N04,CODE_BINARY,UNKNOWN,UNKNOWN,True
Q11A0088,MU_1K3U,2,Q11A0088_N05,CODE_BINARY,FMOD0050,FMOD0050,True
Q11A0088,MU_1K3U,2,Q11A0088_N06,STRUCTURED,UNKNOWN,UNKNOWN,True
Q11A0088,MU_1K3U,2,Q11A0088_N07,IMAGE,UNKNOWN,UNKNOWN,True
Q11A0089,MU_1K3U,2,Q11A0089_N01,CODE_BINARY,FMOD0044,FMOD0044,True
Q11A0089,MU_1K3U,2,Q11A0089_N02,CODE_BINARY,UNKNOWN,UNKNOWN,True
Q11A0089,MU_1K3U,2,Q11A0089_N03,CODE_BINARY,UNKNOWN,UNKNOWN,True
Q11A0089,MU_1K3U,2,Q11A0089_N04,CODE_BINARY,UNKNOWN,UNKNOWN,True
Q11A0089,MU_1K3U,2,Q11A0089_N05,CODE_BINARY,FMOD0044,FMOD0044,True
Q11A0089,MU_1K3U,2,Q11A0089_N06,STRUCTURED,UNKNOWN,UNKNOWN,True
Q11A0089,MU_1K3U,2,Q11A0089_N07,IMAGE,UNKNOWN,UNKNOWN,True
Q11A0090,MU_1K3U,2,Q11A0090_N01,CODE_BINARY,FMOD0005,FMOD0005,True
Q11A0090,MU_1K3U,2,Q11A0090_N02,CODE_BINARY,UNKNOWN,UNKNOWN,True
Q11A0090,MU_1K3U,2,Q11A0090_N03,CODE_BINARY,UNKNOWN,UNKNOWN,True
Q11A0090,MU_1K3U,2,Q11A0090_N04,CODE_BINARY,UNKNOWN,UNKNOWN,True
Q11A0090,MU_1K3U,2,Q11A0090_N05,CODE_BINARY,FMOD0005,FMOD0005,True
Q11A0090,MU_1K3U,2,Q11A0090_N06,STRUCTURED,UNKNOWN,FMOD0089,False
Q11A0090,MU_1K3U,2,Q11A0090_N07,IMAGE,UNKNOWN,UNKNOWN,True
Q11A0091,MU_2K3U,3,Q11A0091_N01,CODE_BINARY,FMOD0025,UNKNOWN,False
Q11A0091,MU_2K3U,3,Q11A0091_N02,CODE_BINARY,FMOD0023,FMOD0023,True
Q11A0091,MU_2K3U,3,Q11A0091_N03,CODE_BINARY,UNKNOWN,UNKNOWN,True
Q11A0091,MU_2K3U,3,Q11A0091_N04,CODE_BINARY,UNKNOWN,FMOD0023,False
Q11A0091,MU_2K3U,3,Q11A0091_N05,CODE_BINARY,UNKNOWN,UNKNOWN,True
Q11A0091,MU_2K3U,3,Q11A0091_N06,STRUCTURED,FMOD0025,FMOD0025,True
Q11A0091,MU_2K3U,3,Q11A0091_N07,IMAGE,FMOD0023,FMOD0023,True
Q11A0092,MU_2K3U,3,Q11A0092_N01,CODE_BINARY,FMOD0089,UNKNOWN,False
Q11A0092,MU_2K3U,3,Q11A0092_N02,CODE_BINARY,FMOD0061,FMOD0061,True
Q11A0092,MU_2K3U,3,Q11A0092_N03,CODE_BINARY,UNKNOWN,UNKNOWN,True
Q11A0092,MU_2K3U,3,Q11A0092_N04,CODE_BINARY,UNKNOWN,UNKNOWN,True
Q11A0092,MU_2K3U,3,Q11A0092_N05,CODE_BINARY,UNKNOWN,UNKNOWN,True
Q11A0092,MU_2K3U,3,Q11A0092_N06,STRUCTURED,FMOD0089,UNKNOWN,False
Q11A0092,MU_2K3U,3,Q11A0092_N07,IMAGE,FMOD0061,FMOD0061,True
Q11A0093,MU_2K3U,3,Q11A0093_N01,CODE_BINARY,FMOD0083,FMOD0083,True
Q11A0093,MU_2K3U,3,Q11A0093_N02,CODE_BINARY,FMOD0077,FMOD0077,True
Q11A0093,MU_2K3U,3,Q11A0093_N03,CODE_BINARY,UNKNOWN,UNKNOWN,True
Q11A0093,MU_2K3U,3,Q11A0093_N04,CODE_BINARY,UNKNOWN,UNKNOWN,True
Q11A0093,MU_2K3U,3,Q11A0093_N05,CODE_BINARY,UNKNOWN,UNKNOWN,True
Q11A0093,MU_2K3U,3,Q11A0093_N06,STRUCTURED,FMOD0083,FMOD0083,True
Q11A0093,MU_2K3U,3,Q11A0093_N07,IMAGE,FMOD0077,FMOD0077,True
Q11A0094,MU_2K3U,3,Q11A0094_N01,CODE_BINARY,FMOD0087,FMOD0087,True
Q11A0094,MU_2K3U,3,Q11A0094_N02,CODE_BINARY,FMOD0011,FMOD0011,True
Q11A0094,MU_2K3U,3,Q11A0094_N03,CODE_BINARY,UNKNOWN,UNKNOWN,True
Q11A0094,MU_2K3U,3,Q11A0094_N04,CODE_BINARY,UNKNOWN,UNKNOWN,True
Q11A0094,MU_2K3U,3,Q11A0094_N05,CODE_BINARY,UNKNOWN,UNKNOWN,True
Q11A0094,MU_2K3U,3,Q11A0094_N06,STRUCTURED,FMOD0087,UNKNOWN,False
Q11A0094,MU_2K3U,3,Q11A0094_N07,IMAGE,FMOD0011,FMOD0011,True
Q11A0095,MU_2K3U,3,Q11A0095_N01,CODE_BINARY,FMOD0074,FMOD0074,True
Q11A0095,MU_2K3U,3,Q11A0095_N02,CODE_BINARY,FMOD0040,FMOD0040,True
Q11A0095,MU_2K3U,3,Q11A0095_N03,CODE_BINARY,UNKNOWN,UNKNOWN,True
Q11A0095,MU_2K3U,3,Q11A0095_N04,CODE_BINARY,UNKNOWN,UNKNOWN,True
Q11A0095,MU_2K3U,3,Q11A0095_N05,CODE_BINARY,UNKNOWN,UNKNOWN,True
Q11A0095,MU_2K3U,3,Q11A0095_N06,STRUCTURED,FMOD0074,FMOD0074,True
Q11A0095,MU_2K3U,3,Q11A0095_N07,IMAGE,FMOD0040,FMOD0040,True
Q11A0096,MU_2K3U,3,Q11A0096_N01,CODE_BINARY,FMOD0043,FMOD0043,True
Q11A0096,MU_2K3U,3,Q11A0096_N02,CODE_BINARY,FMOD0074,FMOD0074,True
Q11A0096,MU_2K3U,3,Q11A0096_N03,CODE_BINARY,UNKNOWN,FMOD0102,False
Q11A0096,MU_2K3U,3,Q11A0096_N04,CODE_BINARY,UNKNOWN,UNKNOWN,True
Q11A0096,MU_2K3U,3,Q11A0096_N05,CODE_BINARY,UNKNOWN,UNKNOWN,True
Q11A0096,MU_2K3U,3,Q11A0096_N06,STRUCTURED,FMOD0043,FMOD0043,True
Q11A0096,MU_2K3U,3,Q11A0096_N07,IMAGE,FMOD0074,FMOD0074,True
Q11A0097,MU_2K3U,3,Q11A0097_N01,CODE_BINARY,FMOD0016,FMOD0016,True
Q11A0097,MU_2K3U,3,Q11A0097_N02,CODE_BINARY,FMOD0044,FMOD0044,True
Q11A0097,MU_2K3U,3,Q11A0097_N03,CODE_BINARY,UNKNOWN,UNKNOWN,True
Q11A0097,MU_2K3U,3,Q11A0097_N04,CODE_BINARY,UNKNOWN,UNKNOWN,True
Q11A0097,MU_2K3U,3,Q11A0097_N05,CODE_BINARY,UNKNOWN,UNKNOWN,True
Q11A0097,MU_2K3U,3,Q11A0097_N06,STRUCTURED,FMOD0016,UNKNOWN,False
Q11A0097,MU_2K3U,3,Q11A0097_N07,IMAGE,FMOD0044,FMOD0044,True
Q11A0098,MU_2K3U,3,Q11A0098_N01,CODE_BINARY,FMOD0003,FMOD0003,True
Q11A0098,MU_2K3U,3,Q11A0098_N02,CODE_BINARY,FMOD0067,UNKNOWN,False
Q11A0098,MU_2K3U,3,Q11A0098_N03,CODE_BINARY,UNKNOWN,UNKNOWN,True
Q11A0098,MU_2K3U,3,Q11A0098_N04,CODE_BINARY,UNKNOWN,UNKNOWN,True
Q11A0098,MU_2K3U,3,Q11A0098_N05,CODE_BINARY,UNKNOWN,UNKNOWN,True
Q11A0098,MU_2K3U,3,Q11A0098_N06,STRUCTURED,FMOD0003,UNKNOWN,False
Q11A0098,MU_2K3U,3,Q11A0098_N07,IMAGE,FMOD0067,FMOD0067,True
Q11A0099,MU_2K3U,3,Q11A0099_N01,CODE_BINARY,FMOD0044,UNKNOWN,False
Q11A0099,MU_2K3U,3,Q11A0099_N02,CODE_BINARY,FMOD0011,UNKNOWN,False
Q11A0099,MU_2K3U,3,Q11A0099_N03,CODE_BINARY,UNKNOWN,UNKNOWN,True
Q11A0099,MU_2K3U,3,Q11A0099_N04,CODE_BINARY,UNKNOWN,UNKNOWN,True
Q11A0099,MU_2K3U,3,Q11A0099_N05,CODE_BINARY,UNKNOWN,FMOD0102,False
Q11A0099,MU_2K3U,3,Q11A0099_N06,STRUCTURED,FMOD0044,FMOD0044,True
Q11A0099,MU_2K3U,3,Q11A0099_N07,IMAGE,FMOD0011,FMOD0011,True
Q11A0100,MU_2K3U,3,Q11A0100_N01,CODE_BINARY,FMOD0099,FMOD0099,True
Q11A0100,MU_2K3U,3,Q11A0100_N02,CODE_BINARY,FMOD0083,FMOD0083,True
Q11A0100,MU_2K3U,3,Q11A0100_N03,CODE_BINARY,UNKNOWN,FMOD0102,False
Q11A0100,MU_2K3U,3,Q11A0100_N04,CODE_BINARY,UNKNOWN,UNKNOWN,True
Q11A0100,MU_2K3U,3,Q11A0100_N05,CODE_BINARY,UNKNOWN,UNKNOWN,True
Q11A0100,MU_2K3U,3,Q11A0100_N06,STRUCTURED,FMOD0099,FMOD0099,True
Q11A0100,MU_2K3U,3,Q11A0100_N07,IMAGE,FMOD0083,FMOD0083,True
Q11A0101,MU_2K3U,3,Q11A0101_N01,CODE_BINARY,FMOD0096,FMOD0096,True
Q11A0101,MU_2K3U,3,Q11A0101_N02,CODE_BINARY,FMOD0040,UNKNOWN,False
Q11A0101,MU_2K3U,3,Q11A0101_N03,CODE_BINARY,UNKNOWN,UNKNOWN,True
Q11A0101,MU_2K3U,3,Q11A0101_N04,CODE_BINARY,UNKNOWN,FMOD0035,False
Q11A0101,MU_2K3U,3,Q11A0101_N05,CODE_BINARY,UNKNOWN,UNKNOWN,True
Q11A0101,MU_2K3U,3,Q11A0101_N06,STRUCTURED,FMOD0096,FMOD0096,True
Q11A0101,MU_2K3U,3,Q11A0101_N07,IMAGE,FMOD0040,FMOD0040,True
Q11A0102,MU_2K3U,3,Q11A0102_N01,CODE_BINARY,FMOD0087,FMOD0087,True
Q11A0102,MU_2K3U,3,Q11A0102_N02,CODE_BINARY,FMOD0014,FMOD0014,True
Q11A0102,MU_2K3U,3,Q11A0102_N03,CODE_BINARY,UNKNOWN,UNKNOWN,True
Q11A0102,MU_2K3U,3,Q11A0102_N04,CODE_BINARY,UNKNOWN,UNKNOWN,True
Q11A0102,MU_2K3U,3,Q11A0102_N05,CODE_BINARY,UNKNOWN,FMOD0015,False
Q11A0102,MU_2K3U,3,Q11A0102_N06,STRUCTURED,FMOD0087,UNKNOWN,False
Q11A0102,MU_2K3U,3,Q11A0102_N07,IMAGE,FMOD0014,FMOD0014,True
Q11A0103,MU_2K3U,3,Q11A0103_N01,CODE_BINARY,FMOD0086,FMOD0086,True
Q11A0103,MU_2K3U,3,Q11A0103_N02,CODE_BINARY,FMOD0051,FMOD0051,True
Q11A0103,MU_2K3U,3,Q11A0103_N03,CODE_BINARY,UNKNOWN,UNKNOWN,True
Q11A0103,MU_2K3U,3,Q11A0103_N04,CODE_BINARY,UNKNOWN,UNKNOWN,True
Q11A0103,MU_2K3U,3,Q11A0103_N05,CODE_BINARY,UNKNOWN,UNKNOWN,True
Q11A0103,MU_2K3U,3,Q11A0103_N06,STRUCTURED,FMOD0086,UNKNOWN,False
Q11A0103,MU_2K3U,3,Q11A0103_N07,IMAGE,FMOD0051,FMOD0051,True
Q11A0104,MU_2K3U,3,Q11A0104_N01,CODE_BINARY,FMOD0036,FMOD0036,True
Q11A0104,MU_2K3U,3,Q11A0104_N02,CODE_BINARY,FMOD0069,FMOD0069,True
Q11A0104,MU_2K3U,3,Q11A0104_N03,CODE_BINARY,UNKNOWN,UNKNOWN,True
Q11A0104,MU_2K3U,3,Q11A0104_N04,CODE_BINARY,UNKNOWN,UNKNOWN,True
Q11A0104,MU_2K3U,3,Q11A0104_N05,CODE_BINARY,UNKNOWN,FMOD0069,False
Q11A0104,MU_2K3U,3,Q11A0104_N06,STRUCTURED,FMOD0036,UNKNOWN,False
Q11A0104,MU_2K3U,3,Q11A0104_N07,IMAGE,FMOD0069,FMOD0069,True
Q11A0105,MU_2K3U,3,Q11A0105_N01,CODE_BINARY,FMOD0087,FMOD0087,True
Q11A0105,MU_2K3U,3,Q11A0105_N02,CODE_BINARY,FMOD0089,FMOD0089,True
Q11A0105,MU_2K3U,3,Q11A0105_N03,CODE_BINARY,UNKNOWN,UNKNOWN,True
Q11A0105,MU_2K3U,3,Q11A0105_N04,CODE_BINARY,UNKNOWN,UNKNOWN,True
Q11A0105,MU_2K3U,3,Q11A0105_N05,CODE_BINARY,UNKNOWN,UNKNOWN,True
Q11A0105,MU_2K3U,3,Q11A0105_N06,STRUCTURED,FMOD0087,FMOD0087,True
Q11A0105,MU_2K3U,3,Q11A0105_N07,IMAGE,FMOD0089,FMOD0089,True
Q11A0106,MU_2K3U,3,Q11A0106_N01,CODE_BINARY,FMOD0044,FMOD0044,True
Q11A0106,MU_2K3U,3,Q11A0106_N02,CODE_BINARY,FMOD0043,FMOD0043,True
Q11A0106,MU_2K3U,3,Q11A0106_N03,CODE_BINARY,UNKNOWN,UNKNOWN,True
Q11A0106,MU_2K3U,3,Q11A0106_N04,CODE_BINARY,UNKNOWN,UNKNOWN,True
Q11A0106,MU_2K3U,3,Q11A0106_N05,CODE_BINARY,UNKNOWN,UNKNOWN,True
Q11A0106,MU_2K3U,3,Q11A0106_N06,STRUCTURED,FMOD0044,FMOD0044,True
Q11A0106,MU_2K3U,3,Q11A0106_N07,IMAGE,FMOD0043,FMOD0043,True
Q11A0107,MU_2K3U,3,Q11A0107_N01,CODE_BINARY,FMOD0036,FMOD0036,True
Q11A0107,MU_2K3U,3,Q11A0107_N02,CODE_BINARY,FMOD0022,FMOD0022,True
Q11A0107,MU_2K3U,3,Q11A0107_N03,CODE_BINARY,UNKNOWN,FMOD0023,False
Q11A0107,MU_2K3U,3,Q11A0107_N04,CODE_BINARY,UNKNOWN,UNKNOWN,True
Q11A0107,MU_2K3U,3,Q11A0107_N05,CODE_BINARY,UNKNOWN,UNKNOWN,True
Q11A0107,MU_2K3U,3,Q11A0107_N06,STRUCTURED,FMOD0036,UNKNOWN,False
Q11A0107,MU_2K3U,3,Q11A0107_N07,IMAGE,FMOD0022,FMOD0022,True
Q11A0108,MU_2K3U,3,Q11A0108_N01,CODE_BINARY,FMOD0050,UNKNOWN,False
Q11A0108,MU_2K3U,3,Q11A0108_N02,CODE_BINARY,FMOD0061,FMOD0061,True
Q11A0108,MU_2K3U,3,Q11A0108_N03,CODE_BINARY,UNKNOWN,UNKNOWN,True
Q11A0108,MU_2K3U,3,Q11A0108_N04,CODE_BINARY,UNKNOWN,UNKNOWN,True
Q11A0108,MU_2K3U,3,Q11A0108_N05,CODE_BINARY,UNKNOWN,FMOD0023,False
Q11A0108,MU_2K3U,3,Q11A0108_N06,STRUCTURED,FMOD0050,UNKNOWN,False
Q11A0108,MU_2K3U,3,Q11A0108_N07,IMAGE,FMOD0061,FMOD0061,True
Q11A0109,MU_2K3U,3,Q11A0109_N01,CODE_BINARY,FMOD0044,FMOD0044,True
Q11A0109,MU_2K3U,3,Q11A0109_N02,CODE_BINARY,FMOD0067,UNKNOWN,False
Q11A0109,MU_2K3U,3,Q11A0109_N03,CODE_BINARY,UNKNOWN,UNKNOWN,True
Q11A0109,MU_2K3U,3,Q11A0109_N04,CODE_BINARY,UNKNOWN,UNKNOWN,True
Q11A0109,MU_2K3U,3,Q11A0109_N05,CODE_BINARY,UNKNOWN,UNKNOWN,True
Q11A0109,MU_2K3U,3,Q11A0109_N06,STRUCTURED,FMOD0044,FMOD0044,True
Q11A0109,MU_2K3U,3,Q11A0109_N07,IMAGE,FMOD0067,FMOD0067,True
Q11A0110,MU_2K3U,3,Q11A0110_N01,CODE_BINARY,FMOD0023,UNKNOWN,False
Q11A0110,MU_2K3U,3,Q11A0110_N02,CODE_BINARY,FMOD0036,FMOD0036,True
Q11A0110,MU_2K3U,3,Q11A0110_N03,CODE_BINARY,UNKNOWN,UNKNOWN,True
Q11A0110,MU_2K3U,3,Q11A0110_N04,CODE_BINARY,UNKNOWN,UNKNOWN,True
Q11A0110,MU_2K3U,3,Q11A0110_N05,CODE_BINARY,UNKNOWN,UNKNOWN,True
Q11A0110,MU_2K3U,3,Q11A0110_N06,STRUCTURED,FMOD0023,UNKNOWN,False
Q11A0110,MU_2K3U,3,Q11A0110_N07,IMAGE,FMOD0036,FMOD0036,True
Q11A0111,MU_2K3U,3,Q11A0111_N01,CODE_BINARY,FMOD0025,FMOD0031,False
Q11A0111,MU_2K3U,3,Q11A0111_N02,CODE_BINARY,FMOD0060,FMOD0060,True
Q11A0111,MU_2K3U,3,Q11A0111_N03,CODE_BINARY,UNKNOWN,UNKNOWN,True
Q11A0111,MU_2K3U,3,Q11A0111_N04,CODE_BINARY,UNKNOWN,UNKNOWN,True
Q11A0111,MU_2K3U,3,Q11A0111_N05,CODE_BINARY,UNKNOWN,FMOD0031,False
Q11A0111,MU_2K3U,3,Q11A0111_N06,STRUCTURED,FMOD0025,UNKNOWN,False
Q11A0111,MU_2K3U,3,Q11A0111_N07,IMAGE,FMOD0060,FMOD0060,True
Q11A0112,MU_2K3U,3,Q11A0112_N01,CODE_BINARY,FMOD0035,FMOD0035,True
Q11A0112,MU_2K3U,3,Q11A0112_N02,CODE_BINARY,FMOD0083,FMOD0083,True
Q11A0112,MU_2K3U,3,Q11A0112_N03,CODE_BINARY,UNKNOWN,UNKNOWN,True
Q11A0112,MU_2K3U,3,Q11A0112_N04,CODE_BINARY,UNKNOWN,UNKNOWN,True
Q11A0112,MU_2K3U,3,Q11A0112_N05,CODE_BINARY,UNKNOWN,UNKNOWN,True
Q11A0112,MU_2K3U,3,Q11A0112_N06,STRUCTURED,FMOD0035,FMOD0035,True
Q11A0112,MU_2K3U,3,Q11A0112_N07,IMAGE,FMOD0083,FMOD0083,True
Q11A0113,MU_2K3U,3,Q11A0113_N01,CODE_BINARY,FMOD0003,FMOD0003,True
Q11A0113,MU_2K3U,3,Q11A0113_N02,CODE_BINARY,FMOD0066,FMOD0066,True
Q11A0113,MU_2K3U,3,Q11A0113_N03,CODE_BINARY,UNKNOWN,UNKNOWN,True
Q11A0113,MU_2K3U,3,Q11A0113_N04,CODE_BINARY,UNKNOWN,UNKNOWN,True
Q11A0113,MU_2K3U,3,Q11A0113_N05,CODE_BINARY,UNKNOWN,FMOD0069,False
Q11A0113,MU_2K3U,3,Q11A0113_N06,STRUCTURED,FMOD0003,UNKNOWN,False
Q11A0113,MU_2K3U,3,Q11A0113_N07,IMAGE,FMOD0066,FMOD0066,True
Q11A0114,MU_2K3U,3,Q11A0114_N01,CODE_BINARY,FMOD0035,FMOD0035,True
Q11A0114,MU_2K3U,3,Q11A0114_N02,CODE_BINARY,FMOD0099,FMOD0099,True
Q11A0114,MU_2K3U,3,Q11A0114_N03,CODE_BINARY,UNKNOWN,UNKNOWN,True
Q11A0114,MU_2K3U,3,Q11A0114_N04,CODE_BINARY,UNKNOWN,UNKNOWN,True
Q11A0114,MU_2K3U,3,Q11A0114_N05,CODE_BINARY,UNKNOWN,UNKNOWN,True
Q11A0114,MU_2K3U,3,Q11A0114_N06,STRUCTURED,FMOD0035,UNKNOWN,False
Q11A0114,MU_2K3U,3,Q11A0114_N07,IMAGE,FMOD0099,FMOD0099,True
Q11A0115,MU_2K3U,3,Q11A0115_N01,CODE_BINARY,FMOD0053,UNKNOWN,False
Q11A0115,MU_2K3U,3,Q11A0115_N02,CODE_BINARY,FMOD0087,FMOD0087,True
Q11A0115,MU_2K3U,3,Q11A0115_N03,CODE_BINARY,UNKNOWN,UNKNOWN,True
Q11A0115,MU_2K3U,3,Q11A0115_N04,CODE_BINARY,UNKNOWN,UNKNOWN,True
Q11A0115,MU_2K3U,3,Q11A0115_N05,CODE_BINARY,UNKNOWN,UNKNOWN,True
Q11A0115,MU_2K3U,3,Q11A0115_N06,STRUCTURED,FMOD0053,FMOD0053,True
Q11A0115,MU_2K3U,3,Q11A0115_N07,IMAGE,FMOD0087,FMOD0087,True
Q11A0116,MU_2K3U,3,Q11A0116_N01,CODE_BINARY,FMOD0099,FMOD0099,True
Q11A0116,MU_2K3U,3,Q11A0116_N02,CODE_BINARY,FMOD0060,FMOD0060,True
Q11A0116,MU_2K3U,3,Q11A0116_N03,CODE_BINARY,UNKNOWN,UNKNOWN,True
Q11A0116,MU_2K3U,3,Q11A0116_N04,CODE_BINARY,UNKNOWN,UNKNOWN,True
Q11A0116,MU_2K3U,3,Q11A0116_N05,CODE_BINARY,UNKNOWN,UNKNOWN,True
Q11A0116,MU_2K3U,3,Q11A0116_N06,STRUCTURED,FMOD0099,FMOD0099,True
Q11A0116,MU_2K3U,3,Q11A0116_N07,IMAGE,FMOD0060,FMOD0060,True
Q11A0117,MU_2K3U,3,Q11A0117_N01,CODE_BINARY,FMOD0099,FMOD0099,True
Q11A0117,MU_2K3U,3,Q11A0117_N02,CODE_BINARY,FMOD0053,FMOD0053,True
Q11A0117,MU_2K3U,3,Q11A0117_N03,CODE_BINARY,UNKNOWN,UNKNOWN,True
Q11A0117,MU_2K3U,3,Q11A0117_N04,CODE_BINARY,UNKNOWN,UNKNOWN,True
Q11A0117,MU_2K3U,3,Q11A0117_N05,CODE_BINARY,UNKNOWN,UNKNOWN,True
Q11A0117,MU_2K3U,3,Q11A0117_N06,STRUCTURED,FMOD0099,FMOD0099,True
Q11A0117,MU_2K3U,3,Q11A0117_N07,IMAGE,FMOD0053,FMOD0053,True
Q11A0118,MU_2K3U,3,Q11A0118_N01,CODE_BINARY,FMOD0060,FMOD0060,True
Q11A0118,MU_2K3U,3,Q11A0118_N02,CODE_BINARY,FMOD0016,UNKNOWN,False
Q11A0118,MU_2K3U,3,Q11A0118_N03,CODE_BINARY,UNKNOWN,UNKNOWN,True
Q11A0118,MU_2K3U,3,Q11A0118_N04,CODE_BINARY,UNKNOWN,UNKNOWN,True
Q11A0118,MU_2K3U,3,Q11A0118_N05,CODE_BINARY,UNKNOWN,UNKNOWN,True
Q11A0118,MU_2K3U,3,Q11A0118_N06,STRUCTURED,FMOD0060,FMOD0060,True
Q11A0118,MU_2K3U,3,Q11A0118_N07,IMAGE,FMOD0016,FMOD0016,True
Q11A0119,MU_2K3U,3,Q11A0119_N01,CODE_BINARY,FMOD0014,FMOD0014,True
Q11A0119,MU_2K3U,3,Q11A0119_N02,CODE_BINARY,FMOD0003,FMOD0003,True
Q11A0119,MU_2K3U,3,Q11A0119_N03,CODE_BINARY,UNKNOWN,UNKNOWN,True
Q11A0119,MU_2K3U,3,Q11A0119_N04,CODE_BINARY,UNKNOWN,UNKNOWN,True
Q11A0119,MU_2K3U,3,Q11A0119_N05,CODE_BINARY,UNKNOWN,UNKNOWN,True
Q11A0119,MU_2K3U,3,Q11A0119_N06,STRUCTURED,FMOD0014,FMOD0014,True
Q11A0119,MU_2K3U,3,Q11A0119_N07,IMAGE,FMOD0003,FMOD0003,True
Q11A0120,MU_2K3U,3,Q11A0120_N01,CODE_BINARY,FMOD0014,FMOD0014,True
Q11A0120,MU_2K3U,3,Q11A0120_N02,CODE_BINARY,FMOD0051,FMOD0051,True
Q11A0120,MU_2K3U,3,Q11A0120_N03,CODE_BINARY,UNKNOWN,UNKNOWN,True
Q11A0120,MU_2K3U,3,Q11A0120_N04,CODE_BINARY,UNKNOWN,UNKNOWN,True
Q11A0120,MU_2K3U,3,Q11A0120_N05,CODE_BINARY,UNKNOWN,UNKNOWN,True
Q11A0120,MU_2K3U,3,Q11A0120_N06,STRUCTURED,FMOD0014,UNKNOWN,False
Q11A0120,MU_2K3U,3,Q11A0120_N07,IMAGE,FMOD0051,FMOD0051,True
Q11A0121,MU_U2,1,Q11A0121_N01,CODE_BINARY,UNKNOWN,UNKNOWN,True
Q11A0121,MU_U2,1,Q11A0121_N02,CODE_BINARY,UNKNOWN,UNKNOWN,True
Q11A0121,MU_U2,1,Q11A0121_N03,CODE_BINARY,UNKNOWN,UNKNOWN,True
Q11A0121,MU_U2,1,Q11A0121_N04,CODE_BINARY,UNKNOWN,UNKNOWN,True
Q11A0121,MU_U2,1,Q11A0121_N05,CODE_BINARY,UNKNOWN,UNKNOWN,True
Q11A0121,MU_U2,1,Q11A0121_N06,STRUCTURED,UNKNOWN,UNKNOWN,True
Q11A0121,MU_U2,1,Q11A0121_N07,IMAGE,UNKNOWN,UNKNOWN,True
Q11A0122,MU_U2,1,Q11A0122_N01,CODE_BINARY,UNKNOWN,UNKNOWN,True
Q11A0122,MU_U2,1,Q11A0122_N02,CODE_BINARY,UNKNOWN,UNKNOWN,True
Q11A0122,MU_U2,1,Q11A0122_N03,CODE_BINARY,UNKNOWN,UNKNOWN,True
Q11A0122,MU_U2,1,Q11A0122_N04,CODE_BINARY,UNKNOWN,UNKNOWN,True
Q11A0122,MU_U2,1,Q11A0122_N05,CODE_BINARY,UNKNOWN,UNKNOWN,True
Q11A0122,MU_U2,1,Q11A0122_N06,STRUCTURED,UNKNOWN,UNKNOWN,True
Q11A0122,MU_U2,1,Q11A0122_N07,IMAGE,UNKNOWN,UNKNOWN,True
Q11A0123,MU_U2,1,Q11A0123_N01,CODE_BINARY,UNKNOWN,UNKNOWN,True
Q11A0123,MU_U2,1,Q11A0123_N02,CODE_BINARY,UNKNOWN,UNKNOWN,True
Q11A0123,MU_U2,1,Q11A0123_N03,CODE_BINARY,UNKNOWN,UNKNOWN,True
Q11A0123,MU_U2,1,Q11A0123_N04,CODE_BINARY,UNKNOWN,UNKNOWN,True
Q11A0123,MU_U2,1,Q11A0123_N05,CODE_BINARY,UNKNOWN,FMOD0023,False
Q11A0123,MU_U2,1,Q11A0123_N06,STRUCTURED,UNKNOWN,UNKNOWN,True
Q11A0123,MU_U2,1,Q11A0123_N07,IMAGE,UNKNOWN,UNKNOWN,True
Q11A0124,MU_U2,1,Q11A0124_N01,CODE_BINARY,UNKNOWN,FMOD0102,False
Q11A0124,MU_U2,1,Q11A0124_N02,CODE_BINARY,UNKNOWN,UNKNOWN,True
Q11A0124,MU_U2,1,Q11A0124_N03,CODE_BINARY,UNKNOWN,FMOD0102,False
Q11A0124,MU_U2,1,Q11A0124_N04,CODE_BINARY,UNKNOWN,UNKNOWN,True
Q11A0124,MU_U2,1,Q11A0124_N05,CODE_BINARY,UNKNOWN,FMOD0102,False
Q11A0124,MU_U2,1,Q11A0124_N06,STRUCTURED,UNKNOWN,UNKNOWN,True
Q11A0124,MU_U2,1,Q11A0124_N07,IMAGE,UNKNOWN,UNKNOWN,True
Q11A0125,MU_U2,1,Q11A0125_N01,CODE_BINARY,UNKNOWN,UNKNOWN,True
Q11A0125,MU_U2,1,Q11A0125_N02,CODE_BINARY,UNKNOWN,FMOD0069,False
Q11A0125,MU_U2,1,Q11A0125_N03,CODE_BINARY,UNKNOWN,UNKNOWN,True
Q11A0125,MU_U2,1,Q11A0125_N04,CODE_BINARY,UNKNOWN,FMOD0069,False
Q11A0125,MU_U2,1,Q11A0125_N05,CODE_BINARY,UNKNOWN,UNKNOWN,True
Q11A0125,MU_U2,1,Q11A0125_N06,STRUCTURED,UNKNOWN,FMOD0035,False
Q11A0125,MU_U2,1,Q11A0125_N07,IMAGE,UNKNOWN,UNKNOWN,True
Q11A0126,MU_U2,1,Q11A0126_N01,CODE_BINARY,UNKNOWN,UNKNOWN,True
Q11A0126,MU_U2,1,Q11A0126_N02,CODE_BINARY,UNKNOWN,UNKNOWN,True
Q11A0126,MU_U2,1,Q11A0126_N03,CODE_BINARY,UNKNOWN,UNKNOWN,True
Q11A0126,MU_U2,1,Q11A0126_N04,CODE_BINARY,UNKNOWN,UNKNOWN,True
Q11A0126,MU_U2,1,Q11A0126_N05,CODE_BINARY,UNKNOWN,UNKNOWN,True
Q11A0126,MU_U2,1,Q11A0126_N06,STRUCTURED,UNKNOWN,FMOD0022,False
Q11A0126,MU_U2,1,Q11A0126_N07,IMAGE,UNKNOWN,UNKNOWN,True
Q11A0127,MU_U2,1,Q11A0127_N01,CODE_BINARY,UNKNOWN,UNKNOWN,True
Q11A0127,MU_U2,1,Q11A0127_N02,CODE_BINARY,UNKNOWN,UNKNOWN,True
Q11A0127,MU_U2,1,Q11A0127_N03,CODE_BINARY,UNKNOWN,UNKNOWN,True
Q11A0127,MU_U2,1,Q11A0127_N04,CODE_BINARY,UNKNOWN,UNKNOWN,True
Q11A0127,MU_U2,1,Q11A0127_N05,CODE_BINARY,UNKNOWN,FMOD0035,False
Q11A0127,MU_U2,1,Q11A0127_N06,STRUCTURED,UNKNOWN,FMOD0035,False
Q11A0127,MU_U2,1,Q11A0127_N07,IMAGE,UNKNOWN,UNKNOWN,True
Q11A0128,MU_U2,1,Q11A0128_N01,CODE_BINARY,UNKNOWN,UNKNOWN,True
Q11A0128,MU_U2,1,Q11A0128_N02,CODE_BINARY,UNKNOWN,UNKNOWN,True
Q11A0128,MU_U2,1,Q11A0128_N03,CODE_BINARY,UNKNOWN,UNKNOWN,True
Q11A0128,MU_U2,1,Q11A0128_N04,CODE_BINARY,UNKNOWN,UNKNOWN,True
Q11A0128,MU_U2,1,Q11A0128_N05,CODE_BINARY,UNKNOWN,UNKNOWN,True
Q11A0128,MU_U2,1,Q11A0128_N06,STRUCTURED,UNKNOWN,UNKNOWN,True
Q11A0128,MU_U2,1,Q11A0128_N07,IMAGE,UNKNOWN,UNKNOWN,True
Q11A0129,MU_U2,1,Q11A0129_N01,CODE_BINARY,UNKNOWN,UNKNOWN,True
Q11A0129,MU_U2,1,Q11A0129_N02,CODE_BINARY,UNKNOWN,UNKNOWN,True
Q11A0129,MU_U2,1,Q11A0129_N03,CODE_BINARY,UNKNOWN,FMOD0035,False
Q11A0129,MU_U2,1,Q11A0129_N04,CODE_BINARY,UNKNOWN,UNKNOWN,True
Q11A0129,MU_U2,1,Q11A0129_N05,CODE_BINARY,UNKNOWN,UNKNOWN,True
Q11A0129,MU_U2,1,Q11A0129_N06,STRUCTURED,UNKNOWN,UNKNOWN,True
Q11A0129,MU_U2,1,Q11A0129_N07,IMAGE,UNKNOWN,UNKNOWN,True
Q11A0130,MU_U2,1,Q11A0130_N01,CODE_BINARY,UNKNOWN,UNKNOWN,True
Q11A0130,MU_U2,1,Q11A0130_N02,CODE_BINARY,UNKNOWN,FMOD0035,False
Q11A0130,MU_U2,1,Q11A0130_N03,CODE_BINARY,UNKNOWN,FMOD0035,False
Q11A0130,MU_U2,1,Q11A0130_N04,CODE_BINARY,UNKNOWN,FMOD0102,False
Q11A0130,MU_U2,1,Q11A0130_N05,CODE_BINARY,UNKNOWN,UNKNOWN,True
Q11A0130,MU_U2,1,Q11A0130_N06,STRUCTURED,UNKNOWN,UNKNOWN,True
Q11A0130,MU_U2,1,Q11A0130_N07,IMAGE,UNKNOWN,UNKNOWN,True
Q11A0131,MU_U2,1,Q11A0131_N01,CODE_BINARY,UNKNOWN,UNKNOWN,True
Q11A0131,MU_U2,1,Q11A0131_N02,CODE_BINARY,UNKNOWN,UNKNOWN,True
Q11A0131,MU_U2,1,Q11A0131_N03,CODE_BINARY,UNKNOWN,UNKNOWN,True
Q11A0131,MU_U2,1,Q11A0131_N04,CODE_BINARY,UNKNOWN,UNKNOWN,True
Q11A0131,MU_U2,1,Q11A0131_N05,CODE_BINARY,UNKNOWN,UNKNOWN,True
Q11A0131,MU_U2,1,Q11A0131_N06,STRUCTURED,UNKNOWN,UNKNOWN,True
Q11A0131,MU_U2,1,Q11A0131_N07,IMAGE,UNKNOWN,UNKNOWN,True
Q11A0132,MU_U2,1,Q11A0132_N01,CODE_BINARY,UNKNOWN,UNKNOWN,True
Q11A0132,MU_U2,1,Q11A0132_N02,CODE_BINARY,UNKNOWN,UNKNOWN,True
Q11A0132,MU_U2,1,Q11A0132_N03,CODE_BINARY,UNKNOWN,UNKNOWN,True
Q11A0132,MU_U2,1,Q11A0132_N04,CODE_BINARY,UNKNOWN,UNKNOWN,True
Q11A0132,MU_U2,1,Q11A0132_N05,CODE_BINARY,UNKNOWN,UNKNOWN,True
Q11A0132,MU_U2,1,Q11A0132_N06,STRUCTURED,UNKNOWN,UNKNOWN,True
Q11A0132,MU_U2,1,Q11A0132_N07,IMAGE,UNKNOWN,UNKNOWN,True
Q11A0133,MU_U2,1,Q11A0133_N01,CODE_BINARY,UNKNOWN,UNKNOWN,True
Q11A0133,MU_U2,1,Q11A0133_N02,CODE_BINARY,UNKNOWN,UNKNOWN,True
Q11A0133,MU_U2,1,Q11A0133_N03,CODE_BINARY,UNKNOWN,UNKNOWN,True
Q11A0133,MU_U2,1,Q11A0133_N04,CODE_BINARY,UNKNOWN,UNKNOWN,True
Q11A0133,MU_U2,1,Q11A0133_N05,CODE_BINARY,UNKNOWN,UNKNOWN,True
Q11A0133,MU_U2,1,Q11A0133_N06,STRUCTURED,UNKNOWN,UNKNOWN,True
Q11A0133,MU_U2,1,Q11A0133_N07,IMAGE,UNKNOWN,UNKNOWN,True
Q11A0134,MU_U2,1,Q11A0134_N01,CODE_BINARY,UNKNOWN,UNKNOWN,True
Q11A0134,MU_U2,1,Q11A0134_N02,CODE_BINARY,UNKNOWN,UNKNOWN,True
Q11A0134,MU_U2,1,Q11A0134_N03,CODE_BINARY,UNKNOWN,UNKNOWN,True
Q11A0134,MU_U2,1,Q11A0134_N04,CODE_BINARY,UNKNOWN,FMOD0055,False
Q11A0134,MU_U2,1,Q11A0134_N05,CODE_BINARY,UNKNOWN,FMOD0069,False
Q11A0134,MU_U2,1,Q11A0134_N06,STRUCTURED,UNKNOWN,UNKNOWN,True
Q11A0134,MU_U2,1,Q11A0134_N07,IMAGE,UNKNOWN,UNKNOWN,True
Q11A0135,MU_U2,1,Q11A0135_N01,CODE_BINARY,UNKNOWN,UNKNOWN,True
Q11A0135,MU_U2,1,Q11A0135_N02,CODE_BINARY,UNKNOWN,FMOD0083,False
Q11A0135,MU_U2,1,Q11A0135_N03,CODE_BINARY,UNKNOWN,UNKNOWN,True
Q11A0135,MU_U2,1,Q11A0135_N04,CODE_BINARY,UNKNOWN,FMOD0083,False
Q11A0135,MU_U2,1,Q11A0135_N05,CODE_BINARY,UNKNOWN,UNKNOWN,True
Q11A0135,MU_U2,1,Q11A0135_N06,STRUCTURED,UNKNOWN,UNKNOWN,True
Q11A0135,MU_U2,1,Q11A0135_N07,IMAGE,UNKNOWN,UNKNOWN,True
Q11A0136,MU_U2,1,Q11A0136_N01,CODE_BINARY,UNKNOWN,UNKNOWN,True
Q11A0136,MU_U2,1,Q11A0136_N02,CODE_BINARY,UNKNOWN,FMOD0102,False
Q11A0136,MU_U2,1,Q11A0136_N03,CODE_BINARY,UNKNOWN,UNKNOWN,True
Q11A0136,MU_U2,1,Q11A0136_N04,CODE_BINARY,UNKNOWN,FMOD0102,False
Q11A0136,MU_U2,1,Q11A0136_N05,CODE_BINARY,UNKNOWN,UNKNOWN,True
Q11A0136,MU_U2,1,Q11A0136_N06,STRUCTURED,UNKNOWN,UNKNOWN,True
Q11A0136,MU_U2,1,Q11A0136_N07,IMAGE,UNKNOWN,UNKNOWN,True
Q11A0137,MU_U2,1,Q11A0137_N01,CODE_BINARY,UNKNOWN,UNKNOWN,True
Q11A0137,MU_U2,1,Q11A0137_N02,CODE_BINARY,UNKNOWN,UNKNOWN,True
Q11A0137,MU_U2,1,Q11A0137_N03,CODE_BINARY,UNKNOWN,UNKNOWN,True
Q11A0137,MU_U2,1,Q11A0137_N04,CODE_BINARY,UNKNOWN,UNKNOWN,True
Q11A0137,MU_U2,1,Q11A0137_N05,CODE_BINARY,UNKNOWN,UNKNOWN,True
Q11A0137,MU_U2,1,Q11A0137_N06,STRUCTURED,UNKNOWN,UNKNOWN,True
Q11A0137,MU_U2,1,Q11A0137_N07,IMAGE,UNKNOWN,UNKNOWN,True
Q11A0138,MU_U2,1,Q11A0138_N01,CODE_BINARY,UNKNOWN,UNKNOWN,True
Q11A0138,MU_U2,1,Q11A0138_N02,CODE_BINARY,UNKNOWN,UNKNOWN,True
Q11A0138,MU_U2,1,Q11A0138_N03,CODE_BINARY,UNKNOWN,UNKNOWN,True
Q11A0138,MU_U2,1,Q11A0138_N04,CODE_BINARY,UNKNOWN,UNKNOWN,True
Q11A0138,MU_U2,1,Q11A0138_N05,CODE_BINARY,UNKNOWN,UNKNOWN,True
Q11A0138,MU_U2,1,Q11A0138_N06,STRUCTURED,UNKNOWN,UNKNOWN,True
Q11A0138,MU_U2,1,Q11A0138_N07,IMAGE,UNKNOWN,UNKNOWN,True
Q11A0139,MU_U2,1,Q11A0139_N01,CODE_BINARY,UNKNOWN,UNKNOWN,True
Q11A0139,MU_U2,1,Q11A0139_N02,CODE_BINARY,UNKNOWN,UNKNOWN,True
Q11A0139,MU_U2,1,Q11A0139_N03,CODE_BINARY,UNKNOWN,UNKNOWN,True
Q11A0139,MU_U2,1,Q11A0139_N04,CODE_BINARY,UNKNOWN,UNKNOWN,True
Q11A0139,MU_U2,1,Q11A0139_N05,CODE_BINARY,UNKNOWN,FMOD0055,False
Q11A0139,MU_U2,1,Q11A0139_N06,STRUCTURED,UNKNOWN,UNKNOWN,True
Q11A0139,MU_U2,1,Q11A0139_N07,IMAGE,UNKNOWN,UNKNOWN,True
Q11A0140,MU_U2,1,Q11A0140_N01,CODE_BINARY,UNKNOWN,UNKNOWN,True
Q11A0140,MU_U2,1,Q11A0140_N02,CODE_BINARY,UNKNOWN,UNKNOWN,True
Q11A0140,MU_U2,1,Q11A0140_N03,CODE_BINARY,UNKNOWN,FMOD0023,False
Q11A0140,MU_U2,1,Q11A0140_N04,CODE_BINARY,UNKNOWN,UNKNOWN,True
Q11A0140,MU_U2,1,Q11A0140_N05,CODE_BINARY,UNKNOWN,UNKNOWN,True
Q11A0140,MU_U2,1,Q11A0140_N06,STRUCTURED,UNKNOWN,UNKNOWN,True
Q11A0140,MU_U2,1,Q11A0140_N07,IMAGE,UNKNOWN,UNKNOWN,True
Q11A0141,MU_U2,1,Q11A0141_N01,CODE_BINARY,UNKNOWN,UNKNOWN,True
Q11A0141,MU_U2,1,Q11A0141_N02,CODE_BINARY,UNKNOWN,UNKNOWN,True
Q11A0141,MU_U2,1,Q11A0141_N03,CODE_BINARY,UNKNOWN,UNKNOWN,True
Q11A0141,MU_U2,1,Q11A0141_N04,CODE_BINARY,UNKNOWN,UNKNOWN,True
Q11A0141,MU_U2,1,Q11A0141_N05,CODE_BINARY,UNKNOWN,UNKNOWN,True
Q11A0141,MU_U2,1,Q11A0141_N06,STRUCTURED,UNKNOWN,UNKNOWN,True
Q11A0141,MU_U2,1,Q11A0141_N07,IMAGE,UNKNOWN,UNKNOWN,True
Q11A0142,MU_U2,1,Q11A0142_N01,CODE_BINARY,UNKNOWN,UNKNOWN,True
Q11A0142,MU_U2,1,Q11A0142_N02,CODE_BINARY,UNKNOWN,UNKNOWN,True
Q11A0142,MU_U2,1,Q11A0142_N03,CODE_BINARY,UNKNOWN,UNKNOWN,True
Q11A0142,MU_U2,1,Q11A0142_N04,CODE_BINARY,UNKNOWN,UNKNOWN,True
Q11A0142,MU_U2,1,Q11A0142_N05,CODE_BINARY,UNKNOWN,UNKNOWN,True
Q11A0142,MU_U2,1,Q11A0142_N06,STRUCTURED,UNKNOWN,UNKNOWN,True
Q11A0142,MU_U2,1,Q11A0142_N07,IMAGE,UNKNOWN,UNKNOWN,True
Q11A0143,MU_U2,1,Q11A0143_N01,CODE_BINARY,UNKNOWN,UNKNOWN,True
Q11A0143,MU_U2,1,Q11A0143_N02,CODE_BINARY,UNKNOWN,UNKNOWN,True
Q11A0143,MU_U2,1,Q11A0143_N03,CODE_BINARY,UNKNOWN,UNKNOWN,True
Q11A0143,MU_U2,1,Q11A0143_N04,CODE_BINARY,UNKNOWN,UNKNOWN,True
Q11A0143,MU_U2,1,Q11A0143_N05,CODE_BINARY,UNKNOWN,UNKNOWN,True
Q11A0143,MU_U2,1,Q11A0143_N06,STRUCTURED,UNKNOWN,UNKNOWN,True
Q11A0143,MU_U2,1,Q11A0143_N07,IMAGE,UNKNOWN,UNKNOWN,True
Q11A0144,MU_U2,1,Q11A0144_N01,CODE_BINARY,UNKNOWN,FMOD0023,False
Q11A0144,MU_U2,1,Q11A0144_N02,CODE_BINARY,UNKNOWN,UNKNOWN,True
Q11A0144,MU_U2,1,Q11A0144_N03,CODE_BINARY,UNKNOWN,UNKNOWN,True
Q11A0144,MU_U2,1,Q11A0144_N04,CODE_BINARY,UNKNOWN,UNKNOWN,True
Q11A0144,MU_U2,1,Q11A0144_N05,CODE_BINARY,UNKNOWN,FMOD0023,False
Q11A0144,MU_U2,1,Q11A0144_N06,STRUCTURED,UNKNOWN,FMOD0023,False
Q11A0144,MU_U2,1,Q11A0144_N07,IMAGE,UNKNOWN,UNKNOWN,True
Q11A0145,MU_U2,1,Q11A0145_N01,CODE_BINARY,UNKNOWN,UNKNOWN,True
Q11A0145,MU_U2,1,Q11A0145_N02,CODE_BINARY,UNKNOWN,UNKNOWN,True
Q11A0145,MU_U2,1,Q11A0145_N03,CODE_BINARY,UNKNOWN,UNKNOWN,True
Q11A0145,MU_U2,1,Q11A0145_N04,CODE_BINARY,UNKNOWN,UNKNOWN,True
Q11A0145,MU_U2,1,Q11A0145_N05,CODE_BINARY,UNKNOWN,FMOD0069,False
Q11A0145,MU_U2,1,Q11A0145_N06,STRUCTURED,UNKNOWN,UNKNOWN,True
Q11A0145,MU_U2,1,Q11A0145_N07,IMAGE,UNKNOWN,UNKNOWN,True
Q11A0146,MU_U2,1,Q11A0146_N01,CODE_BINARY,UNKNOWN,UNKNOWN,True
Q11A0146,MU_U2,1,Q11A0146_N02,CODE_BINARY,UNKNOWN,UNKNOWN,True
Q11A0146,MU_U2,1,Q11A0146_N03,CODE_BINARY,UNKNOWN,UNKNOWN,True
Q11A0146,MU_U2,1,Q11A0146_N04,CODE_BINARY,UNKNOWN,UNKNOWN,True
Q11A0146,MU_U2,1,Q11A0146_N05,CODE_BINARY,UNKNOWN,UNKNOWN,True
Q11A0146,MU_U2,1,Q11A0146_N06,STRUCTURED,UNKNOWN,UNKNOWN,True
Q11A0146,MU_U2,1,Q11A0146_N07,IMAGE,UNKNOWN,UNKNOWN,True
Q11A0147,MU_U2,1,Q11A0147_N01,CODE_BINARY,UNKNOWN,UNKNOWN,True
Q11A0147,MU_U2,1,Q11A0147_N02,CODE_BINARY,UNKNOWN,UNKNOWN,True
Q11A0147,MU_U2,1,Q11A0147_N03,CODE_BINARY,UNKNOWN,UNKNOWN,True
Q11A0147,MU_U2,1,Q11A0147_N04,CODE_BINARY,UNKNOWN,UNKNOWN,True
Q11A0147,MU_U2,1,Q11A0147_N05,CODE_BINARY,UNKNOWN,UNKNOWN,True
Q11A0147,MU_U2,1,Q11A0147_N06,STRUCTURED,UNKNOWN,UNKNOWN,True
Q11A0147,MU_U2,1,Q11A0147_N07,IMAGE,UNKNOWN,UNKNOWN,True
Q11A0148,MU_U2,1,Q11A0148_N01,CODE_BINARY,UNKNOWN,UNKNOWN,True
Q11A0148,MU_U2,1,Q11A0148_N02,CODE_BINARY,UNKNOWN,FMOD0055,False
Q11A0148,MU_U2,1,Q11A0148_N03,CODE_BINARY,UNKNOWN,UNKNOWN,True
Q11A0148,MU_U2,1,Q11A0148_N04,CODE_BINARY,UNKNOWN,FMOD0055,False
Q11A0148,MU_U2,1,Q11A0148_N05,CODE_BINARY,UNKNOWN,UNKNOWN,True
Q11A0148,MU_U2,1,Q11A0148_N06,STRUCTURED,UNKNOWN,UNKNOWN,True
Q11A0148,MU_U2,1,Q11A0148_N07,IMAGE,UNKNOWN,UNKNOWN,True
Q11A0149,MU_U2,1,Q11A0149_N01,CODE_BINARY,UNKNOWN,UNKNOWN,True
Q11A0149,MU_U2,1,Q11A0149_N02,CODE_BINARY,UNKNOWN,UNKNOWN,True
Q11A0149,MU_U2,1,Q11A0149_N03,CODE_BINARY,UNKNOWN,UNKNOWN,True
Q11A0149,MU_U2,1,Q11A0149_N04,CODE_BINARY,UNKNOWN,UNKNOWN,True
Q11A0149,MU_U2,1,Q11A0149_N05,CODE_BINARY,UNKNOWN,UNKNOWN,True
Q11A0149,MU_U2,1,Q11A0149_N06,STRUCTURED,UNKNOWN,UNKNOWN,True
Q11A0149,MU_U2,1,Q11A0149_N07,IMAGE,UNKNOWN,UNKNOWN,True
Q11A0150,MU_U2,1,Q11A0150_N01,CODE_BINARY,UNKNOWN,UNKNOWN,True
Q11A0150,MU_U2,1,Q11A0150_N02,CODE_BINARY,UNKNOWN,UNKNOWN,True
Q11A0150,MU_U2,1,Q11A0150_N03,CODE_BINARY,UNKNOWN,UNKNOWN,True
Q11A0150,MU_U2,1,Q11A0150_N04,CODE_BINARY,UNKNOWN,UNKNOWN,True
Q11A0150,MU_U2,1,Q11A0150_N05,CODE_BINARY,UNKNOWN,UNKNOWN,True
Q11A0150,MU_U2,1,Q11A0150_N06,STRUCTURED,UNKNOWN,UNKNOWN,True
Q11A0150,MU_U2,1,Q11A0150_N07,IMAGE,UNKNOWN,UNKNOWN,True
Q11A0151,MU_U3,1,Q11A0151_N01,CODE_BINARY,UNKNOWN,UNKNOWN,True
Q11A0151,MU_U3,1,Q11A0151_N02,CODE_BINARY,UNKNOWN,UNKNOWN,True
Q11A0151,MU_U3,1,Q11A0151_N03,CODE_BINARY,UNKNOWN,UNKNOWN,True
Q11A0151,MU_U3,1,Q11A0151_N04,CODE_BINARY,UNKNOWN,UNKNOWN,True
Q11A0151,MU_U3,1,Q11A0151_N05,CODE_BINARY,UNKNOWN,UNKNOWN,True
Q11A0151,MU_U3,1,Q11A0151_N06,STRUCTURED,UNKNOWN,UNKNOWN,True
Q11A0151,MU_U3,1,Q11A0151_N07,IMAGE,UNKNOWN,UNKNOWN,True
Q11A0152,MU_U3,1,Q11A0152_N01,CODE_BINARY,UNKNOWN,UNKNOWN,True
Q11A0152,MU_U3,1,Q11A0152_N02,CODE_BINARY,UNKNOWN,UNKNOWN,True
Q11A0152,MU_U3,1,Q11A0152_N03,CODE_BINARY,UNKNOWN,UNKNOWN,True
Q11A0152,MU_U3,1,Q11A0152_N04,CODE_BINARY,UNKNOWN,UNKNOWN,True
Q11A0152,MU_U3,1,Q11A0152_N05,CODE_BINARY,UNKNOWN,UNKNOWN,True
Q11A0152,MU_U3,1,Q11A0152_N06,STRUCTURED,UNKNOWN,UNKNOWN,True
Q11A0152,MU_U3,1,Q11A0152_N07,IMAGE,UNKNOWN,UNKNOWN,True
Q11A0153,MU_U3,1,Q11A0153_N01,CODE_BINARY,UNKNOWN,FMOD0055,False
Q11A0153,MU_U3,1,Q11A0153_N02,CODE_BINARY,UNKNOWN,UNKNOWN,True
Q11A0153,MU_U3,1,Q11A0153_N03,CODE_BINARY,UNKNOWN,UNKNOWN,True
Q11A0153,MU_U3,1,Q11A0153_N04,CODE_BINARY,UNKNOWN,UNKNOWN,True
Q11A0153,MU_U3,1,Q11A0153_N05,CODE_BINARY,UNKNOWN,UNKNOWN,True
Q11A0153,MU_U3,1,Q11A0153_N06,STRUCTURED,UNKNOWN,UNKNOWN,True
Q11A0153,MU_U3,1,Q11A0153_N07,IMAGE,UNKNOWN,UNKNOWN,True
Q11A0154,MU_U3,1,Q11A0154_N01,CODE_BINARY,UNKNOWN,UNKNOWN,True
Q11A0154,MU_U3,1,Q11A0154_N02,CODE_BINARY,UNKNOWN,UNKNOWN,True
Q11A0154,MU_U3,1,Q11A0154_N03,CODE_BINARY,UNKNOWN,UNKNOWN,True
Q11A0154,MU_U3,1,Q11A0154_N04,CODE_BINARY,UNKNOWN,UNKNOWN,True
Q11A0154,MU_U3,1,Q11A0154_N05,CODE_BINARY,UNKNOWN,UNKNOWN,True
Q11A0154,MU_U3,1,Q11A0154_N06,STRUCTURED,UNKNOWN,UNKNOWN,True
Q11A0154,MU_U3,1,Q11A0154_N07,IMAGE,UNKNOWN,UNKNOWN,True
Q11A0155,MU_U3,1,Q11A0155_N01,CODE_BINARY,UNKNOWN,UNKNOWN,True
Q11A0155,MU_U3,1,Q11A0155_N02,CODE_BINARY,UNKNOWN,UNKNOWN,True
Q11A0155,MU_U3,1,Q11A0155_N03,CODE_BINARY,UNKNOWN,UNKNOWN,True
Q11A0155,MU_U3,1,Q11A0155_N04,CODE_BINARY,UNKNOWN,UNKNOWN,True
Q11A0155,MU_U3,1,Q11A0155_N05,CODE_BINARY,UNKNOWN,UNKNOWN,True
Q11A0155,MU_U3,1,Q11A0155_N06,STRUCTURED,UNKNOWN,UNKNOWN,True
Q11A0155,MU_U3,1,Q11A0155_N07,IMAGE,UNKNOWN,UNKNOWN,True
Q11A0156,MU_U3,1,Q11A0156_N01,CODE_BINARY,UNKNOWN,UNKNOWN,True
Q11A0156,MU_U3,1,Q11A0156_N02,CODE_BINARY,UNKNOWN,UNKNOWN,True
Q11A0156,MU_U3,1,Q11A0156_N03,CODE_BINARY,UNKNOWN,UNKNOWN,True
Q11A0156,MU_U3,1,Q11A0156_N04,CODE_BINARY,UNKNOWN,UNKNOWN,True
Q11A0156,MU_U3,1,Q11A0156_N05,CODE_BINARY,UNKNOWN,UNKNOWN,True
Q11A0156,MU_U3,1,Q11A0156_N06,STRUCTURED,UNKNOWN,UNKNOWN,True
Q11A0156,MU_U3,1,Q11A0156_N07,IMAGE,UNKNOWN,UNKNOWN,True
Q11A0157,MU_U3,1,Q11A0157_N01,CODE_BINARY,UNKNOWN,UNKNOWN,True
Q11A0157,MU_U3,1,Q11A0157_N02,CODE_BINARY,UNKNOWN,UNKNOWN,True
Q11A0157,MU_U3,1,Q11A0157_N03,CODE_BINARY,UNKNOWN,UNKNOWN,True
Q11A0157,MU_U3,1,Q11A0157_N04,CODE_BINARY,UNKNOWN,UNKNOWN,True
Q11A0157,MU_U3,1,Q11A0157_N05,CODE_BINARY,UNKNOWN,UNKNOWN,True
Q11A0157,MU_U3,1,Q11A0157_N06,STRUCTURED,UNKNOWN,FMOD0022,False
Q11A0157,MU_U3,1,Q11A0157_N07,IMAGE,UNKNOWN,UNKNOWN,True
Q11A0158,MU_U3,1,Q11A0158_N01,CODE_BINARY,UNKNOWN,UNKNOWN,True
Q11A0158,MU_U3,1,Q11A0158_N02,CODE_BINARY,UNKNOWN,UNKNOWN,True
Q11A0158,MU_U3,1,Q11A0158_N03,CODE_BINARY,UNKNOWN,UNKNOWN,True
Q11A0158,MU_U3,1,Q11A0158_N04,CODE_BINARY,UNKNOWN,UNKNOWN,True
Q11A0158,MU_U3,1,Q11A0158_N05,CODE_BINARY,UNKNOWN,UNKNOWN,True
Q11A0158,MU_U3,1,Q11A0158_N06,STRUCTURED,UNKNOWN,UNKNOWN,True
Q11A0158,MU_U3,1,Q11A0158_N07,IMAGE,UNKNOWN,UNKNOWN,True
Q11A0159,MU_U3,1,Q11A0159_N01,CODE_BINARY,UNKNOWN,UNKNOWN,True
Q11A0159,MU_U3,1,Q11A0159_N02,CODE_BINARY,UNKNOWN,FMOD0069,False
Q11A0159,MU_U3,1,Q11A0159_N03,CODE_BINARY,UNKNOWN,UNKNOWN,True
Q11A0159,MU_U3,1,Q11A0159_N04,CODE_BINARY,UNKNOWN,UNKNOWN,True
Q11A0159,MU_U3,1,Q11A0159_N05,CODE_BINARY,UNKNOWN,UNKNOWN,True
Q11A0159,MU_U3,1,Q11A0159_N06,STRUCTURED,UNKNOWN,UNKNOWN,True
Q11A0159,MU_U3,1,Q11A0159_N07,IMAGE,UNKNOWN,UNKNOWN,True
Q11A0160,MU_U3,1,Q11A0160_N01,CODE_BINARY,UNKNOWN,UNKNOWN,True
Q11A0160,MU_U3,1,Q11A0160_N02,CODE_BINARY,UNKNOWN,UNKNOWN,True
Q11A0160,MU_U3,1,Q11A0160_N03,CODE_BINARY,UNKNOWN,UNKNOWN,True
Q11A0160,MU_U3,1,Q11A0160_N04,CODE_BINARY,UNKNOWN,UNKNOWN,True
Q11A0160,MU_U3,1,Q11A0160_N05,CODE_BINARY,UNKNOWN,UNKNOWN,True
Q11A0160,MU_U3,1,Q11A0160_N06,STRUCTURED,UNKNOWN,UNKNOWN,True
Q11A0160,MU_U3,1,Q11A0160_N07,IMAGE,UNKNOWN,UNKNOWN,True
Q11A0161,MU_U3,1,Q11A0161_N01,CODE_BINARY,UNKNOWN,UNKNOWN,True
Q11A0161,MU_U3,1,Q11A0161_N02,CODE_BINARY,UNKNOWN,UNKNOWN,True
Q11A0161,MU_U3,1,Q11A0161_N03,CODE_BINARY,UNKNOWN,UNKNOWN,True
Q11A0161,MU_U3,1,Q11A0161_N04,CODE_BINARY,UNKNOWN,FMOD0023,False
Q11A0161,MU_U3,1,Q11A0161_N05,CODE_BINARY,UNKNOWN,UNKNOWN,True
Q11A0161,MU_U3,1,Q11A0161_N06,STRUCTURED,UNKNOWN,UNKNOWN,True
Q11A0161,MU_U3,1,Q11A0161_N07,IMAGE,UNKNOWN,UNKNOWN,True
Q11A0162,MU_U3,1,Q11A0162_N01,CODE_BINARY,UNKNOWN,UNKNOWN,True
Q11A0162,MU_U3,1,Q11A0162_N02,CODE_BINARY,UNKNOWN,UNKNOWN,True
Q11A0162,MU_U3,1,Q11A0162_N03,CODE_BINARY,UNKNOWN,UNKNOWN,True
Q11A0162,MU_U3,1,Q11A0162_N04,CODE_BINARY,UNKNOWN,UNKNOWN,True
Q11A0162,MU_U3,1,Q11A0162_N05,CODE_BINARY,UNKNOWN,UNKNOWN,True
Q11A0162,MU_U3,1,Q11A0162_N06,STRUCTURED,UNKNOWN,UNKNOWN,True
Q11A0162,MU_U3,1,Q11A0162_N07,IMAGE,UNKNOWN,UNKNOWN,True
Q11A0163,MU_U3,1,Q11A0163_N01,CODE_BINARY,UNKNOWN,UNKNOWN,True
Q11A0163,MU_U3,1,Q11A0163_N02,CODE_BINARY,UNKNOWN,UNKNOWN,True
Q11A0163,MU_U3,1,Q11A0163_N03,CODE_BINARY,UNKNOWN,UNKNOWN,True
Q11A0163,MU_U3,1,Q11A0163_N04,CODE_BINARY,UNKNOWN,FMOD0110,False
Q11A0163,MU_U3,1,Q11A0163_N05,CODE_BINARY,UNKNOWN,UNKNOWN,True
Q11A0163,MU_U3,1,Q11A0163_N06,STRUCTURED,UNKNOWN,UNKNOWN,True
Q11A0163,MU_U3,1,Q11A0163_N07,IMAGE,UNKNOWN,UNKNOWN,True
Q11A0164,MU_U3,1,Q11A0164_N01,CODE_BINARY,UNKNOWN,UNKNOWN,True
Q11A0164,MU_U3,1,Q11A0164_N02,CODE_BINARY,UNKNOWN,UNKNOWN,True
Q11A0164,MU_U3,1,Q11A0164_N03,CODE_BINARY,UNKNOWN,UNKNOWN,True
Q11A0164,MU_U3,1,Q11A0164_N04,CODE_BINARY,UNKNOWN,UNKNOWN,True
Q11A0164,MU_U3,1,Q11A0164_N05,CODE_BINARY,UNKNOWN,UNKNOWN,True
Q11A0164,MU_U3,1,Q11A0164_N06,STRUCTURED,UNKNOWN,FMOD0022,False
Q11A0164,MU_U3,1,Q11A0164_N07,IMAGE,UNKNOWN,UNKNOWN,True
Q11A0165,MU_U3,1,Q11A0165_N01,CODE_BINARY,UNKNOWN,UNKNOWN,True
Q11A0165,MU_U3,1,Q11A0165_N02,CODE_BINARY,UNKNOWN,UNKNOWN,True
Q11A0165,MU_U3,1,Q11A0165_N03,CODE_BINARY,UNKNOWN,UNKNOWN,True
Q11A0165,MU_U3,1,Q11A0165_N04,CODE_BINARY,UNKNOWN,UNKNOWN,True
Q11A0165,MU_U3,1,Q11A0165_N05,CODE_BINARY,UNKNOWN,UNKNOWN,True
Q11A0165,MU_U3,1,Q11A0165_N06,STRUCTURED,UNKNOWN,UNKNOWN,True
Q11A0165,MU_U3,1,Q11A0165_N07,IMAGE,UNKNOWN,UNKNOWN,True
Q11A0166,MU_U3,1,Q11A0166_N01,CODE_BINARY,UNKNOWN,UNKNOWN,True
Q11A0166,MU_U3,1,Q11A0166_N02,CODE_BINARY,UNKNOWN,UNKNOWN,True
Q11A0166,MU_U3,1,Q11A0166_N03,CODE_BINARY,UNKNOWN,UNKNOWN,True
Q11A0166,MU_U3,1,Q11A0166_N04,CODE_BINARY,UNKNOWN,UNKNOWN,True
Q11A0166,MU_U3,1,Q11A0166_N05,CODE_BINARY,UNKNOWN,UNKNOWN,True
Q11A0166,MU_U3,1,Q11A0166_N06,STRUCTURED,UNKNOWN,UNKNOWN,True
Q11A0166,MU_U3,1,Q11A0166_N07,IMAGE,UNKNOWN,UNKNOWN,True
Q11A0167,MU_U3,1,Q11A0167_N01,CODE_BINARY,UNKNOWN,UNKNOWN,True
Q11A0167,MU_U3,1,Q11A0167_N02,CODE_BINARY,UNKNOWN,UNKNOWN,True
Q11A0167,MU_U3,1,Q11A0167_N03,CODE_BINARY,UNKNOWN,UNKNOWN,True
Q11A0167,MU_U3,1,Q11A0167_N04,CODE_BINARY,UNKNOWN,UNKNOWN,True
Q11A0167,MU_U3,1,Q11A0167_N05,CODE_BINARY,UNKNOWN,UNKNOWN,True
Q11A0167,MU_U3,1,Q11A0167_N06,STRUCTURED,UNKNOWN,FMOD0022,False
Q11A0167,MU_U3,1,Q11A0167_N07,IMAGE,UNKNOWN,UNKNOWN,True
Q11A0168,MU_U3,1,Q11A0168_N01,CODE_BINARY,UNKNOWN,UNKNOWN,True
Q11A0168,MU_U3,1,Q11A0168_N02,CODE_BINARY,UNKNOWN,UNKNOWN,True
Q11A0168,MU_U3,1,Q11A0168_N03,CODE_BINARY,UNKNOWN,UNKNOWN,True
Q11A0168,MU_U3,1,Q11A0168_N04,CODE_BINARY,UNKNOWN,UNKNOWN,True
Q11A0168,MU_U3,1,Q11A0168_N05,CODE_BINARY,UNKNOWN,UNKNOWN,True
Q11A0168,MU_U3,1,Q11A0168_N06,STRUCTURED,UNKNOWN,UNKNOWN,True
Q11A0168,MU_U3,1,Q11A0168_N07,IMAGE,UNKNOWN,UNKNOWN,True
Q11A0169,MU_U3,1,Q11A0169_N01,CODE_BINARY,UNKNOWN,UNKNOWN,True
Q11A0169,MU_U3,1,Q11A0169_N02,CODE_BINARY,UNKNOWN,UNKNOWN,True
Q11A0169,MU_U3,1,Q11A0169_N03,CODE_BINARY,UNKNOWN,UNKNOWN,True
Q11A0169,MU_U3,1,Q11A0169_N04,CODE_BINARY,UNKNOWN,UNKNOWN,True
Q11A0169,MU_U3,1,Q11A0169_N05,CODE_BINARY,UNKNOWN,FMOD0069,False
Q11A0169,MU_U3,1,Q11A0169_N06,STRUCTURED,UNKNOWN,UNKNOWN,True
Q11A0169,MU_U3,1,Q11A0169_N07,IMAGE,UNKNOWN,UNKNOWN,True
Q11A0170,MU_U3,1,Q11A0170_N01,CODE_BINARY,UNKNOWN,FMOD0102,False
Q11A0170,MU_U3,1,Q11A0170_N02,CODE_BINARY,UNKNOWN,UNKNOWN,True
Q11A0170,MU_U3,1,Q11A0170_N03,CODE_BINARY,UNKNOWN,UNKNOWN,True
Q11A0170,MU_U3,1,Q11A0170_N04,CODE_BINARY,UNKNOWN,UNKNOWN,True
Q11A0170,MU_U3,1,Q11A0170_N05,CODE_BINARY,UNKNOWN,UNKNOWN,True
Q11A0170,MU_U3,1,Q11A0170_N06,STRUCTURED,UNKNOWN,UNKNOWN,True
Q11A0170,MU_U3,1,Q11A0170_N07,IMAGE,UNKNOWN,UNKNOWN,True
Q11A0171,MU_U3,1,Q11A0171_N01,CODE_BINARY,UNKNOWN,UNKNOWN,True
Q11A0171,MU_U3,1,Q11A0171_N02,CODE_BINARY,UNKNOWN,UNKNOWN,True
Q11A0171,MU_U3,1,Q11A0171_N03,CODE_BINARY,UNKNOWN,UNKNOWN,True
Q11A0171,MU_U3,1,Q11A0171_N04,CODE_BINARY,UNKNOWN,UNKNOWN,True
Q11A0171,MU_U3,1,Q11A0171_N05,CODE_BINARY,UNKNOWN,UNKNOWN,True
Q11A0171,MU_U3,1,Q11A0171_N06,STRUCTURED,UNKNOWN,UNKNOWN,True
Q11A0171,MU_U3,1,Q11A0171_N07,IMAGE,UNKNOWN,UNKNOWN,True
Q11A0172,MU_U3,1,Q11A0172_N01,CODE_BINARY,UNKNOWN,UNKNOWN,True
Q11A0172,MU_U3,1,Q11A0172_N02,CODE_BINARY,UNKNOWN,UNKNOWN,True
Q11A0172,MU_U3,1,Q11A0172_N03,CODE_BINARY,UNKNOWN,UNKNOWN,True
Q11A0172,MU_U3,1,Q11A0172_N04,CODE_BINARY,UNKNOWN,UNKNOWN,True
Q11A0172,MU_U3,1,Q11A0172_N05,CODE_BINARY,UNKNOWN,UNKNOWN,True
Q11A0172,MU_U3,1,Q11A0172_N06,STRUCTURED,UNKNOWN,UNKNOWN,True
Q11A0172,MU_U3,1,Q11A0172_N07,IMAGE,UNKNOWN,UNKNOWN,True
Q11A0173,MU_U3,1,Q11A0173_N01,CODE_BINARY,UNKNOWN,UNKNOWN,True
Q11A0173,MU_U3,1,Q11A0173_N02,CODE_BINARY,UNKNOWN,UNKNOWN,True
Q11A0173,MU_U3,1,Q11A0173_N03,CODE_BINARY,UNKNOWN,UNKNOWN,True
Q11A0173,MU_U3,1,Q11A0173_N04,CODE_BINARY,UNKNOWN,UNKNOWN,True
Q11A0173,MU_U3,1,Q11A0173_N05,CODE_BINARY,UNKNOWN,UNKNOWN,True
Q11A0173,MU_U3,1,Q11A0173_N06,STRUCTURED,UNKNOWN,UNKNOWN,True
Q11A0173,MU_U3,1,Q11A0173_N07,IMAGE,UNKNOWN,UNKNOWN,True
Q11A0174,MU_U3,1,Q11A0174_N01,CODE_BINARY,UNKNOWN,UNKNOWN,True
Q11A0174,MU_U3,1,Q11A0174_N02,CODE_BINARY,UNKNOWN,UNKNOWN,True
Q11A0174,MU_U3,1,Q11A0174_N03,CODE_BINARY,UNKNOWN,UNKNOWN,True
Q11A0174,MU_U3,1,Q11A0174_N04,CODE_BINARY,UNKNOWN,UNKNOWN,True
Q11A0174,MU_U3,1,Q11A0174_N05,CODE_BINARY,UNKNOWN,UNKNOWN,True
Q11A0174,MU_U3,1,Q11A0174_N06,STRUCTURED,UNKNOWN,UNKNOWN,True
Q11A0174,MU_U3,1,Q11A0174_N07,IMAGE,UNKNOWN,UNKNOWN,True
Q11A0175,MU_U3,1,Q11A0175_N01,CODE_BINARY,UNKNOWN,UNKNOWN,True
Q11A0175,MU_U3,1,Q11A0175_N02,CODE_BINARY,UNKNOWN,UNKNOWN,True
Q11A0175,MU_U3,1,Q11A0175_N03,CODE_BINARY,UNKNOWN,UNKNOWN,True
Q11A0175,MU_U3,1,Q11A0175_N04,CODE_BINARY,UNKNOWN,UNKNOWN,True
Q11A0175,MU_U3,1,Q11A0175_N05,CODE_BINARY,UNKNOWN,UNKNOWN,True
Q11A0175,MU_U3,1,Q11A0175_N06,STRUCTURED,UNKNOWN,UNKNOWN,True
Q11A0175,MU_U3,1,Q11A0175_N07,IMAGE,UNKNOWN,UNKNOWN,True
Q11A0176,MU_U3,1,Q11A0176_N01,CODE_BINARY,UNKNOWN,UNKNOWN,True
Q11A0176,MU_U3,1,Q11A0176_N02,CODE_BINARY,UNKNOWN,UNKNOWN,True
Q11A0176,MU_U3,1,Q11A0176_N03,CODE_BINARY,UNKNOWN,UNKNOWN,True
Q11A0176,MU_U3,1,Q11A0176_N04,CODE_BINARY,UNKNOWN,UNKNOWN,True
Q11A0176,MU_U3,1,Q11A0176_N05,CODE_BINARY,UNKNOWN,UNKNOWN,True
Q11A0176,MU_U3,1,Q11A0176_N06,STRUCTURED,UNKNOWN,UNKNOWN,True
Q11A0176,MU_U3,1,Q11A0176_N07,IMAGE,UNKNOWN,UNKNOWN,True
Q11A0177,MU_U3,1,Q11A0177_N01,CODE_BINARY,UNKNOWN,UNKNOWN,True
Q11A0177,MU_U3,1,Q11A0177_N02,CODE_BINARY,UNKNOWN,UNKNOWN,True
Q11A0177,MU_U3,1,Q11A0177_N03,CODE_BINARY,UNKNOWN,FMOD0102,False
Q11A0177,MU_U3,1,Q11A0177_N04,CODE_BINARY,UNKNOWN,UNKNOWN,True
Q11A0177,MU_U3,1,Q11A0177_N05,CODE_BINARY,UNKNOWN,UNKNOWN,True
Q11A0177,MU_U3,1,Q11A0177_N06,STRUCTURED,UNKNOWN,UNKNOWN,True
Q11A0177,MU_U3,1,Q11A0177_N07,IMAGE,UNKNOWN,UNKNOWN,True
Q11A0178,MU_U3,1,Q11A0178_N01,CODE_BINARY,UNKNOWN,UNKNOWN,True
Q11A0178,MU_U3,1,Q11A0178_N02,CODE_BINARY,UNKNOWN,UNKNOWN,True
Q11A0178,MU_U3,1,Q11A0178_N03,CODE_BINARY,UNKNOWN,FMOD0102,False
Q11A0178,MU_U3,1,Q11A0178_N04,CODE_BINARY,UNKNOWN,UNKNOWN,True
Q11A0178,MU_U3,1,Q11A0178_N05,CODE_BINARY,UNKNOWN,UNKNOWN,True
Q11A0178,MU_U3,1,Q11A0178_N06,STRUCTURED,UNKNOWN,UNKNOWN,True
Q11A0178,MU_U3,1,Q11A0178_N07,IMAGE,UNKNOWN,UNKNOWN,True
Q11A0179,MU_U3,1,Q11A0179_N01,CODE_BINARY,UNKNOWN,UNKNOWN,True
Q11A0179,MU_U3,1,Q11A0179_N02,CODE_BINARY,UNKNOWN,UNKNOWN,True
Q11A0179,MU_U3,1,Q11A0179_N03,CODE_BINARY,UNKNOWN,UNKNOWN,True
Q11A0179,MU_U3,1,Q11A0179_N04,CODE_BINARY,UNKNOWN,UNKNOWN,True
Q11A0179,MU_U3,1,Q11A0179_N05,CODE_BINARY,UNKNOWN,UNKNOWN,True
Q11A0179,MU_U3,1,Q11A0179_N06,STRUCTURED,UNKNOWN,UNKNOWN,True
Q11A0179,MU_U3,1,Q11A0179_N07,IMAGE,UNKNOWN,FMOD0023,False
Q11A0180,MU_U3,1,Q11A0180_N01,CODE_BINARY,UNKNOWN,UNKNOWN,True
Q11A0180,MU_U3,1,Q11A0180_N02,CODE_BINARY,UNKNOWN,UNKNOWN,True
Q11A0180,MU_U3,1,Q11A0180_N03,CODE_BINARY,UNKNOWN,UNKNOWN,True
Q11A0180,MU_U3,1,Q11A0180_N04,CODE_BINARY,UNKNOWN,UNKNOWN,True
Q11A0180,MU_U3,1,Q11A0180_N05,CODE_BINARY,UNKNOWN,UNKNOWN,True
Q11A0180,MU_U3,1,Q11A0180_N06,STRUCTURED,UNKNOWN,UNKNOWN,True
Q11A0180,MU_U3,1,Q11A0180_N07,IMAGE,UNKNOWN,UNKNOWN,True
