query_id,parent_set_match,candidate_top10_match,selected_subset_match,k_match,component_matches,components_expected,full_match
Q6K00181,True,True,True,True,7,7,True
Q6K00182,True,True,True,True,7,7,True
Q6K00183,True,True,True,True,7,7,True
Q6K00184,True,True,True,True,7,7,True
Q6K00185,True,True,True,True,7,7,True
Q6K00186,True,True,True,True,7,7,True
Q6K00187,True,True,True,True,7,7,True
Q6K00188,True,True,True,True,7,7,True
Q6K00189,True,True,True,True,7,7,True
Q6K00190,True,True,True,True,7,7,True
Q6K00191,True,True,True,True,7,7,True
Q6K00192,True,True,True,True,7,7,True
Q6K00193,True,True,True,True,7,7,True
Q6K00194,True,True,True,True,7,7,True
Q6K00195,True,True,True,True,7,7,True
Q6K00196,True,True,True,True,7,7,True
Q6K00197,True,True,True,True,7,7,True
Q6K00198,True,True,True,True,7,7,True
Q6K00199,True,True,True,True,7,7,True
Q6K00200,True,True,True,True,7,7,True
Q6K00201,True,True,True,True,7,7,True
Q6K00202,True,True,True,True,7,7,True
Q6K00203,True,True,True,True,7,7,True
Q6K00204,True,True,True,True,7,7,True
Q6K00205,True,True,True,True,7,7,True
Q6K00206,True,True,True,True,7,7,True
Q6K00207,True,True,True,True,7,7,True
Q6K00208,True,True,True,True,7,7,True
Q6K00209,True,True,True,True,7,7,True
Q6K00210,True,True,True,True,7,7,True
Q6K00211,True,True,True,True,7,7,True
Q6K00212,True,True,True,True,7,7,True
Q6K00213,True,True,True,True,7,7,True
Q6K00214,True,True,True,True,7,7,True
Q6K00215,True,True,True,True,7,7,True
Q6K00216,True,True,True,True,7,7,True
Q6K00217,True,True,True,True,7,7,True
Q6K00218,True,True,True,True,7,7,True
Q6K00219,True,True,True,True,7,7,True
Q6K00220,True,True,True,True,7,7,True
Q6K00221,True,True,True,True,7,7,True
Q6K00222,True,True,True,True,7,7,True
Q6K00223,True,True,True,True,7,7,True
Q6K00224,True,True,True,True,7,7,True
Q6K00225,True,True,True,True,7,7,True
Q6K00226,True,True,True,True,7,7,True
Q6K00227,True,True,True,True,7,7,True
Q6K00228,True,True,True,True,7,7,True
Q6K00229,True,True,True,True,7,7,True
Q6K00230,True,True,True,True,7,7,True
Q6K00231,True,True,True,True,7,7,True
Q6K00232,True,True,True,True,7,7,True
Q6K00233,True,True,True,True,7,7,True
Q6K00234,True,True,True,True,7,7,True
Q6K00235,True,True,True,True,7,7,True
Q6K00236,True,True,True,True,7,7,True
Q6K00237,True,True,True,True,7,7,True
Q6K00238,True,True,True,True,7,7,True
Q6K00239,True,True,True,True,7,7,True
Q6K00240,True,True,True,True,7,7,True
Q6K00241,True,True,True,True,7,7,True
Q6K00242,True,True,True,True,7,7,True
Q6K00243,True,True,True,True,7,7,True
Q6K00244,True,True,True,True,7,7,True
Q6K00245,True,True,True,True,7,7,True
Q6K00246,True,True,True,True,7,7,True
Q6K00247,True,True,True,True,7,7,True
Q6K00248,True,True,True,True,7,7,True
Q6K00249,True,True,True,True,7,7,True
Q6K00250,True,True,True,True,7,7,True
Q6K00251,True,True,True,True,7,7,True
Q6K00252,True,True,True,True,7,7,True
Q6K00253,True,True,True,True,7,7,True
Q6K00254,True,True,True,True,7,7,True
Q6K00255,True,True,True,True,7,7,True
Q6K00256,True,True,True,True,7,7,True
Q6K00257,True,True,True,True,7,7,True
Q6K00258,True,True,True,True,7,7,True
Q6K00259,True,True,True,True,7,7,True
Q6K00260,True,True,True,True,7,7,True
Q6K00261,True,True,True,True,7,7,True
Q6K00262,True,True,True,True,7,7,True
Q6K00263,True,True,True,True,7,7,True
Q6K00264,True,True,True,True,7,7,True
Q6K00265,True,True,True,True,7,7,True
Q6K00266,True,True,True,True,7,7,True
Q6K00267,True,True,True,True,7,7,True
Q6K00268,True,True,True,True,7,7,True
Q6K00269,True,True,True,True,7,7,True
Q6K00270,True,True,True,True,7,7,True
Q6K00271,True,True,True,True,7,7,True
Q6K00272,True,True,True,True,7,7,True
Q6K00273,True,True,True,True,7,7,True
Q6K00274,True,True,True,True,7,7,True
Q6K00275,True,True,True,True,7,7,True
Q6K00276,True,True,True,True,7,7,True
Q6K00277,True,True,True,True,7,7,True
Q6K00278,True,True,True,True,7,7,True
Q6K00279,True,True,True,True,7,7,True
Q6K00280,True,True,True,True,7,7,True
Q6K00281,True,True,True,True,7,7,True
Q6K00282,True,True,True,True,7,7,True
Q6K00283,True,True,True,True,7,7,True
Q6K00284,True,True,True,True,7,7,True
Q6K00285,True,True,True,True,7,7,True
Q6K00286,True,True,True,True,7,7,True
Q6K00287,True,True,True,True,7,7,True
Q6K00288,True,True,True,True,7,7,True
Q6K00289,True,True,True,True,7,7,True
Q6K00290,True,True,True,True,7,7,True
Q6K00291,True,True,True,True,7,7,True
Q6K00292,True,True,True,True,7,7,True
Q6K00293,True,True,True,True,7,7,True
Q6K00294,True,True,True,True,7,7,True
Q6K00295,True,True,True,True,7,7,True
Q6K00296,True,True,True,True,7,7,True
Q6K00297,True,True,True,True,7,7,True
Q6K00298,True,True,True,True,7,7,True
Q6K00299,True,True,True,True,7,7,True
Q6K00300,True,True,True,True,7,7,True
Q6K00301,True,True,True,True,7,7,True
Q6K00302,True,True,True,True,7,7,True
Q6K00303,True,True,True,True,7,7,True
Q6K00304,True,True,True,True,7,7,True
Q6K00305,True,True,True,True,7,7,True
Q6K00306,True,True,True,True,7,7,True
Q6K00307,True,True,True,True,7,7,True
Q6K00308,True,True,True,True,7,7,True
Q6K00309,True,True,True,True,7,7,True
Q6K00310,True,True,True,True,7,7,True
Q6K00311,True,True,True,True,7,7,True
Q6K00312,True,True,True,True,7,7,True
Q6K00313,True,True,True,True,7,7,True
Q6K00314,True,True,True,True,7,7,True
Q6K00315,True,True,True,True,7,7,True
Q6K00316,True,True,True,True,7,7,True
Q6K00317,True,True,True,True,7,7,True
Q6K00318,True,True,True,True,7,7,True
Q6K00319,True,True,True,True,7,7,True
Q6K00320,True,True,True,True,7,7,True
Q6K00321,True,True,True,True,7,7,True
Q6K00322,True,True,True,True,7,7,True
Q6K00323,True,True,True,True,7,7,True
Q6K00324,True,True,True,True,7,7,True
Q6K00325,True,True,True,True,7,7,True
Q6K00326,True,True,True,True,7,7,True
Q6K00327,True,True,True,True,7,7,True
Q6K00328,True,True,True,True,7,7,True
Q6K00329,True,True,True,True,7,7,True
Q6K00330,True,True,True,True,7,7,True
Q6K00331,True,True,True,True,7,7,True
Q6K00332,True,True,True,True,7,7,True
Q6K00333,True,True,True,True,7,7,True
Q6K00334,True,True,True,True,7,7,True
Q6K00335,True,True,True,True,7,7,True
Q6K00336,True,True,True,True,7,7,True
Q6K00337,True,True,True,True,7,7,True
Q6K00338,True,True,True,True,7,7,True
Q6K00339,True,True,True,True,7,7,True
Q6K00340,True,True,True,True,7,7,True
Q6K00341,True,True,True,True,7,7,True
Q6K00342,True,True,True,True,7,7,True
Q6K00343,True,True,True,True,7,7,True
Q6K00344,True,True,True,True,7,7,True
Q6K00345,True,True,True,True,7,7,True
Q6K00346,True,True,True,True,7,7,True
Q6K00347,True,True,True,True,7,7,True
Q6K00348,True,True,True,True,7,7,True
Q6K00349,True,True,True,True,7,7,True
Q6K00350,True,True,True,True,7,7,True
Q6K00351,True,True,True,True,7,7,True
Q6K00352,True,True,True,True,7,7,True
Q6K00353,True,True,True,True,7,7,True
Q6K00354,True,True,True,True,7,7,True
Q6K00355,True,True,True,True,7,7,True
Q6K00356,True,True,True,True,7,7,True
Q6K00357,True,True,True,True,7,7,True
Q6K00358,True,True,True,True,7,7,True
Q6K00359,True,True,True,True,7,7,True
Q6K00360,True,True,True,True,7,7,True
Q6K00361,True,True,True,True,7,7,True
Q6K00362,True,True,True,True,7,7,True
Q6K00363,True,True,True,True,7,7,True
Q6K00364,True,True,True,True,7,7,True
Q6K00365,True,True,True,True,7,7,True
Q6K00366,True,True,True,True,7,7,True
Q6K00367,True,True,True,True,7,7,True
Q6K00368,True,True,True,True,7,7,True
Q6K00369,True,True,True,True,7,7,True
Q6K00370,True,True,True,True,7,7,True
Q6K00371,True,True,True,True,7,7,True
Q6K00372,True,True,True,True,7,7,True
Q6K00373,True,True,True,True,7,7,True
Q6K00374,True,True,True,True,7,7,True
Q6K00375,True,True,True,True,7,7,True
Q6K00376,True,True,True,True,7,7,True
Q6K00377,True,True,True,True,7,7,True
Q6K00378,True,True,True,True,7,7,True
Q6K00379,True,True,True,True,7,7,True
Q6K00380,True,True,True,True,7,7,True
Q6K00381,True,True,True,True,7,7,True
Q6K00382,True,True,True,True,7,7,True
Q6K00383,True,True,True,True,7,7,True
Q6K00384,True,True,True,True,7,7,True
Q6K00385,True,True,True,True,7,7,True
Q6K00386,True,True,True,True,7,7,True
Q6K00387,True,True,True,True,7,7,True
Q6K00388,True,True,True,True,7,7,True
Q6K00389,True,True,True,True,7,7,True
Q6K00390,True,True,True,True,7,7,True
Q6K00391,True,True,True,True,7,7,True
Q6K00392,True,True,True,True,7,7,True
Q6K00393,True,True,True,True,7,7,True
Q6K00394,True,True,True,True,7,7,True
Q6K00395,True,True,True,True,7,7,True
Q6K00396,True,True,True,True,7,7,True
Q6K00397,True,True,True,True,7,7,True
Q6K00398,True,True,True,True,7,7,True
Q6K00399,True,True,True,True,7,7,True
Q6K00400,True,True,True,True,7,7,True
Q6K00401,True,True,True,True,7,7,True
Q6K00402,True,True,True,True,7,7,True
Q6K00403,True,True,True,True,7,7,True
Q6K00404,True,True,True,True,7,7,True
Q6K00405,True,True,True,True,7,7,True
Q6K00406,True,True,True,True,7,7,True
Q6K00407,True,True,True,True,7,7,True
Q6K00408,True,True,True,True,7,7,True
Q6K00409,True,True,True,True,7,7,True
Q6K00410,True,True,True,True,7,7,True
Q6K00411,True,True,True,True,7,7,True
Q6K00412,True,True,True,True,7,7,True
Q6K00413,True,True,True,True,7,7,True
Q6K00414,True,True,True,True,7,7,True
Q6K00415,True,True,True,True,7,7,True
Q6K00416,True,True,True,True,7,7,True
Q6K00417,True,True,True,True,7,7,True
Q6K00418,True,True,True,True,7,7,True
Q6K00419,True,True,True,True,7,7,True
Q6K00420,True,True,True,True,7,7,True
Q6K00421,True,True,True,True,7,7,True
Q6K00422,True,True,True,True,7,7,True
Q6K00423,True,True,True,True,7,7,True
Q6K00424,True,True,True,True,7,7,True
Q6K00425,True,True,True,True,7,7,True
Q6K00426,True,True,True,True,7,7,True
Q6K00427,True,True,True,True,7,7,True
Q6K00428,True,True,True,True,7,7,True
Q6K00429,True,True,True,True,7,7,True
Q6K00430,True,True,True,True,7,7,True
Q6K00431,True,True,True,True,7,7,True
Q6K00432,True,True,True,True,7,7,True
Q6K00433,True,True,True,True,7,7,True
Q6K00434,True,True,True,True,7,7,True
Q6K00435,True,True,True,True,7,7,True
Q6K00436,True,True,True,True,7,7,True
Q6K00437,True,True,True,True,7,7,True
Q6K00438,True,True,True,True,7,7,True
Q6K00439,True,True,True,True,7,7,True
Q6K00440,True,True,True,True,7,7,True
Q6K00441,True,True,True,True,7,7,True
Q6K00442,True,True,True,True,7,7,True
Q6K00443,True,True,True,True,7,7,True
Q6K00444,True,True,True,True,7,7,True
Q6K00445,True,True,True,True,7,7,True
Q6K00446,True,True,True,True,7,7,True
Q6K00447,True,True,True,True,7,7,True
Q6K00448,True,True,True,True,7,7,True
Q6K00449,True,True,True,True,7,7,True
Q6K00450,True,True,True,True,7,7,True
Q6K00451,True,True,True,True,7,7,True
Q6K00452,True,True,True,True,7,7,True
Q6K00453,True,True,True,True,7,7,True
Q6K00454,True,True,True,True,7,7,True
Q6K00455,True,True,True,True,7,7,True
Q6K00456,True,True,True,True,7,7,True
Q6K00457,True,True,True,True,7,7,True
Q6K00458,True,True,True,True,7,7,True
Q6K00459,True,True,True,True,7,7,True
Q6K00460,True,True,True,True,7,7,True
Q6K00461,True,True,True,True,7,7,True
Q6K00462,True,True,True,True,7,7,True
Q6K00463,True,True,True,True,7,7,True
Q6K00464,True,True,True,True,7,7,True
Q6K00465,True,True,True,True,7,7,True
Q6K00466,True,True,True,True,7,7,True
Q6K00467,True,True,True,True,7,7,True
Q6K00468,True,True,True,True,7,7,True
Q6K00469,True,True,True,True,7,7,True
Q6K00470,True,True,True,True,7,7,True
Q6K00471,True,True,True,True,7,7,True
Q6K00472,True,True,True,True,7,7,True
Q6K00473,True,True,True,True,7,7,True
Q6K00474,True,True,True,True,7,7,True
Q6K00475,True,True,True,True,7,7,True
Q6K00476,True,True,True,True,7,7,True
Q6K00477,True,True,True,True,7,7,True
Q6K00478,True,True,True,True,7,7,True
Q6K00479,True,True,True,True,7,7,True
Q6K00480,True,True,True,True,7,7,True
Q6K00481,True,True,True,True,7,7,True
Q6K00482,True,True,True,True,7,7,True
Q6K00483,True,True,True,True,7,7,True
Q6K00484,True,True,True,True,7,7,True
Q6K00485,True,True,True,True,7,7,True
Q6K00486,True,True,True,True,7,7,True
Q6K00487,True,True,True,True,7,7,True
Q6K00488,True,True,True,True,7,7,True
Q6K00489,True,True,True,True,7,7,True
Q6K00490,True,True,True,True,7,7,True
Q6K00491,True,True,True,True,7,7,True
Q6K00492,True,True,True,True,7,7,True
Q6K00493,True,True,True,True,7,7,True
Q6K00494,True,True,True,True,7,7,True
Q6K00495,True,True,True,True,7,7,True
Q6K00496,True,True,True,True,7,7,True
Q6K00497,True,True,True,True,7,7,True
Q6K00498,True,True,True,True,7,7,True
Q6K00499,True,True,True,True,7,7,True
Q6K00500,True,True,True,True,7,7,True
Q6K00501,True,True,True,True,7,7,True
Q6K00502,True,True,True,True,7,7,True
Q6K00503,True,True,True,True,7,7,True
Q6K00504,True,True,True,True,7,7,True
Q6K00505,True,True,True,True,7,7,True
Q6K00506,True,True,True,True,7,7,True
Q6K00507,True,True,True,True,7,7,True
Q6K00508,True,True,True,True,7,7,True
Q6K00509,True,True,True,True,7,7,True
Q6K00510,True,True,True,True,7,7,True
Q6K00511,True,True,True,True,7,7,True
Q6K00512,True,True,True,True,7,7,True
Q6K00513,True,True,True,True,7,7,True
Q6K00514,True,True,True,True,7,7,True
Q6K00515,True,True,True,True,7,7,True
Q6K00516,True,True,True,True,7,7,True
Q6K00517,True,True,True,True,7,7,True
Q6K00518,True,True,True,True,7,7,True
Q6K00519,True,True,True,True,7,7,True
Q6K00520,True,True,True,True,7,7,True
Q6K00521,True,True,True,True,7,7,True
Q6K00522,True,True,True,True,7,7,True
Q6K00523,True,True,True,True,7,7,True
Q6K00524,True,True,True,True,7,7,True
Q6K00525,True,True,True,True,7,7,True
Q6K00526,True,True,True,True,7,7,True
Q6K00527,True,True,True,True,7,7,True
Q6K00528,True,True,True,True,7,7,True
Q6K00529,True,True,True,True,7,7,True
Q6K00530,True,True,True,True,7,7,True
Q6K00531,True,True,True,True,7,7,True
Q6K00532,True,True,True,True,7,7,True
Q6K00533,True,True,True,True,7,7,True
Q6K00534,True,True,True,True,7,7,True
Q6K00535,True,True,True,True,7,7,True
Q6K00536,True,True,True,True,7,7,True
Q6K00537,True,True,True,True,7,7,True
Q6K00538,True,True,True,True,7,7,True
Q6K00539,True,True,True,True,7,7,True
Q6K00540,True,True,True,True,7,7,True
