query_id,node_id,modality,original_source_parent,pseudo_ground_truth_label,is_pseudo_unknown
Q6K00001,Q6K00001_N01,IMAGE,FMOD0065,UNKNOWN,True
Q6K00001,Q6K00001_N02,STRUCTURED,FMOD0065,UNKNOWN,True
Q6K00001,Q6K00001_N03,CODE_BINARY,FMOD0065,UNKNOWN,True
Q6K00001,Q6K00001_N04,CODE_BINARY,FMOD0065,UNKNOWN,True
Q6K00001,Q6K00001_N05,CODE_BINARY,FMOD0065,UNKNOWN,True
Q6K00001,Q6K00001_N06,CODE_BINARY,FMOD0065,UNKNOWN,True
Q6K00001,Q6K00001_N07,CODE_BINARY,FMOD0065,UNKNOWN,True
Q6K00002,Q6K00002_N01,IMAGE,FMOD0101,UNKNOWN,True
Q6K00002,Q6K00002_N02,CODE_BINARY,FMOD0101,UNKNOWN,True
Q6K00002,Q6K00002_N03,CODE_BINARY,FMOD0101,UNKNOWN,True
Q6K00002,Q6K00002_N04,CODE_BINARY,FMOD0101,UNKNOWN,True
Q6K00002,Q6K00002_N05,STRUCTURED,FMOD0101,UNKNOWN,True
Q6K00002,Q6K00002_N06,CODE_BINARY,FMOD0101,UNKNOWN,True
Q6K00002,Q6K00002_N07,CODE_BINARY,FMOD0101,UNKNOWN,True
Q6K00003,Q6K00003_N01,CODE_BINARY,FMOD0058,UNKNOWN,True
Q6K00003,Q6K00003_N02,CODE_BINARY,FMOD0058,UNKNOWN,True
Q6K00003,Q6K00003_N03,IMAGE,FMOD0058,UNKNOWN,True
Q6K00003,Q6K00003_N04,CODE_BINARY,FMOD0058,UNKNOWN,True
Q6K00003,Q6K00003_N05,STRUCTURED,FMOD0058,UNKNOWN,True
Q6K00003,Q6K00003_N06,CODE_BINARY,FMOD0058,UNKNOWN,True
Q6K00003,Q6K00003_N07,CODE_BINARY,FMOD0058,UNKNOWN,True
Q6K00004,Q6K00004_N01,CODE_BINARY,FMOD0082,UNKNOWN,True
Q6K00004,Q6K00004_N02,CODE_BINARY,FMOD0082,UNKNOWN,True
Q6K00004,Q6K00004_N03,CODE_BINARY,FMOD0082,UNKNOWN,True
Q6K00004,Q6K00004_N04,IMAGE,FMOD0082,UNKNOWN,True
Q6K00004,Q6K00004_N05,CODE_BINARY,FMOD0082,UNKNOWN,True
Q6K00004,Q6K00004_N06,STRUCTURED,FMOD0082,UNKNOWN,True
Q6K00004,Q6K00004_N07,CODE_BINARY,FMOD0082,UNKNOWN,True
Q6K00005,Q6K00005_N01,CODE_BINARY,FMOD0020,UNKNOWN,True
Q6K00005,Q6K00005_N02,IMAGE,FMOD0020,UNKNOWN,True
Q6K00005,Q6K00005_N03,CODE_BINARY,FMOD0020,UNKNOWN,True
Q6K00005,Q6K00005_N04,CODE_BINARY,FMOD0020,UNKNOWN,True
Q6K00005,Q6K00005_N05,STRUCTURED,FMOD0020,UNKNOWN,True
Q6K00005,Q6K00005_N06,CODE_BINARY,FMOD0020,UNKNOWN,True
Q6K00005,Q6K00005_N07,CODE_BINARY,FMOD0020,UNKNOWN,True
Q6K00006,Q6K00006_N01,CODE_BINARY,FMOD0081,UNKNOWN,True
Q6K00006,Q6K00006_N02,CODE_BINARY,FMOD0081,UNKNOWN,True
Q6K00006,Q6K00006_N03,CODE_BINARY,FMOD0081,UNKNOWN,True
Q6K00006,Q6K00006_N04,CODE_BINARY,FMOD0081,UNKNOWN,True
Q6K00006,Q6K00006_N05,IMAGE,FMOD0081,UNKNOWN,True
Q6K00006,Q6K00006_N06,CODE_BINARY,FMOD0081,UNKNOWN,True
Q6K00006,Q6K00006_N07,STRUCTURED,FMOD0081,UNKNOWN,True
Q6K00007,Q6K00007_N01,CODE_BINARY,FMOD0030,UNKNOWN,True
Q6K00007,Q6K00007_N02,IMAGE,FMOD0030,UNKNOWN,True
Q6K00007,Q6K00007_N03,CODE_BINARY,FMOD0030,UNKNOWN,True
Q6K00007,Q6K00007_N04,CODE_BINARY,FMOD0030,UNKNOWN,True
Q6K00007,Q6K00007_N05,STRUCTURED,FMOD0030,UNKNOWN,True
Q6K00007,Q6K00007_N06,CODE_BINARY,FMOD0030,UNKNOWN,True
Q6K00007,Q6K00007_N07,CODE_BINARY,FMOD0030,UNKNOWN,True
Q6K00008,Q6K00008_N01,IMAGE,FMOD0056,UNKNOWN,True
Q6K00008,Q6K00008_N02,CODE_BINARY,FMOD0056,UNKNOWN,True
Q6K00008,Q6K00008_N03,STRUCTURED,FMOD0056,UNKNOWN,True
Q6K00008,Q6K00008_N04,CODE_BINARY,FMOD0056,UNKNOWN,True
Q6K00008,Q6K00008_N05,CODE_BINARY,FMOD0056,UNKNOWN,True
Q6K00008,Q6K00008_N06,CODE_BINARY,FMOD0056,UNKNOWN,True
Q6K00008,Q6K00008_N07,CODE_BINARY,FMOD0056,UNKNOWN,True
Q6K00009,Q6K00009_N01,CODE_BINARY,FMOD0034,UNKNOWN,True
Q6K00009,Q6K00009_N02,CODE_BINARY,FMOD0034,UNKNOWN,True
Q6K00009,Q6K00009_N03,IMAGE,FMOD0034,UNKNOWN,True
Q6K00009,Q6K00009_N04,CODE_BINARY,FMOD0034,UNKNOWN,True
Q6K00009,Q6K00009_N05,CODE_BINARY,FMOD0034,UNKNOWN,True
Q6K00009,Q6K00009_N06,STRUCTURED,FMOD0034,UNKNOWN,True
Q6K00009,Q6K00009_N07,CODE_BINARY,FMOD0034,UNKNOWN,True
Q6K00010,Q6K00010_N01,CODE_BINARY,FMOD0020,UNKNOWN,True
Q6K00010,Q6K00010_N02,CODE_BINARY,FMOD0020,UNKNOWN,True
Q6K00010,Q6K00010_N03,CODE_BINARY,FMOD0020,UNKNOWN,True
Q6K00010,Q6K00010_N04,STRUCTURED,FMOD0020,UNKNOWN,True
Q6K00010,Q6K00010_N05,IMAGE,FMOD0020,UNKNOWN,True
Q6K00010,Q6K00010_N06,CODE_BINARY,FMOD0020,UNKNOWN,True
Q6K00010,Q6K00010_N07,CODE_BINARY,FMOD0020,UNKNOWN,True
Q6K00011,Q6K00011_N01,CODE_BINARY,FMOD0041,UNKNOWN,True
Q6K00011,Q6K00011_N02,IMAGE,FMOD0041,UNKNOWN,True
Q6K00011,Q6K00011_N03,CODE_BINARY,FMOD0041,UNKNOWN,True
Q6K00011,Q6K00011_N04,CODE_BINARY,FMOD0041,UNKNOWN,True
Q6K00011,Q6K00011_N05,CODE_BINARY,FMOD0041,UNKNOWN,True
Q6K00011,Q6K00011_N06,CODE_BINARY,FMOD0041,UNKNOWN,True
Q6K00011,Q6K00011_N07,STRUCTURED,FMOD0041,UNKNOWN,True
Q6K00012,Q6K00012_N01,CODE_BINARY,FMOD0045,UNKNOWN,True
Q6K00012,Q6K00012_N02,CODE_BINARY,FMOD0045,UNKNOWN,True
Q6K00012,Q6K00012_N03,CODE_BINARY,FMOD0045,UNKNOWN,True
Q6K00012,Q6K00012_N04,CODE_BINARY,FMOD0045,UNKNOWN,True
Q6K00012,Q6K00012_N05,STRUCTURED,FMOD0045,UNKNOWN,True
Q6K00012,Q6K00012_N06,CODE_BINARY,FMOD0045,UNKNOWN,True
Q6K00012,Q6K00012_N07,IMAGE,FMOD0045,UNKNOWN,True
Q6K00013,Q6K00013_N01,CODE_BINARY,FMOD0097,UNKNOWN,True
Q6K00013,Q6K00013_N02,CODE_BINARY,FMOD0097,UNKNOWN,True
Q6K00013,Q6K00013_N03,STRUCTURED,FMOD0097,UNKNOWN,True
Q6K00013,Q6K00013_N04,CODE_BINARY,FMOD0097,UNKNOWN,True
Q6K00013,Q6K00013_N05,CODE_BINARY,FMOD0097,UNKNOWN,True
Q6K00013,Q6K00013_N06,IMAGE,FMOD0097,UNKNOWN,True
Q6K00013,Q6K00013_N07,CODE_BINARY,FMOD0097,UNKNOWN,True
Q6K00014,Q6K00014_N01,STRUCTURED,FMOD0081,UNKNOWN,True
Q6K00014,Q6K00014_N02,IMAGE,FMOD0081,UNKNOWN,True
Q6K00014,Q6K00014_N03,CODE_BINARY,FMOD0081,UNKNOWN,True
Q6K00014,Q6K00014_N04,CODE_BINARY,FMOD0081,UNKNOWN,True
Q6K00014,Q6K00014_N05,CODE_BINARY,FMOD0081,UNKNOWN,True
Q6K00014,Q6K00014_N06,CODE_BINARY,FMOD0081,UNKNOWN,True
Q6K00014,Q6K00014_N07,CODE_BINARY,FMOD0081,UNKNOWN,True
Q6K00015,Q6K00015_N01,CODE_BINARY,FMOD0039,UNKNOWN,True
Q6K00015,Q6K00015_N02,STRUCTURED,FMOD0039,UNKNOWN,True
Q6K00015,Q6K00015_N03,CODE_BINARY,FMOD0039,UNKNOWN,True
Q6K00015,Q6K00015_N04,IMAGE,FMOD0039,UNKNOWN,True
Q6K00015,Q6K00015_N05,CODE_BINARY,FMOD0039,UNKNOWN,True
Q6K00015,Q6K00015_N06,CODE_BINARY,FMOD0039,UNKNOWN,True
Q6K00015,Q6K00015_N07,CODE_BINARY,FMOD0039,UNKNOWN,True
Q6K00016,Q6K00016_N01,CODE_BINARY,FMOD0041,UNKNOWN,True
Q6K00016,Q6K00016_N02,CODE_BINARY,FMOD0041,UNKNOWN,True
Q6K00016,Q6K00016_N03,IMAGE,FMOD0041,UNKNOWN,True
Q6K00016,Q6K00016_N04,CODE_BINARY,FMOD0041,UNKNOWN,True
Q6K00016,Q6K00016_N05,CODE_BINARY,FMOD0041,UNKNOWN,True
Q6K00016,Q6K00016_N06,CODE_BINARY,FMOD0041,UNKNOWN,True
Q6K00016,Q6K00016_N07,STRUCTURED,FMOD0041,UNKNOWN,True
Q6K00017,Q6K00017_N01,CODE_BINARY,FMOD0034,UNKNOWN,True
Q6K00017,Q6K00017_N02,CODE_BINARY,FMOD0034,UNKNOWN,True
Q6K00017,Q6K00017_N03,IMAGE,FMOD0034,UNKNOWN,True
Q6K00017,Q6K00017_N04,CODE_BINARY,FMOD0034,UNKNOWN,True
Q6K00017,Q6K00017_N05,CODE_BINARY,FMOD0034,UNKNOWN,True
Q6K00017,Q6K00017_N06,STRUCTURED,FMOD0034,UNKNOWN,True
Q6K00017,Q6K00017_N07,CODE_BINARY,FMOD0034,UNKNOWN,True
Q6K00018,Q6K00018_N01,CODE_BINARY,FMOD0082,UNKNOWN,True
Q6K00018,Q6K00018_N02,CODE_BINARY,FMOD0082,UNKNOWN,True
Q6K00018,Q6K00018_N03,CODE_BINARY,FMOD0082,UNKNOWN,True
Q6K00018,Q6K00018_N04,CODE_BINARY,FMOD0082,UNKNOWN,True
Q6K00018,Q6K00018_N05,IMAGE,FMOD0082,UNKNOWN,True
Q6K00018,Q6K00018_N06,CODE_BINARY,FMOD0082,UNKNOWN,True
Q6K00018,Q6K00018_N07,STRUCTURED,FMOD0082,UNKNOWN,True
Q6K00019,Q6K00019_N01,CODE_BINARY,FMOD0030,UNKNOWN,True
Q6K00019,Q6K00019_N02,CODE_BINARY,FMOD0030,UNKNOWN,True
Q6K00019,Q6K00019_N03,CODE_BINARY,FMOD0030,UNKNOWN,True
Q6K00019,Q6K00019_N04,CODE_BINARY,FMOD0030,UNKNOWN,True
Q6K00019,Q6K00019_N05,CODE_BINARY,FMOD0030,UNKNOWN,True
Q6K00019,Q6K00019_N06,STRUCTURED,FMOD0030,UNKNOWN,True
Q6K00019,Q6K00019_N07,IMAGE,FMOD0030,UNKNOWN,True
Q6K00020,Q6K00020_N01,CODE_BINARY,FMOD0034,UNKNOWN,True
Q6K00020,Q6K00020_N02,CODE_BINARY,FMOD0034,UNKNOWN,True
Q6K00020,Q6K00020_N03,CODE_BINARY,FMOD0034,UNKNOWN,True
Q6K00020,Q6K00020_N04,CODE_BINARY,FMOD0034,UNKNOWN,True
Q6K00020,Q6K00020_N05,CODE_BINARY,FMOD0034,UNKNOWN,True
Q6K00020,Q6K00020_N06,IMAGE,FMOD0034,UNKNOWN,True
Q6K00020,Q6K00020_N07,STRUCTURED,FMOD0034,UNKNOWN,True
Q6K00021,Q6K00021_N01,CODE_BINARY,FMOD0034,UNKNOWN,True
Q6K00021,Q6K00021_N02,CODE_BINARY,FMOD0034,UNKNOWN,True
Q6K00021,Q6K00021_N03,CODE_BINARY,FMOD0034,UNKNOWN,True
Q6K00021,Q6K00021_N04,CODE_BINARY,FMOD0034,UNKNOWN,True
Q6K00021,Q6K00021_N05,IMAGE,FMOD0034,UNKNOWN,True
Q6K00021,Q6K00021_N06,CODE_BINARY,FMOD0034,UNKNOWN,True
Q6K00021,Q6K00021_N07,STRUCTURED,FMOD0034,UNKNOWN,True
Q6K00022,Q6K00022_N01,CODE_BINARY,FMOD0002,UNKNOWN,True
Q6K00022,Q6K00022_N02,CODE_BINARY,FMOD0002,UNKNOWN,True
Q6K00022,Q6K00022_N03,CODE_BINARY,FMOD0002,UNKNOWN,True
Q6K00022,Q6K00022_N04,CODE_BINARY,FMOD0002,UNKNOWN,True
Q6K00022,Q6K00022_N05,STRUCTURED,FMOD0002,UNKNOWN,True
Q6K00022,Q6K00022_N06,IMAGE,FMOD0002,UNKNOWN,True
Q6K00022,Q6K00022_N07,CODE_BINARY,FMOD0002,UNKNOWN,True
Q6K00023,Q6K00023_N01,CODE_BINARY,FMOD0072,UNKNOWN,True
Q6K00023,Q6K00023_N02,STRUCTURED,FMOD0072,UNKNOWN,True
Q6K00023,Q6K00023_N03,CODE_BINARY,FMOD0072,UNKNOWN,True
Q6K00023,Q6K00023_N04,CODE_BINARY,FMOD0072,UNKNOWN,True
Q6K00023,Q6K00023_N05,CODE_BINARY,FMOD0072,UNKNOWN,True
Q6K00023,Q6K00023_N06,CODE_BINARY,FMOD0072,UNKNOWN,True
Q6K00023,Q6K00023_N07,IMAGE,FMOD0072,UNKNOWN,True
Q6K00024,Q6K00024_N01,IMAGE,FMOD0052,UNKNOWN,True
Q6K00024,Q6K00024_N02,CODE_BINARY,FMOD0052,UNKNOWN,True
Q6K00024,Q6K00024_N03,CODE_BINARY,FMOD0052,UNKNOWN,True
Q6K00024,Q6K00024_N04,CODE_BINARY,FMOD0052,UNKNOWN,True
Q6K00024,Q6K00024_N05,STRUCTURED,FMOD0052,UNKNOWN,True
Q6K00024,Q6K00024_N06,CODE_BINARY,FMOD0052,UNKNOWN,True
Q6K00024,Q6K00024_N07,CODE_BINARY,FMOD0052,UNKNOWN,True
Q6K00025,Q6K00025_N01,CODE_BINARY,FMOD0002,UNKNOWN,True
Q6K00025,Q6K00025_N02,IMAGE,FMOD0002,UNKNOWN,True
Q6K00025,Q6K00025_N03,CODE_BINARY,FMOD0002,UNKNOWN,True
Q6K00025,Q6K00025_N04,CODE_BINARY,FMOD0002,UNKNOWN,True
Q6K00025,Q6K00025_N05,CODE_BINARY,FMOD0002,UNKNOWN,True
Q6K00025,Q6K00025_N06,CODE_BINARY,FMOD0002,UNKNOWN,True
Q6K00025,Q6K00025_N07,STRUCTURED,FMOD0002,UNKNOWN,True
Q6K00026,Q6K00026_N01,CODE_BINARY,FMOD0056,UNKNOWN,True
Q6K00026,Q6K00026_N02,CODE_BINARY,FMOD0056,UNKNOWN,True
Q6K00026,Q6K00026_N03,IMAGE,FMOD0056,UNKNOWN,True
Q6K00026,Q6K00026_N04,CODE_BINARY,FMOD0056,UNKNOWN,True
Q6K00026,Q6K00026_N05,CODE_BINARY,FMOD0056,UNKNOWN,True
Q6K00026,Q6K00026_N06,CODE_BINARY,FMOD0056,UNKNOWN,True
Q6K00026,Q6K00026_N07,STRUCTURED,FMOD0056,UNKNOWN,True
Q6K00027,Q6K00027_N01,CODE_BINARY,FMOD0063,UNKNOWN,True
Q6K00027,Q6K00027_N02,CODE_BINARY,FMOD0063,UNKNOWN,True
Q6K00027,Q6K00027_N03,STRUCTURED,FMOD0063,UNKNOWN,True
Q6K00027,Q6K00027_N04,CODE_BINARY,FMOD0063,UNKNOWN,True
Q6K00027,Q6K00027_N05,CODE_BINARY,FMOD0063,UNKNOWN,True
Q6K00027,Q6K00027_N06,IMAGE,FMOD0063,UNKNOWN,True
Q6K00027,Q6K00027_N07,CODE_BINARY,FMOD0063,UNKNOWN,True
Q6K00028,Q6K00028_N01,CODE_BINARY,FMOD0072,UNKNOWN,True
Q6K00028,Q6K00028_N02,CODE_BINARY,FMOD0072,UNKNOWN,True
Q6K00028,Q6K00028_N03,CODE_BINARY,FMOD0072,UNKNOWN,True
Q6K00028,Q6K00028_N04,CODE_BINARY,FMOD0072,UNKNOWN,True
Q6K00028,Q6K00028_N05,STRUCTURED,FMOD0072,UNKNOWN,True
Q6K00028,Q6K00028_N06,IMAGE,FMOD0072,UNKNOWN,True
Q6K00028,Q6K00028_N07,CODE_BINARY,FMOD0072,UNKNOWN,True
Q6K00029,Q6K00029_N01,CODE_BINARY,FMOD0057,UNKNOWN,True
Q6K00029,Q6K00029_N02,CODE_BINARY,FMOD0057,UNKNOWN,True
Q6K00029,Q6K00029_N03,IMAGE,FMOD0057,UNKNOWN,True
Q6K00029,Q6K00029_N04,STRUCTURED,FMOD0057,UNKNOWN,True
Q6K00029,Q6K00029_N05,CODE_BINARY,FMOD0057,UNKNOWN,True
Q6K00029,Q6K00029_N06,CODE_BINARY,FMOD0057,UNKNOWN,True
Q6K00029,Q6K00029_N07,CODE_BINARY,FMOD0057,UNKNOWN,True
Q6K00030,Q6K00030_N01,CODE_BINARY,FMOD0034,UNKNOWN,True
Q6K00030,Q6K00030_N02,CODE_BINARY,FMOD0034,UNKNOWN,True
Q6K00030,Q6K00030_N03,CODE_BINARY,FMOD0034,UNKNOWN,True
Q6K00030,Q6K00030_N04,CODE_BINARY,FMOD0034,UNKNOWN,True
Q6K00030,Q6K00030_N05,IMAGE,FMOD0034,UNKNOWN,True
Q6K00030,Q6K00030_N06,CODE_BINARY,FMOD0034,UNKNOWN,True
Q6K00030,Q6K00030_N07,STRUCTURED,FMOD0034,UNKNOWN,True
Q6K00031,Q6K00031_N01,CODE_BINARY,FMOD0097,UNKNOWN,True
Q6K00031,Q6K00031_N02,CODE_BINARY,FMOD0097,UNKNOWN,True
Q6K00031,Q6K00031_N03,STRUCTURED,FMOD0097,UNKNOWN,True
Q6K00031,Q6K00031_N04,CODE_BINARY,FMOD0097,UNKNOWN,True
Q6K00031,Q6K00031_N05,CODE_BINARY,FMOD0097,UNKNOWN,True
Q6K00031,Q6K00031_N06,CODE_BINARY,FMOD0097,UNKNOWN,True
Q6K00031,Q6K00031_N07,IMAGE,FMOD0097,UNKNOWN,True
Q6K00032,Q6K00032_N01,CODE_BINARY,FMOD0059,UNKNOWN,True
Q6K00032,Q6K00032_N02,CODE_BINARY,FMOD0059,UNKNOWN,True
Q6K00032,Q6K00032_N03,CODE_BINARY,FMOD0059,UNKNOWN,True
Q6K00032,Q6K00032_N04,CODE_BINARY,FMOD0059,UNKNOWN,True
Q6K00032,Q6K00032_N05,CODE_BINARY,FMOD0059,UNKNOWN,True
Q6K00032,Q6K00032_N06,IMAGE,FMOD0059,UNKNOWN,True
Q6K00032,Q6K00032_N07,STRUCTURED,FMOD0059,UNKNOWN,True
Q6K00033,Q6K00033_N01,CODE_BINARY,FMOD0101,UNKNOWN,True
Q6K00033,Q6K00033_N02,CODE_BINARY,FMOD0101,UNKNOWN,True
Q6K00033,Q6K00033_N03,STRUCTURED,FMOD0101,UNKNOWN,True
Q6K00033,Q6K00033_N04,CODE_BINARY,FMOD0101,UNKNOWN,True
Q6K00033,Q6K00033_N05,IMAGE,FMOD0101,UNKNOWN,True
Q6K00033,Q6K00033_N06,CODE_BINARY,FMOD0101,UNKNOWN,True
Q6K00033,Q6K00033_N07,CODE_BINARY,FMOD0101,UNKNOWN,True
Q6K00034,Q6K00034_N01,IMAGE,FMOD0056,UNKNOWN,True
Q6K00034,Q6K00034_N02,CODE_BINARY,FMOD0056,UNKNOWN,True
Q6K00034,Q6K00034_N03,CODE_BINARY,FMOD0056,UNKNOWN,True
Q6K00034,Q6K00034_N04,CODE_BINARY,FMOD0056,UNKNOWN,True
Q6K00034,Q6K00034_N05,CODE_BINARY,FMOD0056,UNKNOWN,True
Q6K00034,Q6K00034_N06,STRUCTURED,FMOD0056,UNKNOWN,True
Q6K00034,Q6K00034_N07,CODE_BINARY,FMOD0056,UNKNOWN,True
Q6K00035,Q6K00035_N01,CODE_BINARY,FMOD0020,UNKNOWN,True
Q6K00035,Q6K00035_N02,CODE_BINARY,FMOD0020,UNKNOWN,True
Q6K00035,Q6K00035_N03,IMAGE,FMOD0020,UNKNOWN,True
Q6K00035,Q6K00035_N04,CODE_BINARY,FMOD0020,UNKNOWN,True
Q6K00035,Q6K00035_N05,STRUCTURED,FMOD0020,UNKNOWN,True
Q6K00035,Q6K00035_N06,CODE_BINARY,FMOD0020,UNKNOWN,True
Q6K00035,Q6K00035_N07,CODE_BINARY,FMOD0020,UNKNOWN,True
Q6K00036,Q6K00036_N01,CODE_BINARY,FMOD0030,UNKNOWN,True
Q6K00036,Q6K00036_N02,STRUCTURED,FMOD0030,UNKNOWN,True
Q6K00036,Q6K00036_N03,CODE_BINARY,FMOD0030,UNKNOWN,True
Q6K00036,Q6K00036_N04,CODE_BINARY,FMOD0030,UNKNOWN,True
Q6K00036,Q6K00036_N05,CODE_BINARY,FMOD0030,UNKNOWN,True
Q6K00036,Q6K00036_N06,IMAGE,FMOD0030,UNKNOWN,True
Q6K00036,Q6K00036_N07,CODE_BINARY,FMOD0030,UNKNOWN,True
Q6K00037,Q6K00037_N01,CODE_BINARY,FMOD0101,UNKNOWN,True
Q6K00037,Q6K00037_N02,STRUCTURED,FMOD0101,UNKNOWN,True
Q6K00037,Q6K00037_N03,CODE_BINARY,FMOD0101,UNKNOWN,True
Q6K00037,Q6K00037_N04,IMAGE,FMOD0101,UNKNOWN,True
Q6K00037,Q6K00037_N05,CODE_BINARY,FMOD0101,UNKNOWN,True
Q6K00037,Q6K00037_N06,CODE_BINARY,FMOD0101,UNKNOWN,True
Q6K00037,Q6K00037_N07,CODE_BINARY,FMOD0101,UNKNOWN,True
Q6K00038,Q6K00038_N01,CODE_BINARY,FMOD0059,UNKNOWN,True
Q6K00038,Q6K00038_N02,CODE_BINARY,FMOD0059,UNKNOWN,True
Q6K00038,Q6K00038_N03,IMAGE,FMOD0059,UNKNOWN,True
Q6K00038,Q6K00038_N04,CODE_BINARY,FMOD0059,UNKNOWN,True
Q6K00038,Q6K00038_N05,CODE_BINARY,FMOD0059,UNKNOWN,True
Q6K00038,Q6K00038_N06,CODE_BINARY,FMOD0059,UNKNOWN,True
Q6K00038,Q6K00038_N07,STRUCTURED,FMOD0059,UNKNOWN,True
Q6K00039,Q6K00039_N01,CODE_BINARY,FMOD0065,UNKNOWN,True
Q6K00039,Q6K00039_N02,IMAGE,FMOD0065,UNKNOWN,True
Q6K00039,Q6K00039_N03,CODE_BINARY,FMOD0065,UNKNOWN,True
Q6K00039,Q6K00039_N04,CODE_BINARY,FMOD0065,UNKNOWN,True
Q6K00039,Q6K00039_N05,CODE_BINARY,FMOD0065,UNKNOWN,True
Q6K00039,Q6K00039_N06,CODE_BINARY,FMOD0065,UNKNOWN,True
Q6K00039,Q6K00039_N07,STRUCTURED,FMOD0065,UNKNOWN,True
Q6K00040,Q6K00040_N01,CODE_BINARY,FMOD0065,UNKNOWN,True
Q6K00040,Q6K00040_N02,CODE_BINARY,FMOD0065,UNKNOWN,True
Q6K00040,Q6K00040_N03,CODE_BINARY,FMOD0065,UNKNOWN,True
Q6K00040,Q6K00040_N04,STRUCTURED,FMOD0065,UNKNOWN,True
Q6K00040,Q6K00040_N05,CODE_BINARY,FMOD0065,UNKNOWN,True
Q6K00040,Q6K00040_N06,IMAGE,FMOD0065,UNKNOWN,True
Q6K00040,Q6K00040_N07,CODE_BINARY,FMOD0065,UNKNOWN,True
Q6K00041,Q6K00041_N01,CODE_BINARY,FMOD0030,UNKNOWN,True
Q6K00041,Q6K00041_N02,CODE_BINARY,FMOD0030,UNKNOWN,True
Q6K00041,Q6K00041_N03,CODE_BINARY,FMOD0030,UNKNOWN,True
Q6K00041,Q6K00041_N04,CODE_BINARY,FMOD0030,UNKNOWN,True
Q6K00041,Q6K00041_N05,STRUCTURED,FMOD0030,UNKNOWN,True
Q6K00041,Q6K00041_N06,IMAGE,FMOD0030,UNKNOWN,True
Q6K00041,Q6K00041_N07,CODE_BINARY,FMOD0030,UNKNOWN,True
Q6K00042,Q6K00042_N01,STRUCTURED,FMOD0045,UNKNOWN,True
Q6K00042,Q6K00042_N02,CODE_BINARY,FMOD0045,UNKNOWN,True
Q6K00042,Q6K00042_N03,CODE_BINARY,FMOD0045,UNKNOWN,True
Q6K00042,Q6K00042_N04,CODE_BINARY,FMOD0045,UNKNOWN,True
Q6K00042,Q6K00042_N05,IMAGE,FMOD0045,UNKNOWN,True
Q6K00042,Q6K00042_N06,CODE_BINARY,FMOD0045,UNKNOWN,True
Q6K00042,Q6K00042_N07,CODE_BINARY,FMOD0045,UNKNOWN,True
Q6K00043,Q6K00043_N01,CODE_BINARY,FMOD0065,UNKNOWN,True
Q6K00043,Q6K00043_N02,IMAGE,FMOD0065,UNKNOWN,True
Q6K00043,Q6K00043_N03,CODE_BINARY,FMOD0065,UNKNOWN,True
Q6K00043,Q6K00043_N04,CODE_BINARY,FMOD0065,UNKNOWN,True
Q6K00043,Q6K00043_N05,CODE_BINARY,FMOD0065,UNKNOWN,True
Q6K00043,Q6K00043_N06,CODE_BINARY,FMOD0065,UNKNOWN,True
Q6K00043,Q6K00043_N07,STRUCTURED,FMOD0065,UNKNOWN,True
Q6K00044,Q6K00044_N01,CODE_BINARY,FMOD0045,UNKNOWN,True
Q6K00044,Q6K00044_N02,CODE_BINARY,FMOD0045,UNKNOWN,True
Q6K00044,Q6K00044_N03,IMAGE,FMOD0045,UNKNOWN,True
Q6K00044,Q6K00044_N04,CODE_BINARY,FMOD0045,UNKNOWN,True
Q6K00044,Q6K00044_N05,CODE_BINARY,FMOD0045,UNKNOWN,True
Q6K00044,Q6K00044_N06,CODE_BINARY,FMOD0045,UNKNOWN,True
Q6K00044,Q6K00044_N07,STRUCTURED,FMOD0045,UNKNOWN,True
Q6K00045,Q6K00045_N01,CODE_BINARY,FMOD0039,UNKNOWN,True
Q6K00045,Q6K00045_N02,CODE_BINARY,FMOD0039,UNKNOWN,True
Q6K00045,Q6K00045_N03,STRUCTURED,FMOD0039,UNKNOWN,True
Q6K00045,Q6K00045_N04,CODE_BINARY,FMOD0039,UNKNOWN,True
Q6K00045,Q6K00045_N05,IMAGE,FMOD0039,UNKNOWN,True
Q6K00045,Q6K00045_N06,CODE_BINARY,FMOD0039,UNKNOWN,True
Q6K00045,Q6K00045_N07,CODE_BINARY,FMOD0039,UNKNOWN,True
Q6K00046,Q6K00046_N01,CODE_BINARY,FMOD0045,UNKNOWN,True
Q6K00046,Q6K00046_N02,CODE_BINARY,FMOD0045,UNKNOWN,True
Q6K00046,Q6K00046_N03,STRUCTURED,FMOD0045,UNKNOWN,True
Q6K00046,Q6K00046_N04,CODE_BINARY,FMOD0045,UNKNOWN,True
Q6K00046,Q6K00046_N05,CODE_BINARY,FMOD0045,UNKNOWN,True
Q6K00046,Q6K00046_N06,IMAGE,FMOD0045,UNKNOWN,True
Q6K00046,Q6K00046_N07,CODE_BINARY,FMOD0045,UNKNOWN,True
Q6K00047,Q6K00047_N01,STRUCTURED,FMOD0020,UNKNOWN,True
Q6K00047,Q6K00047_N02,CODE_BINARY,FMOD0020,UNKNOWN,True
Q6K00047,Q6K00047_N03,CODE_BINARY,FMOD0020,UNKNOWN,True
Q6K00047,Q6K00047_N04,CODE_BINARY,FMOD0020,UNKNOWN,True
Q6K00047,Q6K00047_N05,CODE_BINARY,FMOD0020,UNKNOWN,True
Q6K00047,Q6K00047_N06,CODE_BINARY,FMOD0020,UNKNOWN,True
Q6K00047,Q6K00047_N07,IMAGE,FMOD0020,UNKNOWN,True
Q6K00048,Q6K00048_N01,IMAGE,FMOD0057,UNKNOWN,True
Q6K00048,Q6K00048_N02,CODE_BINARY,FMOD0057,UNKNOWN,True
Q6K00048,Q6K00048_N03,CODE_BINARY,FMOD0057,UNKNOWN,True
Q6K00048,Q6K00048_N04,CODE_BINARY,FMOD0057,UNKNOWN,True
Q6K00048,Q6K00048_N05,CODE_BINARY,FMOD0057,UNKNOWN,True
Q6K00048,Q6K00048_N06,STRUCTURED,FMOD0057,UNKNOWN,True
Q6K00048,Q6K00048_N07,CODE_BINARY,FMOD0057,UNKNOWN,True
Q6K00049,Q6K00049_N01,CODE_BINARY,FMOD0002,UNKNOWN,True
Q6K00049,Q6K00049_N02,CODE_BINARY,FMOD0002,UNKNOWN,True
Q6K00049,Q6K00049_N03,CODE_BINARY,FMOD0002,UNKNOWN,True
Q6K00049,Q6K00049_N04,CODE_BINARY,FMOD0002,UNKNOWN,True
Q6K00049,Q6K00049_N05,STRUCTURED,FMOD0002,UNKNOWN,True
Q6K00049,Q6K00049_N06,IMAGE,FMOD0002,UNKNOWN,True
Q6K00049,Q6K00049_N07,CODE_BINARY,FMOD0002,UNKNOWN,True
Q6K00050,Q6K00050_N01,CODE_BINARY,FMOD0081,UNKNOWN,True
Q6K00050,Q6K00050_N02,CODE_BINARY,FMOD0081,UNKNOWN,True
Q6K00050,Q6K00050_N03,CODE_BINARY,FMOD0081,UNKNOWN,True
Q6K00050,Q6K00050_N04,CODE_BINARY,FMOD0081,UNKNOWN,True
Q6K00050,Q6K00050_N05,STRUCTURED,FMOD0081,UNKNOWN,True
Q6K00050,Q6K00050_N06,CODE_BINARY,FMOD0081,UNKNOWN,True
Q6K00050,Q6K00050_N07,IMAGE,FMOD0081,UNKNOWN,True
Q6K00051,Q6K00051_N01,CODE_BINARY,FMOD0082,UNKNOWN,True
Q6K00051,Q6K00051_N02,CODE_BINARY,FMOD0082,UNKNOWN,True
Q6K00051,Q6K00051_N03,IMAGE,FMOD0082,UNKNOWN,True
Q6K00051,Q6K00051_N04,CODE_BINARY,FMOD0082,UNKNOWN,True
Q6K00051,Q6K00051_N05,CODE_BINARY,FMOD0082,UNKNOWN,True
Q6K00051,Q6K00051_N06,STRUCTURED,FMOD0082,UNKNOWN,True
Q6K00051,Q6K00051_N07,CODE_BINARY,FMOD0082,UNKNOWN,True
Q6K00052,Q6K00052_N01,CODE_BINARY,FMOD0101,UNKNOWN,True
Q6K00052,Q6K00052_N02,CODE_BINARY,FMOD0101,UNKNOWN,True
Q6K00052,Q6K00052_N03,CODE_BINARY,FMOD0101,UNKNOWN,True
Q6K00052,Q6K00052_N04,CODE_BINARY,FMOD0101,UNKNOWN,True
Q6K00052,Q6K00052_N05,STRUCTURED,FMOD0101,UNKNOWN,True
Q6K00052,Q6K00052_N06,CODE_BINARY,FMOD0101,UNKNOWN,True
Q6K00052,Q6K00052_N07,IMAGE,FMOD0101,UNKNOWN,True
Q6K00053,Q6K00053_N01,CODE_BINARY,FMOD0057,UNKNOWN,True
Q6K00053,Q6K00053_N02,CODE_BINARY,FMOD0057,UNKNOWN,True
Q6K00053,Q6K00053_N03,STRUCTURED,FMOD0057,UNKNOWN,True
Q6K00053,Q6K00053_N04,CODE_BINARY,FMOD0057,UNKNOWN,True
Q6K00053,Q6K00053_N05,CODE_BINARY,FMOD0057,UNKNOWN,True
Q6K00053,Q6K00053_N06,IMAGE,FMOD0057,UNKNOWN,True
Q6K00053,Q6K00053_N07,CODE_BINARY,FMOD0057,UNKNOWN,True
Q6K00054,Q6K00054_N01,STRUCTURED,FMOD0072,UNKNOWN,True
Q6K00054,Q6K00054_N02,CODE_BINARY,FMOD0072,UNKNOWN,True
Q6K00054,Q6K00054_N03,CODE_BINARY,FMOD0072,UNKNOWN,True
Q6K00054,Q6K00054_N04,IMAGE,FMOD0072,UNKNOWN,True
Q6K00054,Q6K00054_N05,CODE_BINARY,FMOD0072,UNKNOWN,True
Q6K00054,Q6K00054_N06,CODE_BINARY,FMOD0072,UNKNOWN,True
Q6K00054,Q6K00054_N07,CODE_BINARY,FMOD0072,UNKNOWN,True
Q6K00055,Q6K00055_N01,CODE_BINARY,FMOD0059,UNKNOWN,True
Q6K00055,Q6K00055_N02,IMAGE,FMOD0059,UNKNOWN,True
Q6K00055,Q6K00055_N03,CODE_BINARY,FMOD0059,UNKNOWN,True
Q6K00055,Q6K00055_N04,STRUCTURED,FMOD0059,UNKNOWN,True
Q6K00055,Q6K00055_N05,CODE_BINARY,FMOD0059,UNKNOWN,True
Q6K00055,Q6K00055_N06,CODE_BINARY,FMOD0059,UNKNOWN,True
Q6K00055,Q6K00055_N07,CODE_BINARY,FMOD0059,UNKNOWN,True
Q6K00056,Q6K00056_N01,CODE_BINARY,FMOD0041,UNKNOWN,True
Q6K00056,Q6K00056_N02,CODE_BINARY,FMOD0041,UNKNOWN,True
Q6K00056,Q6K00056_N03,CODE_BINARY,FMOD0041,UNKNOWN,True
Q6K00056,Q6K00056_N04,STRUCTURED,FMOD0041,UNKNOWN,True
Q6K00056,Q6K00056_N05,IMAGE,FMOD0041,UNKNOWN,True
Q6K00056,Q6K00056_N06,CODE_BINARY,FMOD0041,UNKNOWN,True
Q6K00056,Q6K00056_N07,CODE_BINARY,FMOD0041,UNKNOWN,True
Q6K00057,Q6K00057_N01,STRUCTURED,FMOD0057,UNKNOWN,True
Q6K00057,Q6K00057_N02,IMAGE,FMOD0057,UNKNOWN,True
Q6K00057,Q6K00057_N03,CODE_BINARY,FMOD0057,UNKNOWN,True
Q6K00057,Q6K00057_N04,CODE_BINARY,FMOD0057,UNKNOWN,True
Q6K00057,Q6K00057_N05,CODE_BINARY,FMOD0057,UNKNOWN,True
Q6K00057,Q6K00057_N06,CODE_BINARY,FMOD0057,UNKNOWN,True
Q6K00057,Q6K00057_N07,CODE_BINARY,FMOD0057,UNKNOWN,True
Q6K00058,Q6K00058_N01,CODE_BINARY,FMOD0059,UNKNOWN,True
Q6K00058,Q6K00058_N02,IMAGE,FMOD0059,UNKNOWN,True
Q6K00058,Q6K00058_N03,STRUCTURED,FMOD0059,UNKNOWN,True
Q6K00058,Q6K00058_N04,CODE_BINARY,FMOD0059,UNKNOWN,True
Q6K00058,Q6K00058_N05,CODE_BINARY,FMOD0059,UNKNOWN,True
Q6K00058,Q6K00058_N06,CODE_BINARY,FMOD0059,UNKNOWN,True
Q6K00058,Q6K00058_N07,CODE_BINARY,FMOD0059,UNKNOWN,True
Q6K00059,Q6K00059_N01,STRUCTURED,FMOD0030,UNKNOWN,True
Q6K00059,Q6K00059_N02,CODE_BINARY,FMOD0030,UNKNOWN,True
Q6K00059,Q6K00059_N03,IMAGE,FMOD0030,UNKNOWN,True
Q6K00059,Q6K00059_N04,CODE_BINARY,FMOD0030,UNKNOWN,True
Q6K00059,Q6K00059_N05,CODE_BINARY,FMOD0030,UNKNOWN,True
Q6K00059,Q6K00059_N06,CODE_BINARY,FMOD0030,UNKNOWN,True
Q6K00059,Q6K00059_N07,CODE_BINARY,FMOD0030,UNKNOWN,True
Q6K00060,Q6K00060_N01,CODE_BINARY,FMOD0065,UNKNOWN,True
Q6K00060,Q6K00060_N02,IMAGE,FMOD0065,UNKNOWN,True
Q6K00060,Q6K00060_N03,CODE_BINARY,FMOD0065,UNKNOWN,True
Q6K00060,Q6K00060_N04,STRUCTURED,FMOD0065,UNKNOWN,True
Q6K00060,Q6K00060_N05,CODE_BINARY,FMOD0065,UNKNOWN,True
Q6K00060,Q6K00060_N06,CODE_BINARY,FMOD0065,UNKNOWN,True
Q6K00060,Q6K00060_N07,CODE_BINARY,FMOD0065,UNKNOWN,True
Q6K00061,Q6K00061_N01,CODE_BINARY,FMOD0058,UNKNOWN,True
Q6K00061,Q6K00061_N02,CODE_BINARY,FMOD0058,UNKNOWN,True
Q6K00061,Q6K00061_N03,STRUCTURED,FMOD0058,UNKNOWN,True
Q6K00061,Q6K00061_N04,CODE_BINARY,FMOD0020,FMOD0020,False
Q6K00061,Q6K00061_N05,CODE_BINARY,FMOD0058,UNKNOWN,True
Q6K00061,Q6K00061_N06,IMAGE,FMOD0020,FMOD0020,False
Q6K00061,Q6K00061_N07,CODE_BINARY,FMOD0020,FMOD0020,False
Q6K00062,Q6K00062_N01,CODE_BINARY,FMOD0058,FMOD0058,False
Q6K00062,Q6K00062_N02,CODE_BINARY,FMOD0058,FMOD0058,False
Q6K00062,Q6K00062_N03,CODE_BINARY,FMOD0039,UNKNOWN,True
Q6K00062,Q6K00062_N04,STRUCTURED,FMOD0058,FMOD0058,False
Q6K00062,Q6K00062_N05,CODE_BINARY,FMOD0039,UNKNOWN,True
Q6K00062,Q6K00062_N06,IMAGE,FMOD0058,FMOD0058,False
Q6K00062,Q6K00062_N07,CODE_BINARY,FMOD0039,UNKNOWN,True
Q6K00063,Q6K00063_N01,STRUCTURED,FMOD0052,FMOD0052,False
Q6K00063,Q6K00063_N02,CODE_BINARY,FMOD0097,UNKNOWN,True
Q6K00063,Q6K00063_N03,IMAGE,FMOD0097,UNKNOWN,True
Q6K00063,Q6K00063_N04,CODE_BINARY,FMOD0052,FMOD0052,False
Q6K00063,Q6K00063_N05,CODE_BINARY,FMOD0097,UNKNOWN,True
Q6K00063,Q6K00063_N06,CODE_BINARY,FMOD0097,UNKNOWN,True
Q6K00063,Q6K00063_N07,CODE_BINARY,FMOD0052,FMOD0052,False
Q6K00064,Q6K00064_N01,STRUCTURED,FMOD0034,FMOD0034,False
Q6K00064,Q6K00064_N02,CODE_BINARY,FMOD0034,FMOD0034,False
Q6K00064,Q6K00064_N03,CODE_BINARY,FMOD0057,UNKNOWN,True
Q6K00064,Q6K00064_N04,CODE_BINARY,FMOD0034,FMOD0034,False
Q6K00064,Q6K00064_N05,IMAGE,FMOD0034,FMOD0034,False
Q6K00064,Q6K00064_N06,CODE_BINARY,FMOD0057,UNKNOWN,True
Q6K00064,Q6K00064_N07,CODE_BINARY,FMOD0034,FMOD0034,False
Q6K00065,Q6K00065_N01,CODE_BINARY,FMOD0041,FMOD0041,False
Q6K00065,Q6K00065_N02,IMAGE,FMOD0030,UNKNOWN,True
Q6K00065,Q6K00065_N03,STRUCTURED,FMOD0041,FMOD0041,False
Q6K00065,Q6K00065_N04,CODE_BINARY,FMOD0041,FMOD0041,False
Q6K00065,Q6K00065_N05,CODE_BINARY,FMOD0030,UNKNOWN,True
Q6K00065,Q6K00065_N06,CODE_BINARY,FMOD0030,UNKNOWN,True
Q6K00065,Q6K00065_N07,CODE_BINARY,FMOD0041,FMOD0041,False
Q6K00066,Q6K00066_N01,CODE_BINARY,FMOD0034,FMOD0034,False
Q6K00066,Q6K00066_N02,CODE_BINARY,FMOD0034,FMOD0034,False
Q6K00066,Q6K00066_N03,CODE_BINARY,FMOD0034,FMOD0034,False
Q6K00066,Q6K00066_N04,CODE_BINARY,FMOD0041,UNKNOWN,True
Q6K00066,Q6K00066_N05,CODE_BINARY,FMOD0041,UNKNOWN,True
Q6K00066,Q6K00066_N06,STRUCTURED,FMOD0041,UNKNOWN,True
Q6K00066,Q6K00066_N07,IMAGE,FMOD0041,UNKNOWN,True
Q6K00067,Q6K00067_N01,CODE_BINARY,FMOD0058,FMOD0058,False
Q6K00067,Q6K00067_N02,CODE_BINARY,FMOD0056,UNKNOWN,True
Q6K00067,Q6K00067_N03,CODE_BINARY,FMOD0056,UNKNOWN,True
Q6K00067,Q6K00067_N04,CODE_BINARY,FMOD0056,UNKNOWN,True
Q6K00067,Q6K00067_N05,STRUCTURED,FMOD0056,UNKNOWN,True
Q6K00067,Q6K00067_N06,IMAGE,FMOD0056,UNKNOWN,True
Q6K00067,Q6K00067_N07,CODE_BINARY,FMOD0058,FMOD0058,False
Q6K00068,Q6K00068_N01,CODE_BINARY,FMOD0056,FMOD0056,False
Q6K00068,Q6K00068_N02,CODE_BINARY,FMOD0056,FMOD0056,False
Q6K00068,Q6K00068_N03,CODE_BINARY,FMOD0058,UNKNOWN,True
Q6K00068,Q6K00068_N04,STRUCTURED,FMOD0056,FMOD0056,False
Q6K00068,Q6K00068_N05,IMAGE,FMOD0058,UNKNOWN,True
Q6K00068,Q6K00068_N06,CODE_BINARY,FMOD0058,UNKNOWN,True
Q6K00068,Q6K00068_N07,CODE_BINARY,FMOD0056,FMOD0056,False
Q6K00069,Q6K00069_N01,CODE_BINARY,FMOD0101,UNKNOWN,True
Q6K00069,Q6K00069_N02,CODE_BINARY,FMOD0030,FMOD0030,False
Q6K00069,Q6K00069_N03,CODE_BINARY,FMOD0101,UNKNOWN,True
Q6K00069,Q6K00069_N04,STRUCTURED,FMOD0030,FMOD0030,False
Q6K00069,Q6K00069_N05,IMAGE,FMOD0030,FMOD0030,False
Q6K00069,Q6K00069_N06,CODE_BINARY,FMOD0101,UNKNOWN,True
Q6K00069,Q6K00069_N07,CODE_BINARY,FMOD0030,FMOD0030,False
Q6K00070,Q6K00070_N01,IMAGE,FMOD0041,FMOD0041,False
Q6K00070,Q6K00070_N02,CODE_BINARY,FMOD0020,UNKNOWN,True
Q6K00070,Q6K00070_N03,CODE_BINARY,FMOD0020,UNKNOWN,True
Q6K00070,Q6K00070_N04,CODE_BINARY,FMOD0041,FMOD0041,False
Q6K00070,Q6K00070_N05,CODE_BINARY,FMOD0020,UNKNOWN,True
Q6K00070,Q6K00070_N06,CODE_BINARY,FMOD0041,FMOD0041,False
Q6K00070,Q6K00070_N07,STRUCTURED,FMOD0041,FMOD0041,False
Q6K00071,Q6K00071_N01,IMAGE,FMOD0082,UNKNOWN,True
Q6K00071,Q6K00071_N02,STRUCTURED,FMOD0082,UNKNOWN,True
Q6K00071,Q6K00071_N03,CODE_BINARY,FMOD0057,FMOD0057,False
Q6K00071,Q6K00071_N04,CODE_BINARY,FMOD0057,FMOD0057,False
Q6K00071,Q6K00071_N05,CODE_BINARY,FMOD0082,UNKNOWN,True
Q6K00071,Q6K00071_N06,CODE_BINARY,FMOD0057,FMOD0057,False
Q6K00071,Q6K00071_N07,CODE_BINARY,FMOD0082,UNKNOWN,True
Q6K00072,Q6K00072_N01,CODE_BINARY,FMOD0059,FMOD0059,False
Q6K00072,Q6K00072_N02,IMAGE,FMOD0059,FMOD0059,False
Q6K00072,Q6K00072_N03,CODE_BINARY,FMOD0002,UNKNOWN,True
Q6K00072,Q6K00072_N04,CODE_BINARY,FMOD0059,FMOD0059,False
Q6K00072,Q6K00072_N05,STRUCTURED,FMOD0059,FMOD0059,False
Q6K00072,Q6K00072_N06,CODE_BINARY,FMOD0002,UNKNOWN,True
Q6K00072,Q6K00072_N07,CODE_BINARY,FMOD0059,FMOD0059,False
Q6K00073,Q6K00073_N01,CODE_BINARY,FMOD0056,UNKNOWN,True
Q6K00073,Q6K00073_N02,CODE_BINARY,FMOD0081,FMOD0081,False
Q6K00073,Q6K00073_N03,STRUCTURED,FMOD0056,UNKNOWN,True
Q6K00073,Q6K00073_N04,CODE_BINARY,FMOD0081,FMOD0081,False
Q6K00073,Q6K00073_N05,CODE_BINARY,FMOD0081,FMOD0081,False
Q6K00073,Q6K00073_N06,IMAGE,FMOD0081,FMOD0081,False
Q6K00073,Q6K00073_N07,CODE_BINARY,FMOD0056,UNKNOWN,True
Q6K00074,Q6K00074_N01,CODE_BINARY,FMOD0057,FMOD0057,False
Q6K00074,Q6K00074_N02,CODE_BINARY,FMOD0056,UNKNOWN,True
Q6K00074,Q6K00074_N03,CODE_BINARY,FMOD0056,UNKNOWN,True
Q6K00074,Q6K00074_N04,CODE_BINARY,FMOD0057,FMOD0057,False
Q6K00074,Q6K00074_N05,STRUCTURED,FMOD0057,FMOD0057,False
Q6K00074,Q6K00074_N06,IMAGE,FMOD0056,UNKNOWN,True
Q6K00074,Q6K00074_N07,CODE_BINARY,FMOD0057,FMOD0057,False
Q6K00075,Q6K00075_N01,CODE_BINARY,FMOD0020,UNKNOWN,True
Q6K00075,Q6K00075_N02,STRUCTURED,FMOD0020,UNKNOWN,True
Q6K00075,Q6K00075_N03,IMAGE,FMOD0020,UNKNOWN,True
Q6K00075,Q6K00075_N04,CODE_BINARY,FMOD0039,FMOD0039,False
Q6K00075,Q6K00075_N05,CODE_BINARY,FMOD0039,FMOD0039,False
Q6K00075,Q6K00075_N06,CODE_BINARY,FMOD0039,FMOD0039,False
Q6K00075,Q6K00075_N07,CODE_BINARY,FMOD0020,UNKNOWN,True
Q6K00076,Q6K00076_N01,CODE_BINARY,FMOD0063,FMOD0063,False
Q6K00076,Q6K00076_N02,CODE_BINARY,FMOD0063,FMOD0063,False
Q6K00076,Q6K00076_N03,CODE_BINARY,FMOD0045,UNKNOWN,True
Q6K00076,Q6K00076_N04,STRUCTURED,FMOD0045,UNKNOWN,True
Q6K00076,Q6K00076_N05,CODE_BINARY,FMOD0045,UNKNOWN,True
Q6K00076,Q6K00076_N06,IMAGE,FMOD0063,FMOD0063,False
Q6K00076,Q6K00076_N07,CODE_BINARY,FMOD0045,UNKNOWN,True
Q6K00077,Q6K00077_N01,CODE_BINARY,FMOD0030,FMOD0030,False
Q6K00077,Q6K00077_N02,CODE_BINARY,FMOD0081,UNKNOWN,True
Q6K00077,Q6K00077_N03,CODE_BINARY,FMOD0081,UNKNOWN,True
Q6K00077,Q6K00077_N04,IMAGE,FMOD0030,FMOD0030,False
Q6K00077,Q6K00077_N05,CODE_BINARY,FMOD0081,UNKNOWN,True
Q6K00077,Q6K00077_N06,CODE_BINARY,FMOD0030,FMOD0030,False
Q6K00077,Q6K00077_N07,STRUCTURED,FMOD0081,UNKNOWN,True
Q6K00078,Q6K00078_N01,CODE_BINARY,FMOD0059,UNKNOWN,True
Q6K00078,Q6K00078_N02,CODE_BINARY,FMOD0059,UNKNOWN,True
Q6K00078,Q6K00078_N03,CODE_BINARY,FMOD0072,FMOD0072,False
Q6K00078,Q6K00078_N04,CODE_BINARY,FMOD0072,FMOD0072,False
Q6K00078,Q6K00078_N05,IMAGE,FMOD0059,UNKNOWN,True
Q6K00078,Q6K00078_N06,CODE_BINARY,FMOD0072,FMOD0072,False
Q6K00078,Q6K00078_N07,STRUCTURED,FMOD0059,UNKNOWN,True
Q6K00079,Q6K00079_N01,CODE_BINARY,FMOD0041,FMOD0041,False
Q6K00079,Q6K00079_N02,CODE_BINARY,FMOD0041,FMOD0041,False
Q6K00079,Q6K00079_N03,CODE_BINARY,FMOD0082,UNKNOWN,True
Q6K00079,Q6K00079_N04,CODE_BINARY,FMOD0041,FMOD0041,False
Q6K00079,Q6K00079_N05,CODE_BINARY,FMOD0082,UNKNOWN,True
Q6K00079,Q6K00079_N06,STRUCTURED,FMOD0041,FMOD0041,False
Q6K00079,Q6K00079_N07,IMAGE,FMOD0082,UNKNOWN,True
Q6K00080,Q6K00080_N01,STRUCTURED,FMOD0097,UNKNOWN,True
Q6K00080,Q6K00080_N02,CODE_BINARY,FMOD0097,UNKNOWN,True
Q6K00080,Q6K00080_N03,CODE_BINARY,FMOD0097,UNKNOWN,True
Q6K00080,Q6K00080_N04,IMAGE,FMOD0097,UNKNOWN,True
Q6K00080,Q6K00080_N05,CODE_BINARY,FMOD0065,FMOD0065,False
Q6K00080,Q6K00080_N06,CODE_BINARY,FMOD0065,FMOD0065,False
Q6K00080,Q6K00080_N07,CODE_BINARY,FMOD0065,FMOD0065,False
Q6K00081,Q6K00081_N01,CODE_BINARY,FMOD0101,FMOD0101,False
Q6K00081,Q6K00081_N02,STRUCTURED,FMOD0101,FMOD0101,False
Q6K00081,Q6K00081_N03,IMAGE,FMOD0101,FMOD0101,False
Q6K00081,Q6K00081_N04,CODE_BINARY,FMOD0101,FMOD0101,False
Q6K00081,Q6K00081_N05,CODE_BINARY,FMOD0101,FMOD0101,False
Q6K00081,Q6K00081_N06,CODE_BINARY,FMOD0059,UNKNOWN,True
Q6K00081,Q6K00081_N07,CODE_BINARY,FMOD0059,UNKNOWN,True
Q6K00082,Q6K00082_N01,CODE_BINARY,FMOD0045,FMOD0045,False
Q6K00082,Q6K00082_N02,CODE_BINARY,FMOD0057,UNKNOWN,True
Q6K00082,Q6K00082_N03,STRUCTURED,FMOD0057,UNKNOWN,True
Q6K00082,Q6K00082_N04,CODE_BINARY,FMOD0045,FMOD0045,False
Q6K00082,Q6K00082_N05,CODE_BINARY,FMOD0057,UNKNOWN,True
Q6K00082,Q6K00082_N06,CODE_BINARY,FMOD0057,UNKNOWN,True
Q6K00082,Q6K00082_N07,IMAGE,FMOD0045,FMOD0045,False
Q6K00083,Q6K00083_N01,CODE_BINARY,FMOD0063,FMOD0063,False
Q6K00083,Q6K00083_N02,CODE_BINARY,FMOD0034,UNKNOWN,True
Q6K00083,Q6K00083_N03,STRUCTURED,FMOD0034,UNKNOWN,True
Q6K00083,Q6K00083_N04,CODE_BINARY,FMOD0034,UNKNOWN,True
Q6K00083,Q6K00083_N05,CODE_BINARY,FMOD0063,FMOD0063,False
Q6K00083,Q6K00083_N06,IMAGE,FMOD0063,FMOD0063,False
Q6K00083,Q6K00083_N07,CODE_BINARY,FMOD0063,FMOD0063,False
Q6K00084,Q6K00084_N01,CODE_BINARY,FMOD0058,FMOD0058,False
Q6K00084,Q6K00084_N02,IMAGE,FMOD0058,FMOD0058,False
Q6K00084,Q6K00084_N03,CODE_BINARY,FMOD0030,UNKNOWN,True
Q6K00084,Q6K00084_N04,STRUCTURED,FMOD0030,UNKNOWN,True
Q6K00084,Q6K00084_N05,CODE_BINARY,FMOD0030,UNKNOWN,True
Q6K00084,Q6K00084_N06,CODE_BINARY,FMOD0058,FMOD0058,False
Q6K00084,Q6K00084_N07,CODE_BINARY,FMOD0030,UNKNOWN,True
Q6K00085,Q6K00085_N01,IMAGE,FMOD0058,UNKNOWN,True
Q6K00085,Q6K00085_N02,CODE_BINARY,FMOD0058,UNKNOWN,True
Q6K00085,Q6K00085_N03,CODE_BINARY,FMOD0045,FMOD0045,False
Q6K00085,Q6K00085_N04,CODE_BINARY,FMOD0045,FMOD0045,False
Q6K00085,Q6K00085_N05,CODE_BINARY,FMOD0058,UNKNOWN,True
Q6K00085,Q6K00085_N06,STRUCTURED,FMOD0058,UNKNOWN,True
Q6K00085,Q6K00085_N07,CODE_BINARY,FMOD0045,FMOD0045,False
Q6K00086,Q6K00086_N01,CODE_BINARY,FMOD0034,UNKNOWN,True
Q6K00086,Q6K00086_N02,IMAGE,FMOD0081,FMOD0081,False
Q6K00086,Q6K00086_N03,CODE_BINARY,FMOD0034,UNKNOWN,True
Q6K00086,Q6K00086_N04,CODE_BINARY,FMOD0081,FMOD0081,False
Q6K00086,Q6K00086_N05,STRUCTURED,FMOD0034,UNKNOWN,True
Q6K00086,Q6K00086_N06,CODE_BINARY,FMOD0034,UNKNOWN,True
Q6K00086,Q6K00086_N07,CODE_BINARY,FMOD0081,FMOD0081,False
Q6K00087,Q6K00087_N01,CODE_BINARY,FMOD0039,FMOD0039,False
Q6K00087,Q6K00087_N02,CODE_BINARY,FMOD0039,FMOD0039,False
Q6K00087,Q6K00087_N03,CODE_BINARY,FMOD0020,UNKNOWN,True
Q6K00087,Q6K00087_N04,STRUCTURED,FMOD0039,FMOD0039,False
Q6K00087,Q6K00087_N05,CODE_BINARY,FMOD0020,UNKNOWN,True
Q6K00087,Q6K00087_N06,IMAGE,FMOD0039,FMOD0039,False
Q6K00087,Q6K00087_N07,CODE_BINARY,FMOD0039,FMOD0039,False
Q6K00088,Q6K00088_N01,CODE_BINARY,FMOD0058,FMOD0058,False
Q6K00088,Q6K00088_N02,CODE_BINARY,FMOD0081,UNKNOWN,True
Q6K00088,Q6K00088_N03,CODE_BINARY,FMOD0081,UNKNOWN,True
Q6K00088,Q6K00088_N04,IMAGE,FMOD0081,UNKNOWN,True
Q6K00088,Q6K00088_N05,STRUCTURED,FMOD0081,UNKNOWN,True
Q6K00088,Q6K00088_N06,CODE_BINARY,FMOD0081,UNKNOWN,True
Q6K00088,Q6K00088_N07,CODE_BINARY,FMOD0058,FMOD0058,False
Q6K00089,Q6K00089_N01,STRUCTURED,FMOD0039,UNKNOWN,True
Q6K00089,Q6K00089_N02,CODE_BINARY,FMOD0039,UNKNOWN,True
Q6K00089,Q6K00089_N03,CODE_BINARY,FMOD0020,FMOD0020,False
Q6K00089,Q6K00089_N04,IMAGE,FMOD0039,UNKNOWN,True
Q6K00089,Q6K00089_N05,CODE_BINARY,FMOD0039,UNKNOWN,True
Q6K00089,Q6K00089_N06,CODE_BINARY,FMOD0039,UNKNOWN,True
Q6K00089,Q6K00089_N07,CODE_BINARY,FMOD0020,FMOD0020,False
Q6K00090,Q6K00090_N01,IMAGE,FMOD0034,FMOD0034,False
Q6K00090,Q6K00090_N02,CODE_BINARY,FMOD0101,UNKNOWN,True
Q6K00090,Q6K00090_N03,CODE_BINARY,FMOD0034,FMOD0034,False
Q6K00090,Q6K00090_N04,CODE_BINARY,FMOD0101,UNKNOWN,True
Q6K00090,Q6K00090_N05,STRUCTURED,FMOD0034,FMOD0034,False
Q6K00090,Q6K00090_N06,CODE_BINARY,FMOD0101,UNKNOWN,True
Q6K00090,Q6K00090_N07,CODE_BINARY,FMOD0034,FMOD0034,False
Q6K00091,Q6K00091_N01,CODE_BINARY,FMOD0030,FMOD0030,False
Q6K00091,Q6K00091_N02,CODE_BINARY,FMOD0030,FMOD0030,False
Q6K00091,Q6K00091_N03,STRUCTURED,FMOD0030,FMOD0030,False
Q6K00091,Q6K00091_N04,IMAGE,FMOD0030,FMOD0030,False
Q6K00091,Q6K00091_N05,CODE_BINARY,FMOD0041,UNKNOWN,True
Q6K00091,Q6K00091_N06,CODE_BINARY,FMOD0041,UNKNOWN,True
Q6K00091,Q6K00091_N07,CODE_BINARY,FMOD0030,FMOD0030,False
Q6K00092,Q6K00092_N01,CODE_BINARY,FMOD0034,FMOD0034,False
Q6K00092,Q6K00092_N02,IMAGE,FMOD0081,UNKNOWN,True
Q6K00092,Q6K00092_N03,CODE_BINARY,FMOD0081,UNKNOWN,True
Q6K00092,Q6K00092_N04,STRUCTURED,FMOD0034,FMOD0034,False
Q6K00092,Q6K00092_N05,CODE_BINARY,FMOD0081,UNKNOWN,True
Q6K00092,Q6K00092_N06,CODE_BINARY,FMOD0034,FMOD0034,False
Q6K00092,Q6K00092_N07,CODE_BINARY,FMOD0034,FMOD0034,False
Q6K00093,Q6K00093_N01,CODE_BINARY,FMOD0002,FMOD0002,False
Q6K00093,Q6K00093_N02,CODE_BINARY,FMOD0081,UNKNOWN,True
Q6K00093,Q6K00093_N03,IMAGE,FMOD0081,UNKNOWN,True
Q6K00093,Q6K00093_N04,CODE_BINARY,FMOD0002,FMOD0002,False
Q6K00093,Q6K00093_N05,CODE_BINARY,FMOD0081,UNKNOWN,True
Q6K00093,Q6K00093_N06,STRUCTURED,FMOD0002,FMOD0002,False
Q6K00093,Q6K00093_N07,CODE_BINARY,FMOD0002,FMOD0002,False
Q6K00094,Q6K00094_N01,CODE_BINARY,FMOD0063,FMOD0063,False
Q6K00094,Q6K00094_N02,CODE_BINARY,FMOD0097,UNKNOWN,True
Q6K00094,Q6K00094_N03,IMAGE,FMOD0097,UNKNOWN,True
Q6K00094,Q6K00094_N04,CODE_BINARY,FMOD0097,UNKNOWN,True
Q6K00094,Q6K00094_N05,CODE_BINARY,FMOD0063,FMOD0063,False
Q6K00094,Q6K00094_N06,CODE_BINARY,FMOD0097,UNKNOWN,True
Q6K00094,Q6K00094_N07,STRUCTURED,FMOD0097,UNKNOWN,True
Q6K00095,Q6K00095_N01,CODE_BINARY,FMOD0002,UNKNOWN,True
Q6K00095,Q6K00095_N02,CODE_BINARY,FMOD0002,UNKNOWN,True
Q6K00095,Q6K00095_N03,IMAGE,FMOD0002,UNKNOWN,True
Q6K00095,Q6K00095_N04,CODE_BINARY,FMOD0052,FMOD0052,False
Q6K00095,Q6K00095_N05,CODE_BINARY,FMOD0052,FMOD0052,False
Q6K00095,Q6K00095_N06,CODE_BINARY,FMOD0002,UNKNOWN,True
Q6K00095,Q6K00095_N07,STRUCTURED,FMOD0052,FMOD0052,False
Q6K00096,Q6K00096_N01,CODE_BINARY,FMOD0034,FMOD0034,False
Q6K00096,Q6K00096_N02,CODE_BINARY,FMOD0082,UNKNOWN,True
Q6K00096,Q6K00096_N03,IMAGE,FMOD0034,FMOD0034,False
Q6K00096,Q6K00096_N04,CODE_BINARY,FMOD0082,UNKNOWN,True
Q6K00096,Q6K00096_N05,CODE_BINARY,FMOD0082,UNKNOWN,True
Q6K00096,Q6K00096_N06,STRUCTURED,FMOD0082,UNKNOWN,True
Q6K00096,Q6K00096_N07,CODE_BINARY,FMOD0034,FMOD0034,False
Q6K00097,Q6K00097_N01,CODE_BINARY,FMOD0058,FMOD0058,False
Q6K00097,Q6K00097_N02,STRUCTURED,FMOD0101,UNKNOWN,True
Q6K00097,Q6K00097_N03,CODE_BINARY,FMOD0058,FMOD0058,False
Q6K00097,Q6K00097_N04,CODE_BINARY,FMOD0101,UNKNOWN,True
Q6K00097,Q6K00097_N05,CODE_BINARY,FMOD0058,FMOD0058,False
Q6K00097,Q6K00097_N06,CODE_BINARY,FMOD0101,UNKNOWN,True
Q6K00097,Q6K00097_N07,IMAGE,FMOD0058,FMOD0058,False
Q6K00098,Q6K00098_N01,CODE_BINARY,FMOD0002,FMOD0002,False
Q6K00098,Q6K00098_N02,CODE_BINARY,FMOD0097,UNKNOWN,True
Q6K00098,Q6K00098_N03,CODE_BINARY,FMOD0002,FMOD0002,False
Q6K00098,Q6K00098_N04,CODE_BINARY,FMOD0097,UNKNOWN,True
Q6K00098,Q6K00098_N05,STRUCTURED,FMOD0002,FMOD0002,False
Q6K00098,Q6K00098_N06,IMAGE,FMOD0097,UNKNOWN,True
Q6K00098,Q6K00098_N07,CODE_BINARY,FMOD0002,FMOD0002,False
Q6K00099,Q6K00099_N01,CODE_BINARY,FMOD0045,FMOD0045,False
Q6K00099,Q6K00099_N02,CODE_BINARY,FMOD0045,FMOD0045,False
Q6K00099,Q6K00099_N03,CODE_BINARY,FMOD0030,UNKNOWN,True
Q6K00099,Q6K00099_N04,CODE_BINARY,FMOD0045,FMOD0045,False
Q6K00099,Q6K00099_N05,STRUCTURED,FMOD0045,FMOD0045,False
Q6K00099,Q6K00099_N06,IMAGE,FMOD0045,FMOD0045,False
Q6K00099,Q6K00099_N07,CODE_BINARY,FMOD0030,UNKNOWN,True
Q6K00100,Q6K00100_N01,CODE_BINARY,FMOD0034,UNKNOWN,True
Q6K00100,Q6K00100_N02,STRUCTURED,FMOD0034,UNKNOWN,True
Q6K00100,Q6K00100_N03,CODE_BINARY,FMOD0058,FMOD0058,False
Q6K00100,Q6K00100_N04,CODE_BINARY,FMOD0034,UNKNOWN,True
Q6K00100,Q6K00100_N05,CODE_BINARY,FMOD0058,FMOD0058,False
Q6K00100,Q6K00100_N06,CODE_BINARY,FMOD0034,UNKNOWN,True
Q6K00100,Q6K00100_N07,IMAGE,FMOD0058,FMOD0058,False
Q6K00101,Q6K00101_N01,IMAGE,FMOD0065,UNKNOWN,True
Q6K00101,Q6K00101_N02,STRUCTURED,FMOD0065,UNKNOWN,True
Q6K00101,Q6K00101_N03,CODE_BINARY,FMOD0065,UNKNOWN,True
Q6K00101,Q6K00101_N04,CODE_BINARY,FMOD0065,UNKNOWN,True
Q6K00101,Q6K00101_N05,CODE_BINARY,FMOD0065,UNKNOWN,True
Q6K00101,Q6K00101_N06,CODE_BINARY,FMOD0059,FMOD0059,False
Q6K00101,Q6K00101_N07,CODE_BINARY,FMOD0059,FMOD0059,False
Q6K00102,Q6K00102_N01,CODE_BINARY,FMOD0097,FMOD0097,False
Q6K00102,Q6K00102_N02,CODE_BINARY,FMOD0063,UNKNOWN,True
Q6K00102,Q6K00102_N03,IMAGE,FMOD0097,FMOD0097,False
Q6K00102,Q6K00102_N04,STRUCTURED,FMOD0063,UNKNOWN,True
Q6K00102,Q6K00102_N05,CODE_BINARY,FMOD0063,UNKNOWN,True
Q6K00102,Q6K00102_N06,CODE_BINARY,FMOD0063,UNKNOWN,True
Q6K00102,Q6K00102_N07,CODE_BINARY,FMOD0097,FMOD0097,False
Q6K00103,Q6K00103_N01,CODE_BINARY,FMOD0039,UNKNOWN,True
Q6K00103,Q6K00103_N02,CODE_BINARY,FMOD0039,UNKNOWN,True
Q6K00103,Q6K00103_N03,STRUCTURED,FMOD0039,UNKNOWN,True
Q6K00103,Q6K00103_N04,CODE_BINARY,FMOD0039,UNKNOWN,True
Q6K00103,Q6K00103_N05,CODE_BINARY,FMOD0058,FMOD0058,False
Q6K00103,Q6K00103_N06,IMAGE,FMOD0058,FMOD0058,False
Q6K00103,Q6K00103_N07,CODE_BINARY,FMOD0058,FMOD0058,False
Q6K00104,Q6K00104_N01,CODE_BINARY,FMOD0056,UNKNOWN,True
Q6K00104,Q6K00104_N02,CODE_BINARY,FMOD0030,FMOD0030,False
Q6K00104,Q6K00104_N03,STRUCTURED,FMOD0030,FMOD0030,False
Q6K00104,Q6K00104_N04,IMAGE,FMOD0030,FMOD0030,False
Q6K00104,Q6K00104_N05,CODE_BINARY,FMOD0030,FMOD0030,False
Q6K00104,Q6K00104_N06,CODE_BINARY,FMOD0030,FMOD0030,False
Q6K00104,Q6K00104_N07,CODE_BINARY,FMOD0056,UNKNOWN,True
Q6K00105,Q6K00105_N01,CODE_BINARY,FMOD0097,FMOD0097,False
Q6K00105,Q6K00105_N02,CODE_BINARY,FMOD0059,UNKNOWN,True
Q6K00105,Q6K00105_N03,IMAGE,FMOD0097,FMOD0097,False
Q6K00105,Q6K00105_N04,CODE_BINARY,FMOD0059,UNKNOWN,True
Q6K00105,Q6K00105_N05,CODE_BINARY,FMOD0059,UNKNOWN,True
Q6K00105,Q6K00105_N06,CODE_BINARY,FMOD0097,FMOD0097,False
Q6K00105,Q6K00105_N07,STRUCTURED,FMOD0097,FMOD0097,False
Q6K00106,Q6K00106_N01,CODE_BINARY,FMOD0072,FMOD0072,False
Q6K00106,Q6K00106_N02,CODE_BINARY,FMOD0097,UNKNOWN,True
Q6K00106,Q6K00106_N03,CODE_BINARY,FMOD0072,FMOD0072,False
Q6K00106,Q6K00106_N04,STRUCTURED,FMOD0097,UNKNOWN,True
Q6K00106,Q6K00106_N05,CODE_BINARY,FMOD0072,FMOD0072,False
Q6K00106,Q6K00106_N06,IMAGE,FMOD0072,FMOD0072,False
Q6K00106,Q6K00106_N07,CODE_BINARY,FMOD0097,UNKNOWN,True
Q6K00107,Q6K00107_N01,IMAGE,FMOD0020,FMOD0020,False
Q6K00107,Q6K00107_N02,CODE_BINARY,FMOD0020,FMOD0020,False
Q6K00107,Q6K00107_N03,STRUCTURED,FMOD0020,FMOD0020,False
Q6K00107,Q6K00107_N04,CODE_BINARY,FMOD0059,UNKNOWN,True
Q6K00107,Q6K00107_N05,CODE_BINARY,FMOD0059,UNKNOWN,True
Q6K00107,Q6K00107_N06,CODE_BINARY,FMOD0020,FMOD0020,False
Q6K00107,Q6K00107_N07,CODE_BINARY,FMOD0059,UNKNOWN,True
Q6K00108,Q6K00108_N01,CODE_BINARY,FMOD0030,FMOD0030,False
Q6K00108,Q6K00108_N02,CODE_BINARY,FMOD0058,UNKNOWN,True
Q6K00108,Q6K00108_N03,IMAGE,FMOD0058,UNKNOWN,True
Q6K00108,Q6K00108_N04,CODE_BINARY,FMOD0030,FMOD0030,False
Q6K00108,Q6K00108_N05,CODE_BINARY,FMOD0058,UNKNOWN,True
Q6K00108,Q6K00108_N06,STRUCTURED,FMOD0058,UNKNOWN,True
Q6K00108,Q6K00108_N07,CODE_BINARY,FMOD0030,FMOD0030,False
Q6K00109,Q6K00109_N01,CODE_BINARY,FMOD0052,FMOD0052,False
Q6K00109,Q6K00109_N02,IMAGE,FMOD0056,UNKNOWN,True
Q6K00109,Q6K00109_N03,CODE_BINARY,FMOD0056,UNKNOWN,True
Q6K00109,Q6K00109_N04,CODE_BINARY,FMOD0052,FMOD0052,False
Q6K00109,Q6K00109_N05,CODE_BINARY,FMOD0056,UNKNOWN,True
Q6K00109,Q6K00109_N06,STRUCTURED,FMOD0052,FMOD0052,False
Q6K00109,Q6K00109_N07,CODE_BINARY,FMOD0056,UNKNOWN,True
Q6K00110,Q6K00110_N01,CODE_BINARY,FMOD0030,FMOD0030,False
Q6K00110,Q6K00110_N02,STRUCTURED,FMOD0056,UNKNOWN,True
Q6K00110,Q6K00110_N03,CODE_BINARY,FMOD0056,UNKNOWN,True
Q6K00110,Q6K00110_N04,CODE_BINARY,FMOD0030,FMOD0030,False
Q6K00110,Q6K00110_N05,CODE_BINARY,FMOD0056,UNKNOWN,True
Q6K00110,Q6K00110_N06,CODE_BINARY,FMOD0030,FMOD0030,False
Q6K00110,Q6K00110_N07,IMAGE,FMOD0030,FMOD0030,False
Q6K00111,Q6K00111_N01,CODE_BINARY,FMOD0065,FMOD0065,False
Q6K00111,Q6K00111_N02,IMAGE,FMOD0065,FMOD0065,False
Q6K00111,Q6K00111_N03,STRUCTURED,FMOD0058,UNKNOWN,True
Q6K00111,Q6K00111_N04,CODE_BINARY,FMOD0058,UNKNOWN,True
Q6K00111,Q6K00111_N05,CODE_BINARY,FMOD0065,FMOD0065,False
Q6K00111,Q6K00111_N06,CODE_BINARY,FMOD0058,UNKNOWN,True
Q6K00111,Q6K00111_N07,CODE_BINARY,FMOD0065,FMOD0065,False
Q6K00112,Q6K00112_N01,IMAGE,FMOD0045,FMOD0045,False
Q6K00112,Q6K00112_N02,CODE_BINARY,FMOD0045,FMOD0045,False
Q6K00112,Q6K00112_N03,CODE_BINARY,FMOD0045,FMOD0045,False
Q6K00112,Q6K00112_N04,CODE_BINARY,FMOD0058,UNKNOWN,True
Q6K00112,Q6K00112_N05,STRUCTURED,FMOD0058,UNKNOWN,True
Q6K00112,Q6K00112_N06,CODE_BINARY,FMOD0058,UNKNOWN,True
Q6K00112,Q6K00112_N07,CODE_BINARY,FMOD0058,UNKNOWN,True
Q6K00113,Q6K00113_N01,STRUCTURED,FMOD0072,UNKNOWN,True
Q6K00113,Q6K00113_N02,IMAGE,FMOD0041,FMOD0041,False
Q6K00113,Q6K00113_N03,CODE_BINARY,FMOD0072,UNKNOWN,True
Q6K00113,Q6K00113_N04,CODE_BINARY,FMOD0072,UNKNOWN,True
Q6K00113,Q6K00113_N05,CODE_BINARY,FMOD0041,FMOD0041,False
Q6K00113,Q6K00113_N06,CODE_BINARY,FMOD0041,FMOD0041,False
Q6K00113,Q6K00113_N07,CODE_BINARY,FMOD0041,FMOD0041,False
Q6K00114,Q6K00114_N01,CODE_BINARY,FMOD0065,FMOD0065,False
Q6K00114,Q6K00114_N02,CODE_BINARY,FMOD0039,UNKNOWN,True
Q6K00114,Q6K00114_N03,CODE_BINARY,FMOD0065,FMOD0065,False
Q6K00114,Q6K00114_N04,IMAGE,FMOD0065,FMOD0065,False
Q6K00114,Q6K00114_N05,CODE_BINARY,FMOD0065,FMOD0065,False
Q6K00114,Q6K00114_N06,CODE_BINARY,FMOD0039,UNKNOWN,True
Q6K00114,Q6K00114_N07,STRUCTURED,FMOD0039,UNKNOWN,True
Q6K00115,Q6K00115_N01,CODE_BINARY,FMOD0020,FMOD0020,False
Q6K00115,Q6K00115_N02,CODE_BINARY,FMOD0056,UNKNOWN,True
Q6K00115,Q6K00115_N03,STRUCTURED,FMOD0056,UNKNOWN,True
Q6K00115,Q6K00115_N04,CODE_BINARY,FMOD0056,UNKNOWN,True
Q6K00115,Q6K00115_N05,IMAGE,FMOD0056,UNKNOWN,True
Q6K00115,Q6K00115_N06,CODE_BINARY,FMOD0056,UNKNOWN,True
Q6K00115,Q6K00115_N07,CODE_BINARY,FMOD0020,FMOD0020,False
Q6K00116,Q6K00116_N01,STRUCTURED,FMOD0034,UNKNOWN,True
Q6K00116,Q6K00116_N02,CODE_BINARY,FMOD0030,FMOD0030,False
Q6K00116,Q6K00116_N03,CODE_BINARY,FMOD0034,UNKNOWN,True
Q6K00116,Q6K00116_N04,CODE_BINARY,FMOD0034,UNKNOWN,True
Q6K00116,Q6K00116_N05,IMAGE,FMOD0034,UNKNOWN,True
Q6K00116,Q6K00116_N06,CODE_BINARY,FMOD0034,UNKNOWN,True
Q6K00116,Q6K00116_N07,CODE_BINARY,FMOD0030,FMOD0030,False
Q6K00117,Q6K00117_N01,CODE_BINARY,FMOD0052,FMOD0052,False
Q6K00117,Q6K00117_N02,CODE_BINARY,FMOD0072,UNKNOWN,True
Q6K00117,Q6K00117_N03,IMAGE,FMOD0072,UNKNOWN,True
Q6K00117,Q6K00117_N04,CODE_BINARY,FMOD0072,UNKNOWN,True
Q6K00117,Q6K00117_N05,CODE_BINARY,FMOD0072,UNKNOWN,True
Q6K00117,Q6K00117_N06,CODE_BINARY,FMOD0052,FMOD0052,False
Q6K00117,Q6K00117_N07,STRUCTURED,FMOD0052,FMOD0052,False
Q6K00118,Q6K00118_N01,CODE_BINARY,FMOD0081,FMOD0081,False
Q6K00118,Q6K00118_N02,CODE_BINARY,FMOD0081,FMOD0081,False
Q6K00118,Q6K00118_N03,CODE_BINARY,FMOD0081,FMOD0081,False
Q6K00118,Q6K00118_N04,CODE_BINARY,FMOD0082,UNKNOWN,True
Q6K00118,Q6K00118_N05,IMAGE,FMOD0082,UNKNOWN,True
Q6K00118,Q6K00118_N06,STRUCTURED,FMOD0082,UNKNOWN,True
Q6K00118,Q6K00118_N07,CODE_BINARY,FMOD0082,UNKNOWN,True
Q6K00119,Q6K00119_N01,CODE_BINARY,FMOD0057,UNKNOWN,True
Q6K00119,Q6K00119_N02,STRUCTURED,FMOD0002,FMOD0002,False
Q6K00119,Q6K00119_N03,CODE_BINARY,FMOD0002,FMOD0002,False
Q6K00119,Q6K00119_N04,CODE_BINARY,FMOD0057,UNKNOWN,True
Q6K00119,Q6K00119_N05,CODE_BINARY,FMOD0002,FMOD0002,False
Q6K00119,Q6K00119_N06,IMAGE,FMOD0057,UNKNOWN,True
Q6K00119,Q6K00119_N07,CODE_BINARY,FMOD0002,FMOD0002,False
Q6K00120,Q6K00120_N01,CODE_BINARY,FMOD0034,UNKNOWN,True
Q6K00120,Q6K00120_N02,STRUCTURED,FMOD0034,UNKNOWN,True
Q6K00120,Q6K00120_N03,IMAGE,FMOD0082,FMOD0082,False
Q6K00120,Q6K00120_N04,CODE_BINARY,FMOD0034,UNKNOWN,True
Q6K00120,Q6K00120_N05,CODE_BINARY,FMOD0082,FMOD0082,False
Q6K00120,Q6K00120_N06,CODE_BINARY,FMOD0082,FMOD0082,False
Q6K00120,Q6K00120_N07,CODE_BINARY,FMOD0034,UNKNOWN,True
Q6K00121,Q6K00121_N01,CODE_BINARY,FMOD0052,FMOD0052,False
Q6K00121,Q6K00121_N02,STRUCTURED,FMOD0041,FMOD0041,False
Q6K00121,Q6K00121_N03,IMAGE,FMOD0041,FMOD0041,False
Q6K00121,Q6K00121_N04,CODE_BINARY,FMOD0063,UNKNOWN,True
Q6K00121,Q6K00121_N05,CODE_BINARY,FMOD0041,FMOD0041,False
Q6K00121,Q6K00121_N06,CODE_BINARY,FMOD0041,FMOD0041,False
Q6K00121,Q6K00121_N07,CODE_BINARY,FMOD0052,FMOD0052,False
Q6K00122,Q6K00122_N01,IMAGE,FMOD0002,UNKNOWN,True
Q6K00122,Q6K00122_N02,CODE_BINARY,FMOD0056,FMOD0056,False
Q6K00122,Q6K00122_N03,STRUCTURED,FMOD0072,FMOD0072,False
Q6K00122,Q6K00122_N04,CODE_BINARY,FMOD0072,FMOD0072,False
Q6K00122,Q6K00122_N05,CODE_BINARY,FMOD0072,FMOD0072,False
Q6K00122,Q6K00122_N06,CODE_BINARY,FMOD0002,UNKNOWN,True
Q6K00122,Q6K00122_N07,CODE_BINARY,FMOD0056,FMOD0056,False
Q6K00123,Q6K00123_N01,IMAGE,FMOD0058,UNKNOWN,True
Q6K00123,Q6K00123_N02,CODE_BINARY,FMOD0058,UNKNOWN,True
Q6K00123,Q6K00123_N03,STRUCTURED,FMOD0058,UNKNOWN,True
Q6K00123,Q6K00123_N04,CODE_BINARY,FMOD0058,UNKNOWN,True
Q6K00123,Q6K00123_N05,CODE_BINARY,FMOD0045,FMOD0045,False
Q6K00123,Q6K00123_N06,CODE_BINARY,FMOD0072,FMOD0072,False
Q6K00123,Q6K00123_N07,CODE_BINARY,FMOD0045,FMOD0045,False
Q6K00124,Q6K00124_N01,CODE_BINARY,FMOD0101,UNKNOWN,True
Q6K00124,Q6K00124_N02,STRUCTURED,FMOD0101,UNKNOWN,True
Q6K00124,Q6K00124_N03,CODE_BINARY,FMOD0097,FMOD0097,False
Q6K00124,Q6K00124_N04,IMAGE,FMOD0097,FMOD0097,False
Q6K00124,Q6K00124_N05,CODE_BINARY,FMOD0097,FMOD0097,False
Q6K00124,Q6K00124_N06,CODE_BINARY,FMOD0063,FMOD0063,False
Q6K00124,Q6K00124_N07,CODE_BINARY,FMOD0063,FMOD0063,False
Q6K00125,Q6K00125_N01,CODE_BINARY,FMOD0097,UNKNOWN,True
Q6K00125,Q6K00125_N02,STRUCTURED,FMOD0020,FMOD0020,False
Q6K00125,Q6K00125_N03,CODE_BINARY,FMOD0020,FMOD0020,False
Q6K00125,Q6K00125_N04,CODE_BINARY,FMOD0020,FMOD0020,False
Q6K00125,Q6K00125_N05,CODE_BINARY,FMOD0039,FMOD0039,False
Q6K00125,Q6K00125_N06,IMAGE,FMOD0020,FMOD0020,False
Q6K00125,Q6K00125_N07,CODE_BINARY,FMOD0039,FMOD0039,False
Q6K00126,Q6K00126_N01,CODE_BINARY,FMOD0057,FMOD0057,False
Q6K00126,Q6K00126_N02,CODE_BINARY,FMOD0057,FMOD0057,False
Q6K00126,Q6K00126_N03,CODE_BINARY,FMOD0101,UNKNOWN,True
Q6K00126,Q6K00126_N04,IMAGE,FMOD0057,FMOD0057,False
Q6K00126,Q6K00126_N05,STRUCTURED,FMOD0052,FMOD0052,False
Q6K00126,Q6K00126_N06,CODE_BINARY,FMOD0052,FMOD0052,False
Q6K00126,Q6K00126_N07,CODE_BINARY,FMOD0101,UNKNOWN,True
Q6K00127,Q6K00127_N01,CODE_BINARY,FMOD0058,UNKNOWN,True
Q6K00127,Q6K00127_N02,CODE_BINARY,FMOD0045,FMOD0045,False
Q6K00127,Q6K00127_N03,IMAGE,FMOD0045,FMOD0045,False
Q6K00127,Q6K00127_N04,CODE_BINARY,FMOD0058,UNKNOWN,True
Q6K00127,Q6K00127_N05,STRUCTURED,FMOD0058,UNKNOWN,True
Q6K00127,Q6K00127_N06,CODE_BINARY,FMOD0072,FMOD0072,False
Q6K00127,Q6K00127_N07,CODE_BINARY,FMOD0072,FMOD0072,False
Q6K00128,Q6K00128_N01,IMAGE,FMOD0097,UNKNOWN,True
Q6K00128,Q6K00128_N02,CODE_BINARY,FMOD0097,UNKNOWN,True
Q6K00128,Q6K00128_N03,CODE_BINARY,FMOD0059,FMOD0059,False
Q6K00128,Q6K00128_N04,CODE_BINARY,FMOD0101,FMOD0101,False
Q6K00128,Q6K00128_N05,CODE_BINARY,FMOD0097,UNKNOWN,True
Q6K00128,Q6K00128_N06,STRUCTURED,FMOD0059,FMOD0059,False
Q6K00128,Q6K00128_N07,CODE_BINARY,FMOD0101,FMOD0101,False
Q6K00129,Q6K00129_N01,CODE_BINARY,FMOD0097,FMOD0097,False
Q6K00129,Q6K00129_N02,CODE_BINARY,FMOD0097,FMOD0097,False
Q6K00129,Q6K00129_N03,CODE_BINARY,FMOD0065,UNKNOWN,True
Q6K00129,Q6K00129_N04,CODE_BINARY,FMOD0065,UNKNOWN,True
Q6K00129,Q6K00129_N05,STRUCTURED,FMOD0097,FMOD0097,False
Q6K00129,Q6K00129_N06,IMAGE,FMOD0065,UNKNOWN,True
Q6K00129,Q6K00129_N07,CODE_BINARY,FMOD0072,FMOD0072,False
Q6K00130,Q6K00130_N01,STRUCTURED,FMOD0002,UNKNOWN,True
Q6K00130,Q6K00130_N02,CODE_BINARY,FMOD0041,FMOD0041,False
Q6K00130,Q6K00130_N03,CODE_BINARY,FMOD0020,FMOD0020,False
Q6K00130,Q6K00130_N04,IMAGE,FMOD0002,UNKNOWN,True
Q6K00130,Q6K00130_N05,CODE_BINARY,FMOD0020,FMOD0020,False
Q6K00130,Q6K00130_N06,CODE_BINARY,FMOD0002,UNKNOWN,True
Q6K00130,Q6K00130_N07,CODE_BINARY,FMOD0002,UNKNOWN,True
Q6K00131,Q6K00131_N01,IMAGE,FMOD0082,UNKNOWN,True
Q6K00131,Q6K00131_N02,CODE_BINARY,FMOD0082,UNKNOWN,True
Q6K00131,Q6K00131_N03,CODE_BINARY,FMOD0059,FMOD0059,False
Q6K00131,Q6K00131_N04,CODE_BINARY,FMOD0059,FMOD0059,False
Q6K00131,Q6K00131_N05,CODE_BINARY,FMOD0072,FMOD0072,False
Q6K00131,Q6K00131_N06,STRUCTURED,FMOD0059,FMOD0059,False
Q6K00131,Q6K00131_N07,CODE_BINARY,FMOD0082,UNKNOWN,True
Q6K00132,Q6K00132_N01,CODE_BINARY,FMOD0056,UNKNOWN,True
Q6K00132,Q6K00132_N02,CODE_BINARY,FMOD0082,FMOD0082,False
Q6K00132,Q6K00132_N03,IMAGE,FMOD0039,FMOD0039,False
Q6K00132,Q6K00132_N04,CODE_BINARY,FMOD0039,FMOD0039,False
Q6K00132,Q6K00132_N05,STRUCTURED,FMOD0056,UNKNOWN,True
Q6K00132,Q6K00132_N06,CODE_BINARY,FMOD0082,FMOD0082,False
Q6K00132,Q6K00132_N07,CODE_BINARY,FMOD0039,FMOD0039,False
Q6K00133,Q6K00133_N01,CODE_BINARY,FMOD0101,FMOD0101,False
Q6K00133,Q6K00133_N02,IMAGE,FMOD0101,FMOD0101,False
Q6K00133,Q6K00133_N03,CODE_BINARY,FMOD0101,FMOD0101,False
Q6K00133,Q6K00133_N04,STRUCTURED,FMOD0101,FMOD0101,False
Q6K00133,Q6K00133_N05,CODE_BINARY,FMOD0097,UNKNOWN,True
Q6K00133,Q6K00133_N06,CODE_BINARY,FMOD0034,FMOD0034,False
Q6K00133,Q6K00133_N07,CODE_BINARY,FMOD0097,UNKNOWN,True
Q6K00134,Q6K00134_N01,CODE_BINARY,FMOD0056,FMOD0056,False
Q6K00134,Q6K00134_N02,IMAGE,FMOD0056,FMOD0056,False
Q6K00134,Q6K00134_N03,CODE_BINARY,FMOD0065,FMOD0065,False
Q6K00134,Q6K00134_N04,STRUCTURED,FMOD0057,UNKNOWN,True
Q6K00134,Q6K00134_N05,CODE_BINARY,FMOD0056,FMOD0056,False
Q6K00134,Q6K00134_N06,CODE_BINARY,FMOD0057,UNKNOWN,True
Q6K00134,Q6K00134_N07,CODE_BINARY,FMOD0057,UNKNOWN,True
Q6K00135,Q6K00135_N01,STRUCTURED,FMOD0065,FMOD0065,False
Q6K00135,Q6K00135_N02,CODE_BINARY,FMOD0063,FMOD0063,False
Q6K00135,Q6K00135_N03,CODE_BINARY,FMOD0063,FMOD0063,False
Q6K00135,Q6K00135_N04,IMAGE,FMOD0065,FMOD0065,False
Q6K00135,Q6K00135_N05,CODE_BINARY,FMOD0072,UNKNOWN,True
Q6K00135,Q6K00135_N06,CODE_BINARY,FMOD0072,UNKNOWN,True
Q6K00135,Q6K00135_N07,CODE_BINARY,FMOD0065,FMOD0065,False
Q6K00136,Q6K00136_N01,CODE_BINARY,FMOD0059,FMOD0059,False
Q6K00136,Q6K00136_N02,IMAGE,FMOD0081,UNKNOWN,True
Q6K00136,Q6K00136_N03,STRUCTURED,FMOD0059,FMOD0059,False
Q6K00136,Q6K00136_N04,CODE_BINARY,FMOD0081,UNKNOWN,True
Q6K00136,Q6K00136_N05,CODE_BINARY,FMOD0082,FMOD0082,False
Q6K00136,Q6K00136_N06,CODE_BINARY,FMOD0081,UNKNOWN,True
Q6K00136,Q6K00136_N07,CODE_BINARY,FMOD0082,FMOD0082,False
Q6K00137,Q6K00137_N01,IMAGE,FMOD0020,FMOD0020,False
Q6K00137,Q6K00137_N02,CODE_BINARY,FMOD0020,FMOD0020,False
Q6K00137,Q6K00137_N03,CODE_BINARY,FMOD0020,FMOD0020,False
Q6K00137,Q6K00137_N04,STRUCTURED,FMOD0072,UNKNOWN,True
Q6K00137,Q6K00137_N05,CODE_BINARY,FMOD0039,FMOD0039,False
Q6K00137,Q6K00137_N06,CODE_BINARY,FMOD0039,FMOD0039,False
Q6K00137,Q6K00137_N07,CODE_BINARY,FMOD0072,UNKNOWN,True
Q6K00138,Q6K00138_N01,CODE_BINARY,FMOD0056,FMOD0056,False
Q6K00138,Q6K00138_N02,IMAGE,FMOD0057,FMOD0057,False
Q6K00138,Q6K00138_N03,CODE_BINARY,FMOD0057,FMOD0057,False
Q6K00138,Q6K00138_N04,STRUCTURED,FMOD0072,UNKNOWN,True
Q6K00138,Q6K00138_N05,CODE_BINARY,FMOD0072,UNKNOWN,True
Q6K00138,Q6K00138_N06,CODE_BINARY,FMOD0072,UNKNOWN,True
Q6K00138,Q6K00138_N07,CODE_BINARY,FMOD0056,FMOD0056,False
Q6K00139,Q6K00139_N01,CODE_BINARY,FMOD0039,FMOD0039,False
Q6K00139,Q6K00139_N02,STRUCTURED,FMOD0072,FMOD0072,False
Q6K00139,Q6K00139_N03,CODE_BINARY,FMOD0039,FMOD0039,False
Q6K00139,Q6K00139_N04,IMAGE,FMOD0039,FMOD0039,False
Q6K00139,Q6K00139_N05,CODE_BINARY,FMOD0072,FMOD0072,False
Q6K00139,Q6K00139_N06,CODE_BINARY,FMOD0020,UNKNOWN,True
Q6K00139,Q6K00139_N07,CODE_BINARY,FMOD0072,FMOD0072,False
Q6K00140,Q6K00140_N01,IMAGE,FMOD0101,FMOD0101,False
Q6K00140,Q6K00140_N02,CODE_BINARY,FMOD0039,FMOD0039,False
Q6K00140,Q6K00140_N03,STRUCTURED,FMOD0020,UNKNOWN,True
Q6K00140,Q6K00140_N04,CODE_BINARY,FMOD0101,FMOD0101,False
Q6K00140,Q6K00140_N05,CODE_BINARY,FMOD0039,FMOD0039,False
Q6K00140,Q6K00140_N06,CODE_BINARY,FMOD0020,UNKNOWN,True
Q6K00140,Q6K00140_N07,CODE_BINARY,FMOD0101,FMOD0101,False
Q6K00141,Q6K00141_N01,CODE_BINARY,FMOD0002,UNKNOWN,True
Q6K00141,Q6K00141_N02,CODE_BINARY,FMOD0072,FMOD0072,False
Q6K00141,Q6K00141_N03,IMAGE,FMOD0002,UNKNOWN,True
Q6K00141,Q6K00141_N04,STRUCTURED,FMOD0030,FMOD0030,False
Q6K00141,Q6K00141_N05,CODE_BINARY,FMOD0002,UNKNOWN,True
Q6K00141,Q6K00141_N06,CODE_BINARY,FMOD0030,FMOD0030,False
Q6K00141,Q6K00141_N07,CODE_BINARY,FMOD0072,FMOD0072,False
Q6K00142,Q6K00142_N01,CODE_BINARY,FMOD0058,FMOD0058,False
Q6K00142,Q6K00142_N02,STRUCTURED,FMOD0056,UNKNOWN,True
Q6K00142,Q6K00142_N03,IMAGE,FMOD0058,FMOD0058,False
Q6K00142,Q6K00142_N04,CODE_BINARY,FMOD0056,UNKNOWN,True
Q6K00142,Q6K00142_N05,CODE_BINARY,FMOD0056,UNKNOWN,True
Q6K00142,Q6K00142_N06,CODE_BINARY,FMOD0041,FMOD0041,False
Q6K00142,Q6K00142_N07,CODE_BINARY,FMOD0041,FMOD0041,False
Q6K00143,Q6K00143_N01,CODE_BINARY,FMOD0101,FMOD0101,False
Q6K00143,Q6K00143_N02,CODE_BINARY,FMOD0002,FMOD0002,False
Q6K00143,Q6K00143_N03,CODE_BINARY,FMOD0002,FMOD0002,False
Q6K00143,Q6K00143_N04,CODE_BINARY,FMOD0057,UNKNOWN,True
Q6K00143,Q6K00143_N05,STRUCTURED,FMOD0057,UNKNOWN,True
Q6K00143,Q6K00143_N06,IMAGE,FMOD0057,UNKNOWN,True
Q6K00143,Q6K00143_N07,CODE_BINARY,FMOD0101,FMOD0101,False
Q6K00144,Q6K00144_N01,STRUCTURED,FMOD0020,FMOD0020,False
Q6K00144,Q6K00144_N02,CODE_BINARY,FMOD0020,FMOD0020,False
Q6K00144,Q6K00144_N03,CODE_BINARY,FMOD0063,FMOD0063,False
Q6K00144,Q6K00144_N04,CODE_BINARY,FMOD0034,UNKNOWN,True
Q6K00144,Q6K00144_N05,IMAGE,FMOD0063,FMOD0063,False
Q6K00144,Q6K00144_N06,CODE_BINARY,FMOD0063,FMOD0063,False
Q6K00144,Q6K00144_N07,CODE_BINARY,FMOD0020,FMOD0020,False
Q6K00145,Q6K00145_N01,CODE_BINARY,FMOD0081,FMOD0081,False
Q6K00145,Q6K00145_N02,CODE_BINARY,FMOD0030,FMOD0030,False
Q6K00145,Q6K00145_N03,IMAGE,FMOD0065,UNKNOWN,True
Q6K00145,Q6K00145_N04,CODE_BINARY,FMOD0081,FMOD0081,False
Q6K00145,Q6K00145_N05,CODE_BINARY,FMOD0065,UNKNOWN,True
Q6K00145,Q6K00145_N06,STRUCTURED,FMOD0081,FMOD0081,False
Q6K00145,Q6K00145_N07,CODE_BINARY,FMOD0065,UNKNOWN,True
Q6K00146,Q6K00146_N01,CODE_BINARY,FMOD0002,FMOD0002,False
Q6K00146,Q6K00146_N02,CODE_BINARY,FMOD0034,FMOD0034,False
Q6K00146,Q6K00146_N03,CODE_BINARY,FMOD0034,FMOD0034,False
Q6K00146,Q6K00146_N04,STRUCTURED,FMOD0045,UNKNOWN,True
Q6K00146,Q6K00146_N05,IMAGE,FMOD0002,FMOD0002,False
Q6K00146,Q6K00146_N06,CODE_BINARY,FMOD0002,FMOD0002,False
Q6K00146,Q6K00146_N07,CODE_BINARY,FMOD0045,UNKNOWN,True
Q6K00147,Q6K00147_N01,CODE_BINARY,FMOD0097,FMOD0097,False
Q6K00147,Q6K00147_N02,IMAGE,FMOD0002,UNKNOWN,True
Q6K00147,Q6K00147_N03,CODE_BINARY,FMOD0097,FMOD0097,False
Q6K00147,Q6K00147_N04,CODE_BINARY,FMOD0034,FMOD0034,False
Q6K00147,Q6K00147_N05,CODE_BINARY,FMOD0002,UNKNOWN,True
Q6K00147,Q6K00147_N06,STRUCTURED,FMOD0002,UNKNOWN,True
Q6K00147,Q6K00147_N07,CODE_BINARY,FMOD0034,FMOD0034,False
Q6K00148,Q6K00148_N01,CODE_BINARY,FMOD0056,FMOD0056,False
Q6K00148,Q6K00148_N02,CODE_BINARY,FMOD0052,UNKNOWN,True
Q6K00148,Q6K00148_N03,CODE_BINARY,FMOD0052,UNKNOWN,True
Q6K00148,Q6K00148_N04,STRUCTURED,FMOD0052,UNKNOWN,True
Q6K00148,Q6K00148_N05,IMAGE,FMOD0056,FMOD0056,False
Q6K00148,Q6K00148_N06,CODE_BINARY,FMOD0056,FMOD0056,False
Q6K00148,Q6K00148_N07,CODE_BINARY,FMOD0101,FMOD0101,False
Q6K00149,Q6K00149_N01,CODE_BINARY,FMOD0081,FMOD0081,False
Q6K00149,Q6K00149_N02,STRUCTURED,FMOD0065,UNKNOWN,True
Q6K00149,Q6K00149_N03,IMAGE,FMOD0081,FMOD0081,False
Q6K00149,Q6K00149_N04,CODE_BINARY,FMOD0058,FMOD0058,False
Q6K00149,Q6K00149_N05,CODE_BINARY,FMOD0081,FMOD0081,False
Q6K00149,Q6K00149_N06,CODE_BINARY,FMOD0065,UNKNOWN,True
Q6K00149,Q6K00149_N07,CODE_BINARY,FMOD0058,FMOD0058,False
Q6K00150,Q6K00150_N01,STRUCTURED,FMOD0101,UNKNOWN,True
Q6K00150,Q6K00150_N02,CODE_BINARY,FMOD0101,UNKNOWN,True
Q6K00150,Q6K00150_N03,CODE_BINARY,FMOD0002,FMOD0002,False
Q6K00150,Q6K00150_N04,CODE_BINARY,FMOD0063,FMOD0063,False
Q6K00150,Q6K00150_N05,CODE_BINARY,FMOD0101,UNKNOWN,True
Q6K00150,Q6K00150_N06,IMAGE,FMOD0002,FMOD0002,False
Q6K00150,Q6K00150_N07,CODE_BINARY,FMOD0002,FMOD0002,False
Q6K00151,Q6K00151_N01,CODE_BINARY,FMOD0082,UNKNOWN,True
Q6K00151,Q6K00151_N02,CODE_BINARY,FMOD0059,FMOD0059,False
Q6K00151,Q6K00151_N03,CODE_BINARY,FMOD0059,FMOD0059,False
Q6K00151,Q6K00151_N04,IMAGE,FMOD0082,UNKNOWN,True
Q6K00151,Q6K00151_N05,CODE_BINARY,FMOD0101,FMOD0101,False
Q6K00151,Q6K00151_N06,STRUCTURED,FMOD0082,UNKNOWN,True
Q6K00151,Q6K00151_N07,CODE_BINARY,FMOD0082,UNKNOWN,True
Q6K00152,Q6K00152_N01,CODE_BINARY,FMOD0101,FMOD0101,False
Q6K00152,Q6K00152_N02,CODE_BINARY,FMOD0030,FMOD0030,False
Q6K00152,Q6K00152_N03,STRUCTURED,FMOD0030,FMOD0030,False
Q6K00152,Q6K00152_N04,CODE_BINARY,FMOD0030,FMOD0030,False
Q6K00152,Q6K00152_N05,CODE_BINARY,FMOD0052,UNKNOWN,True
Q6K00152,Q6K00152_N06,IMAGE,FMOD0052,UNKNOWN,True
Q6K00152,Q6K00152_N07,CODE_BINARY,FMOD0052,UNKNOWN,True
Q6K00153,Q6K00153_N01,IMAGE,FMOD0057,FMOD0057,False
Q6K00153,Q6K00153_N02,CODE_BINARY,FMOD0058,FMOD0058,False
Q6K00153,Q6K00153_N03,STRUCTURED,FMOD0002,UNKNOWN,True
Q6K00153,Q6K00153_N04,CODE_BINARY,FMOD0057,FMOD0057,False
Q6K00153,Q6K00153_N05,CODE_BINARY,FMOD0002,UNKNOWN,True
Q6K00153,Q6K00153_N06,CODE_BINARY,FMOD0002,UNKNOWN,True
Q6K00153,Q6K00153_N07,CODE_BINARY,FMOD0058,FMOD0058,False
Q6K00154,Q6K00154_N01,STRUCTURED,FMOD0056,UNKNOWN,True
Q6K00154,Q6K00154_N02,CODE_BINARY,FMOD0020,FMOD0020,False
Q6K00154,Q6K00154_N03,CODE_BINARY,FMOD0020,FMOD0020,False
Q6K00154,Q6K00154_N04,IMAGE,FMOD0020,FMOD0020,False
Q6K00154,Q6K00154_N05,CODE_BINARY,FMOD0056,UNKNOWN,True
Q6K00154,Q6K00154_N06,CODE_BINARY,FMOD0002,FMOD0002,False
Q6K00154,Q6K00154_N07,CODE_BINARY,FMOD0002,FMOD0002,False
Q6K00155,Q6K00155_N01,CODE_BINARY,FMOD0056,FMOD0056,False
Q6K00155,Q6K00155_N02,CODE_BINARY,FMOD0059,UNKNOWN,True
Q6K00155,Q6K00155_N03,IMAGE,FMOD0039,FMOD0039,False
Q6K00155,Q6K00155_N04,CODE_BINARY,FMOD0039,FMOD0039,False
Q6K00155,Q6K00155_N05,CODE_BINARY,FMOD0056,FMOD0056,False
Q6K00155,Q6K00155_N06,CODE_BINARY,FMOD0039,FMOD0039,False
Q6K00155,Q6K00155_N07,STRUCTURED,FMOD0039,FMOD0039,False
Q6K00156,Q6K00156_N01,STRUCTURED,FMOD0057,UNKNOWN,True
Q6K00156,Q6K00156_N02,CODE_BINARY,FMOD0057,UNKNOWN,True
Q6K00156,Q6K00156_N03,CODE_BINARY,FMOD0057,UNKNOWN,True
Q6K00156,Q6K00156_N04,CODE_BINARY,FMOD0002,FMOD0002,False
Q6K00156,Q6K00156_N05,IMAGE,FMOD0002,FMOD0002,False
Q6K00156,Q6K00156_N06,CODE_BINARY,FMOD0002,FMOD0002,False
Q6K00156,Q6K00156_N07,CODE_BINARY,FMOD0065,FMOD0065,False
Q6K00157,Q6K00157_N01,CODE_BINARY,FMOD0030,FMOD0030,False
Q6K00157,Q6K00157_N02,CODE_BINARY,FMOD0020,FMOD0020,False
Q6K00157,Q6K00157_N03,CODE_BINARY,FMOD0020,FMOD0020,False
Q6K00157,Q6K00157_N04,CODE_BINARY,FMOD0082,UNKNOWN,True
Q6K00157,Q6K00157_N05,IMAGE,FMOD0030,FMOD0030,False
Q6K00157,Q6K00157_N06,STRUCTURED,FMOD0082,UNKNOWN,True
Q6K00157,Q6K00157_N07,CODE_BINARY,FMOD0082,UNKNOWN,True
Q6K00158,Q6K00158_N01,CODE_BINARY,FMOD0052,FMOD0052,False
Q6K00158,Q6K00158_N02,IMAGE,FMOD0052,FMOD0052,False
Q6K00158,Q6K00158_N03,CODE_BINARY,FMOD0057,UNKNOWN,True
Q6K00158,Q6K00158_N04,CODE_BINARY,FMOD0057,UNKNOWN,True
Q6K00158,Q6K00158_N05,CODE_BINARY,FMOD0097,FMOD0097,False
Q6K00158,Q6K00158_N06,STRUCTURED,FMOD0097,FMOD0097,False
Q6K00158,Q6K00158_N07,CODE_BINARY,FMOD0097,FMOD0097,False
Q6K00159,Q6K00159_N01,STRUCTURED,FMOD0082,UNKNOWN,True
Q6K00159,Q6K00159_N02,CODE_BINARY,FMOD0072,FMOD0072,False
Q6K00159,Q6K00159_N03,CODE_BINARY,FMOD0041,FMOD0041,False
Q6K00159,Q6K00159_N04,CODE_BINARY,FMOD0041,FMOD0041,False
Q6K00159,Q6K00159_N05,CODE_BINARY,FMOD0082,UNKNOWN,True
Q6K00159,Q6K00159_N06,IMAGE,FMOD0082,UNKNOWN,True
Q6K00159,Q6K00159_N07,CODE_BINARY,FMOD0082,UNKNOWN,True
Q6K00160,Q6K00160_N01,CODE_BINARY,FMOD0052,UNKNOWN,True
Q6K00160,Q6K00160_N02,IMAGE,FMOD0041,FMOD0041,False
Q6K00160,Q6K00160_N03,CODE_BINARY,FMOD0052,UNKNOWN,True
Q6K00160,Q6K00160_N04,CODE_BINARY,FMOD0072,FMOD0072,False
Q6K00160,Q6K00160_N05,STRUCTURED,FMOD0041,FMOD0041,False
Q6K00160,Q6K00160_N06,CODE_BINARY,FMOD0072,FMOD0072,False
Q6K00160,Q6K00160_N07,CODE_BINARY,FMOD0041,FMOD0041,False
Q6K00161,Q6K00161_N01,CODE_BINARY,FMOD0059,FMOD0059,False
Q6K00161,Q6K00161_N02,STRUCTURED,FMOD0059,FMOD0059,False
Q6K00161,Q6K00161_N03,CODE_BINARY,FMOD0063,FMOD0063,False
Q6K00161,Q6K00161_N04,CODE_BINARY,FMOD0041,UNKNOWN,True
Q6K00161,Q6K00161_N05,CODE_BINARY,FMOD0063,FMOD0063,False
Q6K00161,Q6K00161_N06,CODE_BINARY,FMOD0041,UNKNOWN,True
Q6K00161,Q6K00161_N07,IMAGE,FMOD0041,UNKNOWN,True
Q6K00162,Q6K00162_N01,CODE_BINARY,FMOD0082,FMOD0082,False
Q6K00162,Q6K00162_N02,CODE_BINARY,FMOD0082,FMOD0082,False
Q6K00162,Q6K00162_N03,IMAGE,FMOD0058,UNKNOWN,True
Q6K00162,Q6K00162_N04,CODE_BINARY,FMOD0045,FMOD0045,False
Q6K00162,Q6K00162_N05,STRUCTURED,FMOD0082,FMOD0082,False
Q6K00162,Q6K00162_N06,CODE_BINARY,FMOD0058,UNKNOWN,True
Q6K00162,Q6K00162_N07,CODE_BINARY,FMOD0045,FMOD0045,False
Q6K00163,Q6K00163_N01,IMAGE,FMOD0052,UNKNOWN,True
Q6K00163,Q6K00163_N02,CODE_BINARY,FMOD0034,FMOD0034,False
Q6K00163,Q6K00163_N03,CODE_BINARY,FMOD0052,UNKNOWN,True
Q6K00163,Q6K00163_N04,CODE_BINARY,FMOD0030,FMOD0030,False
Q6K00163,Q6K00163_N05,CODE_BINARY,FMOD0052,UNKNOWN,True
Q6K00163,Q6K00163_N06,STRUCTURED,FMOD0052,UNKNOWN,True
Q6K00163,Q6K00163_N07,CODE_BINARY,FMOD0030,FMOD0030,False
Q6K00164,Q6K00164_N01,CODE_BINARY,FMOD0058,FMOD0058,False
Q6K00164,Q6K00164_N02,CODE_BINARY,FMOD0034,UNKNOWN,True
Q6K00164,Q6K00164_N03,CODE_BINARY,FMOD0058,FMOD0058,False
Q6K00164,Q6K00164_N04,CODE_BINARY,FMOD0002,FMOD0002,False
Q6K00164,Q6K00164_N05,IMAGE,FMOD0034,UNKNOWN,True
Q6K00164,Q6K00164_N06,CODE_BINARY,FMOD0034,UNKNOWN,True
Q6K00164,Q6K00164_N07,STRUCTURED,FMOD0002,FMOD0002,False
Q6K00165,Q6K00165_N01,CODE_BINARY,FMOD0052,FMOD0052,False
Q6K00165,Q6K00165_N02,CODE_BINARY,FMOD0034,UNKNOWN,True
Q6K00165,Q6K00165_N03,CODE_BINARY,FMOD0034,UNKNOWN,True
Q6K00165,Q6K00165_N04,STRUCTURED,FMOD0034,UNKNOWN,True
Q6K00165,Q6K00165_N05,CODE_BINARY,FMOD0081,FMOD0081,False
Q6K00165,Q6K00165_N06,CODE_BINARY,FMOD0081,FMOD0081,False
Q6K00165,Q6K00165_N07,IMAGE,FMOD0034,UNKNOWN,True
Q6K00166,Q6K00166_N01,IMAGE,FMOD0056,FMOD0056,False
Q6K00166,Q6K00166_N02,CODE_BINARY,FMOD0056,FMOD0056,False
Q6K00166,Q6K00166_N03,CODE_BINARY,FMOD0065,FMOD0065,False
Q6K00166,Q6K00166_N04,STRUCTURED,FMOD0020,UNKNOWN,True
Q6K00166,Q6K00166_N05,CODE_BINARY,FMOD0020,UNKNOWN,True
Q6K00166,Q6K00166_N06,CODE_BINARY,FMOD0056,FMOD0056,False
Q6K00166,Q6K00166_N07,CODE_BINARY,FMOD0020,UNKNOWN,True
Q6K00167,Q6K00167_N01,STRUCTURED,FMOD0034,FMOD0034,False
Q6K00167,Q6K00167_N02,CODE_BINARY,FMOD0081,UNKNOWN,True
Q6K00167,Q6K00167_N03,CODE_BINARY,FMOD0081,UNKNOWN,True
Q6K00167,Q6K00167_N04,CODE_BINARY,FMOD0034,FMOD0034,False
Q6K00167,Q6K00167_N05,CODE_BINARY,FMOD0034,FMOD0034,False
Q6K00167,Q6K00167_N06,IMAGE,FMOD0045,FMOD0045,False
Q6K00167,Q6K00167_N07,CODE_BINARY,FMOD0045,FMOD0045,False
Q6K00168,Q6K00168_N01,CODE_BINARY,FMOD0002,FMOD0002,False
Q6K00168,Q6K00168_N02,CODE_BINARY,FMOD0081,UNKNOWN,True
Q6K00168,Q6K00168_N03,CODE_BINARY,FMOD0063,FMOD0063,False
Q6K00168,Q6K00168_N04,STRUCTURED,FMOD0002,FMOD0002,False
Q6K00168,Q6K00168_N05,CODE_BINARY,FMOD0081,UNKNOWN,True
Q6K00168,Q6K00168_N06,CODE_BINARY,FMOD0063,FMOD0063,False
Q6K00168,Q6K00168_N07,IMAGE,FMOD0063,FMOD0063,False
Q6K00169,Q6K00169_N01,CODE_BINARY,FMOD0065,FMOD0065,False
Q6K00169,Q6K00169_N02,CODE_BINARY,FMOD0072,FMOD0072,False
Q6K00169,Q6K00169_N03,IMAGE,FMOD0097,UNKNOWN,True
Q6K00169,Q6K00169_N04,CODE_BINARY,FMOD0072,FMOD0072,False
Q6K00169,Q6K00169_N05,CODE_BINARY,FMOD0097,UNKNOWN,True
Q6K00169,Q6K00169_N06,CODE_BINARY,FMOD0065,FMOD0065,False
Q6K00169,Q6K00169_N07,STRUCTURED,FMOD0072,FMOD0072,False
Q6K00170,Q6K00170_N01,CODE_BINARY,FMOD0034,UNKNOWN,True
Q6K00170,Q6K00170_N02,CODE_BINARY,FMOD0034,UNKNOWN,True
Q6K00170,Q6K00170_N03,IMAGE,FMOD0057,FMOD0057,False
Q6K00170,Q6K00170_N04,CODE_BINARY,FMOD0057,FMOD0057,False
Q6K00170,Q6K00170_N05,STRUCTURED,FMOD0034,UNKNOWN,True
Q6K00170,Q6K00170_N06,CODE_BINARY,FMOD0041,FMOD0041,False
Q6K00170,Q6K00170_N07,CODE_BINARY,FMOD0041,FMOD0041,False
Q6K00171,Q6K00171_N01,STRUCTURED,FMOD0059,FMOD0059,False
Q6K00171,Q6K00171_N02,IMAGE,FMOD0056,FMOD0056,False
Q6K00171,Q6K00171_N03,CODE_BINARY,FMOD0030,UNKNOWN,True
Q6K00171,Q6K00171_N04,CODE_BINARY,FMOD0059,FMOD0059,False
Q6K00171,Q6K00171_N05,CODE_BINARY,FMOD0030,UNKNOWN,True
Q6K00171,Q6K00171_N06,CODE_BINARY,FMOD0059,FMOD0059,False
Q6K00171,Q6K00171_N07,CODE_BINARY,FMOD0056,FMOD0056,False
Q6K00172,Q6K00172_N01,CODE_BINARY,FMOD0065,FMOD0065,False
Q6K00172,Q6K00172_N02,CODE_BINARY,FMOD0065,FMOD0065,False
Q6K00172,Q6K00172_N03,CODE_BINARY,FMOD0030,FMOD0030,False
Q6K00172,Q6K00172_N04,IMAGE,FMOD0063,UNKNOWN,True
Q6K00172,Q6K00172_N05,CODE_BINARY,FMOD0063,UNKNOWN,True
Q6K00172,Q6K00172_N06,STRUCTURED,FMOD0063,UNKNOWN,True
Q6K00172,Q6K00172_N07,CODE_BINARY,FMOD0063,UNKNOWN,True
Q6K00173,Q6K00173_N01,CODE_BINARY,FMOD0034,UNKNOWN,True
Q6K00173,Q6K00173_N02,IMAGE,FMOD0034,UNKNOWN,True
Q6K00173,Q6K00173_N03,CODE_BINARY,FMOD0034,UNKNOWN,True
Q6K00173,Q6K00173_N04,CODE_BINARY,FMOD0041,FMOD0041,False
Q6K00173,Q6K00173_N05,CODE_BINARY,FMOD0059,FMOD0059,False
Q6K00173,Q6K00173_N06,STRUCTURED,FMOD0041,FMOD0041,False
Q6K00173,Q6K00173_N07,CODE_BINARY,FMOD0041,FMOD0041,False
Q6K00174,Q6K00174_N01,CODE_BINARY,FMOD0063,FMOD0063,False
Q6K00174,Q6K00174_N02,IMAGE,FMOD0034,UNKNOWN,True
Q6K00174,Q6K00174_N03,STRUCTURED,FMOD0034,UNKNOWN,True
Q6K00174,Q6K00174_N04,CODE_BINARY,FMOD0034,UNKNOWN,True
Q6K00174,Q6K00174_N05,CODE_BINARY,FMOD0063,FMOD0063,False
Q6K00174,Q6K00174_N06,CODE_BINARY,FMOD0039,FMOD0039,False
Q6K00174,Q6K00174_N07,CODE_BINARY,FMOD0039,FMOD0039,False
Q6K00175,Q6K00175_N01,CODE_BINARY,FMOD0056,FMOD0056,False
Q6K00175,Q6K00175_N02,STRUCTURED,FMOD0056,FMOD0056,False
Q6K00175,Q6K00175_N03,CODE_BINARY,FMOD0056,FMOD0056,False
Q6K00175,Q6K00175_N04,CODE_BINARY,FMOD0058,UNKNOWN,True
Q6K00175,Q6K00175_N05,IMAGE,FMOD0056,FMOD0056,False
Q6K00175,Q6K00175_N06,CODE_BINARY,FMOD0072,FMOD0072,False
Q6K00175,Q6K00175_N07,CODE_BINARY,FMOD0072,FMOD0072,False
Q6K00176,Q6K00176_N01,CODE_BINARY,FMOD0020,UNKNOWN,True
Q6K00176,Q6K00176_N02,CODE_BINARY,FMOD0065,FMOD0065,False
Q6K00176,Q6K00176_N03,CODE_BINARY,FMOD0081,FMOD0081,False
Q6K00176,Q6K00176_N04,CODE_BINARY,FMOD0065,FMOD0065,False
Q6K00176,Q6K00176_N05,CODE_BINARY,FMOD0081,FMOD0081,False
Q6K00176,Q6K00176_N06,STRUCTURED,FMOD0081,FMOD0081,False
Q6K00176,Q6K00176_N07,IMAGE,FMOD0081,FMOD0081,False
Q6K00177,Q6K00177_N01,CODE_BINARY,FMOD0057,FMOD0057,False
Q6K00177,Q6K00177_N02,CODE_BINARY,FMOD0097,FMOD0097,False
Q6K00177,Q6K00177_N03,CODE_BINARY,FMOD0082,UNKNOWN,True
Q6K00177,Q6K00177_N04,STRUCTURED,FMOD0057,FMOD0057,False
Q6K00177,Q6K00177_N05,CODE_BINARY,FMOD0057,FMOD0057,False
Q6K00177,Q6K00177_N06,IMAGE,FMOD0097,FMOD0097,False
Q6K00177,Q6K00177_N07,CODE_BINARY,FMOD0082,UNKNOWN,True
Q6K00178,Q6K00178_N01,STRUCTURED,FMOD0058,FMOD0058,False
Q6K00178,Q6K00178_N02,CODE_BINARY,FMOD0058,FMOD0058,False
Q6K00178,Q6K00178_N03,CODE_BINARY,FMOD0081,UNKNOWN,True
Q6K00178,Q6K00178_N04,CODE_BINARY,FMOD0058,FMOD0058,False
Q6K00178,Q6K00178_N05,CODE_BINARY,FMOD0030,FMOD0030,False
Q6K00178,Q6K00178_N06,IMAGE,FMOD0030,FMOD0030,False
Q6K00178,Q6K00178_N07,CODE_BINARY,FMOD0081,UNKNOWN,True
Q6K00179,Q6K00179_N01,CODE_BINARY,FMOD0057,UNKNOWN,True
Q6K00179,Q6K00179_N02,CODE_BINARY,FMOD0034,FMOD0034,False
Q6K00179,Q6K00179_N03,IMAGE,FMOD0081,FMOD0081,False
Q6K00179,Q6K00179_N04,CODE_BINARY,FMOD0057,UNKNOWN,True
Q6K00179,Q6K00179_N05,CODE_BINARY,FMOD0081,FMOD0081,False
Q6K00179,Q6K00179_N06,CODE_BINARY,FMOD0081,FMOD0081,False
Q6K00179,Q6K00179_N07,STRUCTURED,FMOD0081,FMOD0081,False
Q6K00180,Q6K00180_N01,CODE_BINARY,FMOD0065,UNKNOWN,True
Q6K00180,Q6K00180_N02,CODE_BINARY,FMOD0072,FMOD0072,False
Q6K00180,Q6K00180_N03,CODE_BINARY,FMOD0039,FMOD0039,False
Q6K00180,Q6K00180_N04,CODE_BINARY,FMOD0039,FMOD0039,False
Q6K00180,Q6K00180_N05,IMAGE,FMOD0039,FMOD0039,False
Q6K00180,Q6K00180_N06,STRUCTURED,FMOD0065,UNKNOWN,True
Q6K00180,Q6K00180_N07,CODE_BINARY,FMOD0072,FMOD0072,False
