modality,threshold,components,true_unknown,true_known,macro_f1,unknown_precision,unknown_recall,unknown_f1,known_f1,accuracy
CODE_BINARY,0.0,900,548,352,0.6996768452603972,0.7259887005649718,0.9379562043795621,0.8184713375796179,0.5808823529411764,0.7466666666666667
CODE_BINARY,0.0013020833721384,900,548,352,0.6996768452603972,0.7259887005649718,0.9379562043795621,0.8184713375796179,0.5808823529411764,0.7466666666666667
CODE_BINARY,0.0026041667442768,900,548,352,0.7093818181818181,0.7321937321937322,0.9379562043795621,0.8224,0.5963636363636363,0.7533333333333333
CODE_BINARY,0.00390625011641525,900,548,352,0.7093818181818181,0.7321937321937322,0.9379562043795621,0.8224,0.5963636363636363,0.7533333333333333
CODE_BINARY,0.0052083334885537,900,548,352,0.7157691616783817,0.7363896848137536,0.9379562043795621,0.8250401284109149,0.6064981949458483,0.7577777777777778
CODE_BINARY,0.00651041674427685,900,548,352,0.7157691616783817,0.7363896848137536,0.9379562043795621,0.8250401284109149,0.6064981949458483,0.7577777777777778
CODE_BINARY,0.0078125,900,548,352,0.7173559101269944,0.7374461979913917,0.9379562043795621,0.8257028112449799,0.609009009009009,0.7588888888888888
CODE_BINARY,0.0104166665114462,900,548,352,0.7173559101269944,0.7374461979913917,0.9379562043795621,0.8257028112449799,0.609009009009009,0.7588888888888888
CODE_BINARY,0.0130208330228924,900,548,352,0.7267936450389093,0.743849493487699,0.9379562043795621,0.8297013720742535,0.6238859180035651,0.7655555555555555
CODE_BINARY,0.0143229165114462,900,548,352,0.7267936450389093,0.743849493487699,0.9379562043795621,0.8297013720742535,0.6238859180035651,0.7655555555555555
CODE_BINARY,0.015625,900,548,352,0.730944013182456,0.7474452554744525,0.9343065693430657,0.8304947283049473,0.6313932980599648,0.7677777777777778
CODE_BINARY,0.01692708302289245,900,548,352,0.730944013182456,0.7474452554744525,0.9343065693430657,0.8304947283049473,0.6313932980599648,0.7677777777777778
CODE_BINARY,0.0182291660457849,900,548,352,0.7360538484316985,0.7514705882352941,0.9324817518248175,0.8322475570032573,0.6398601398601399,0.7711111111111111
CODE_BINARY,0.01953124999999995,900,548,352,0.7360538484316985,0.7514705882352941,0.9324817518248175,0.8322475570032573,0.6398601398601399,0.7711111111111111
CODE_BINARY,0.020833333954215,900,548,352,0.7421364379084968,0.7559171597633136,0.9324817518248175,0.834967320261438,0.6493055555555556,0.7755555555555556
CODE_BINARY,0.0221354169771075,900,548,352,0.7421364379084968,0.7559171597633136,0.9324817518248175,0.834967320261438,0.6493055555555556,0.7755555555555556
CODE_BINARY,0.0234375,900,548,352,0.7436482440117278,0.7570370370370371,0.9324817518248175,0.8356500408830744,0.6516464471403812,0.7766666666666666
CODE_BINARY,0.02473958302289245,900,548,352,0.7436482440117278,0.7570370370370371,0.9324817518248175,0.8356500408830744,0.6516464471403812,0.7766666666666666
CODE_BINARY,0.0260416660457849,900,548,352,0.7451565588206979,0.7581602373887241,0.9324817518248175,0.8363338788870703,0.6539792387543253,0.7777777777777778
CODE_BINARY,0.02734374999999995,900,548,352,0.7451565588206979,0.7581602373887241,0.9324817518248175,0.8363338788870703,0.6539792387543253,0.7777777777777778
CODE_BINARY,0.028645833954215,900,548,352,0.7475726239621374,0.7608370702541106,0.9288321167883211,0.8364831552999179,0.6586620926243568,0.7788888888888889
CODE_BINARY,0.0299479169771075,900,548,352,0.7475726239621374,0.7608370702541106,0.9288321167883211,0.8364831552999179,0.6586620926243568,0.7788888888888889
CODE_BINARY,0.03125,900,548,352,0.7520396286779383,0.7642642642642643,0.9288321167883211,0.8385502471169688,0.6655290102389079,0.7822222222222223
CODE_BINARY,0.03255208395421505,900,548,352,0.7520396286779383,0.7642642642642643,0.9288321167883211,0.8385502471169688,0.6655290102389079,0.7822222222222223
CODE_BINARY,0.0338541679084301,900,548,352,0.7514296649698085,0.7647058823529411,0.9251824817518248,0.8373245251857968,0.66553480475382,0.7811111111111111
CODE_BINARY,0.03515625,900,548,352,0.7514296649698085,0.7647058823529411,0.9251824817518248,0.8373245251857968,0.66553480475382,0.7811111111111111
CODE_BINARY,0.0364583320915699,900,548,352,0.7531297384679005,0.76793893129771,0.9178832116788321,0.8362427265170408,0.6700167504187604,0.7811111111111111
CODE_BINARY,0.03776041604578495,900,548,352,0.7531297384679005,0.76793893129771,0.9178832116788321,0.8362427265170408,0.6700167504187604,0.7811111111111111
CODE_BINARY,0.0390625,900,548,352,0.7575000000000001,0.7714723926380368,0.9178832116788321,0.8383333333333334,0.6766666666666666,0.7844444444444445
CODE_BINARY,0.04036458395421505,900,548,352,0.7575000000000001,0.7714723926380368,0.9178832116788321,0.8383333333333334,0.6766666666666666,0.7844444444444445
CODE_BINARY,0.0416666679084301,900,548,352,0.7576472310333067,0.7736434108527132,0.9105839416058394,0.8365465213746857,0.6787479406919276,0.7833333333333333
CODE_BINARY,0.04296875,900,548,352,0.7576472310333067,0.7736434108527132,0.9105839416058394,0.8365465213746857,0.6787479406919276,0.7833333333333333
CODE_BINARY,0.0442708320915699,900,548,352,0.7609015539334241,0.7769110764430577,0.9087591240875912,0.8376787216148023,0.684124386252046,0.7855555555555556
CODE_BINARY,0.04557291604578495,900,548,352,0.7609015539334241,0.7769110764430577,0.9087591240875912,0.8376787216148023,0.684124386252046,0.7855555555555556
CODE_BINARY,0.046875,900,548,352,0.7634419200630822,0.7807570977917981,0.9032846715328468,0.8375634517766497,0.6893203883495146,0.7866666666666666
CODE_BINARY,0.04817708395421505,900,548,352,0.7634419200630822,0.7807570977917981,0.9032846715328468,0.8375634517766497,0.6893203883495146,0.7866666666666666
CODE_BINARY,0.0494791679084301,900,548,352,0.7662657189721158,0.7832278481012658,0.9032846715328468,0.8389830508474575,0.6935483870967742,0.7888888888888889
CODE_BINARY,0.05078125,900,548,352,0.7662657189721158,0.7832278481012658,0.9032846715328468,0.8389830508474575,0.6935483870967742,0.7888888888888889
CODE_BINARY,0.0520833320915699,900,548,352,0.7697721124905432,0.7875399361022364,0.8996350364963503,0.8398637137989777,0.6996805111821087,0.7911111111111111
CODE_BINARY,0.05338541604578495,900,548,352,0.7697721124905432,0.7875399361022364,0.8996350364963503,0.8398637137989777,0.6996805111821087,0.7911111111111111
CODE_BINARY,0.0546875,900,548,352,0.7756632564591642,0.7935483870967742,0.8978102189781022,0.8424657534246576,0.7088607594936709,0.7955555555555556
CODE_BINARY,0.05598958395421505,900,548,352,0.7756632564591642,0.7935483870967742,0.8978102189781022,0.8424657534246576,0.7088607594936709,0.7955555555555556
CODE_BINARY,0.0572916679084301,900,548,352,0.7797979115271536,0.7974068071312804,0.8978102189781022,0.8446351931330472,0.7149606299212599,0.7988888888888889
CODE_BINARY,0.05859375,900,548,352,0.7797979115271536,0.7974068071312804,0.8978102189781022,0.8446351931330472,0.7149606299212599,0.7988888888888889
CODE_BINARY,0.0598958320915699,900,548,352,0.7779961422280453,0.797716150081566,0.8923357664233577,0.8423772609819121,0.7136150234741785,0.7966666666666666
CODE_BINARY,0.06119791604578495,900,548,352,0.7779961422280453,0.797716150081566,0.8923357664233577,0.8423772609819121,0.7136150234741785,0.7966666666666666
CODE_BINARY,0.0625,900,548,352,0.7848116228588622,0.8042763157894737,0.8923357664233577,0.8460207612456748,0.7236024844720497,0.8022222222222222
CODE_BINARY,0.0638020820915699,900,548,352,0.7848116228588622,0.8042763157894737,0.8923357664233577,0.8460207612456748,0.7236024844720497,0.8022222222222222
CODE_BINARY,0.0651041641831398,900,548,352,0.786167321051042,0.8056013179571664,0.8923357664233577,0.8467532467532468,0.7255813953488371,0.8033333333333333
CODE_BINARY,0.06640625,900,548,352,0.786167321051042,0.8056013179571664,0.8923357664233577,0.8467532467532468,0.7255813953488371,0.8033333333333333
CODE_BINARY,0.0677083358168602,900,548,352,0.7875205906498329,0.806930693069307,0.8923357664233577,0.8474870017331023,0.7275541795665635,0.8044444444444444
CODE_BINARY,0.0690104179084301,900,548,352,0.7875205906498329,0.806930693069307,0.8923357664233577,0.8474870017331023,0.7275541795665635,0.8044444444444444
CODE_BINARY,0.0703125,900,548,352,0.7891563442521342,0.8092868988391376,0.8905109489051095,0.8479582971329279,0.7303543913713405,0.8055555555555556
CODE_BINARY,0.0716145820915699,900,548,352,0.7891563442521342,0.8092868988391376,0.8905109489051095,0.8479582971329279,0.7303543913713405,0.8055555555555556
CODE_BINARY,0.0729166641831398,900,548,352,0.7958595513713436,0.8160535117056856,0.8905109489051095,0.8516579406631763,0.7400611620795108,0.8111111111111111
CODE_BINARY,0.07421875,900,548,352,0.7958595513713436,0.8160535117056856,0.8905109489051095,0.8516579406631763,0.7400611620795108,0.8111111111111111
CODE_BINARY,0.0755208358168602,900,548,352,0.800111448174604,0.821247892074199,0.8886861313868614,0.8536371603856268,0.7465857359635812,0.8144444444444444
CODE_BINARY,0.078125,900,548,352,0.800111448174604,0.821247892074199,0.8886861313868614,0.8536371603856268,0.7465857359635812,0.8144444444444444
CODE_BINARY,0.0807291641831398,900,548,352,0.8080222582888941,0.8296422487223168,0.8886861313868614,0.8581497797356828,0.7578947368421052,0.8211111111111111
CODE_BINARY,0.08203125,900,548,352,0.8080222582888941,0.8296422487223168,0.8886861313868614,0.8581497797356828,0.7578947368421052,0.8211111111111111
CODE_BINARY,0.0833333358168602,900,548,352,0.8106418988211102,0.8324786324786325,0.8886861313868614,0.8596646072374228,0.7616191904047976,0.8233333333333334
CODE_BINARY,0.0846354179084301,900,548,352,0.8106418988211102,0.8324786324786325,0.8886861313868614,0.8596646072374228,0.7616191904047976,0.8233333333333334
CODE_BINARY,0.0859375,900,548,352,0.8052811550151977,0.8310344827586207,0.8795620437956204,0.8546099290780143,0.755952380952381,0.8177777777777778
CODE_BINARY,0.0885416679084301,900,548,352,0.8052811550151977,0.8310344827586207,0.8795620437956204,0.8546099290780143,0.755952380952381,0.8177777777777778
CODE_BINARY,0.0911458358168602,900,548,352,0.8012398845298376,0.8310104529616724,0.8704379562043796,0.8502673796791443,0.752212389380531,0.8133333333333334
CODE_BINARY,0.0924479179084301,900,548,352,0.8012398845298376,0.8310104529616724,0.8704379562043796,0.8502673796791443,0.752212389380531,0.8133333333333334
CODE_BINARY,0.09375,900,548,352,0.7991071428571429,0.8304195804195804,0.8667883211678832,0.8482142857142858,0.75,0.8111111111111111
CODE_BINARY,0.0950520820915699,900,548,352,0.7991071428571429,0.8304195804195804,0.8667883211678832,0.8482142857142858,0.75,0.8111111111111111
CODE_BINARY,0.0963541641831398,900,548,352,0.8029914367468813,0.8347978910369068,0.8667883211678832,0.8504923903312444,0.7554904831625182,0.8144444444444444
CODE_BINARY,0.09765625,900,548,352,0.8029914367468813,0.8347978910369068,0.8667883211678832,0.8504923903312444,0.7554904831625182,0.8144444444444444
CODE_BINARY,0.0989583358168602,900,548,352,0.8081427512094068,0.8407079646017699,0.8667883211678832,0.8535489667565138,0.7627365356622998,0.8188888888888889
CODE_BINARY,0.1002604179084301,900,548,352,0.8081427512094068,0.8407079646017699,0.8667883211678832,0.8535489667565138,0.7627365356622998,0.8188888888888889
CODE_BINARY,0.1015625,900,548,352,0.8070729462941275,0.8404255319148937,0.864963503649635,0.8525179856115108,0.7616279069767442,0.8177777777777778
CODE_BINARY,0.1028645820915699,900,548,352,0.8070729462941275,0.8404255319148937,0.864963503649635,0.8525179856115108,0.7616279069767442,0.8177777777777778
CODE_BINARY,0.1041666641831398,900,548,352,0.8060038224432022,0.8401420959147424,0.8631386861313869,0.8514851485148516,0.760522496371553,0.8166666666666667
CODE_BINARY,0.10546875,900,548,352,0.8060038224432022,0.8401420959147424,0.8631386861313869,0.8514851485148516,0.760522496371553,0.8166666666666667
CODE_BINARY,0.1067708358168602,900,548,352,0.8072855464159812,0.8416370106761566,0.8631386861313869,0.8522522522522523,0.7623188405797101,0.8177777777777778
CODE_BINARY,0.1080729179084301,900,548,352,0.8072855464159812,0.8416370106761566,0.8631386861313869,0.8522522522522523,0.7623188405797101,0.8177777777777778
CODE_BINARY,0.109375,900,548,352,0.8074956699568039,0.8428571428571429,0.8613138686131386,0.8519855595667869,0.7630057803468209,0.8177777777777778
CODE_BINARY,0.1106770820915699,900,548,352,0.8074956699568039,0.8428571428571429,0.8613138686131386,0.8519855595667869,0.7630057803468209,0.8177777777777778
CODE_BINARY,0.1119791641831398,900,548,352,0.8061743963383308,0.8472727272727273,0.8503649635036497,0.8488160291438981,0.7635327635327634,0.8155555555555556
CODE_BINARY,0.1145833320915699,900,548,352,0.8061743963383308,0.8472727272727273,0.8503649635036497,0.8488160291438981,0.7635327635327634,0.8155555555555556
CODE_BINARY,0.1171875,900,548,352,0.8099679393762751,0.8519195612431444,0.8503649635036497,0.8511415525114155,0.7687943262411348,0.8188888888888889
CODE_BINARY,0.1184895820915699,900,548,352,0.8099679393762751,0.8519195612431444,0.8503649635036497,0.8511415525114155,0.7687943262411348,0.8188888888888889
CODE_BINARY,0.1197916641831398,900,548,352,0.8088983950572528,0.8516483516483516,0.8485401459854015,0.850091407678245,0.7677053824362605,0.8177777777777778
CODE_BINARY,0.12109375,900,548,352,0.8088983950572528,0.8516483516483516,0.8485401459854015,0.850091407678245,0.7677053824362605,0.8177777777777778
CODE_BINARY,0.1223958358168602,900,548,352,0.8105334123746091,0.8558225508317929,0.8448905109489051,0.8503213957759411,0.7707454289732771,0.8188888888888889
CODE_BINARY,0.1236979179084301,900,548,352,0.8105334123746091,0.8558225508317929,0.8448905109489051,0.8503213957759411,0.7707454289732771,0.8188888888888889
CODE_BINARY,0.125,900,548,352,0.8130397364750572,0.8589981447124304,0.8448905109489051,0.8518859245630175,0.7741935483870969,0.8211111111111111
CODE_BINARY,0.1263020858168602,900,548,352,0.8130397364750572,0.8589981447124304,0.8448905109489051,0.8518859245630175,0.7741935483870969,0.8211111111111111
CODE_BINARY,0.1276041716337204,900,548,352,0.812148261147416,0.8600746268656716,0.8412408759124088,0.8505535055350554,0.7737430167597765,0.82
CODE_BINARY,0.12890625,900,548,352,0.812148261147416,0.8600746268656716,0.8412408759124088,0.8505535055350554,0.7737430167597765,0.82
CODE_BINARY,0.1302083283662796,900,548,352,0.8146422337670363,0.8632958801498127,0.8412408759124088,0.8521256931608133,0.7771587743732591,0.8222222222222222
CODE_BINARY,0.1315104141831398,900,548,352,0.8146422337670363,0.8632958801498127,0.8412408759124088,0.8521256931608133,0.7771587743732591,0.8222222222222222
CODE_BINARY,0.1328125,900,548,352,0.8082215695536981,0.8617424242424242,0.8302919708029197,0.845724907063197,0.770718232044199,0.8155555555555556
CODE_BINARY,0.1341145858168602,900,548,352,0.8082215695536981,0.8617424242424242,0.8302919708029197,0.845724907063197,0.770718232044199,0.8155555555555556
CODE_BINARY,0.1354166716337204,900,548,352,0.8083937393231453,0.8631178707224335,0.8284671532846716,0.8454376163873372,0.7713498622589533,0.8155555555555556
CODE_BINARY,0.13671875,900,548,352,0.8083937393231453,0.8631178707224335,0.8284671532846716,0.8454376163873372,0.7713498622589533,0.8155555555555556
CODE_BINARY,0.1380208283662796,900,548,352,0.8121059123237773,0.8680688336520076,0.8284671532846716,0.8478057889822596,0.776406035665295,0.8188888888888889
CODE_BINARY,0.1393229141831398,900,548,352,0.8121059123237773,0.8680688336520076,0.8284671532846716,0.8478057889822596,0.776406035665295,0.8188888888888889
CODE_BINARY,0.140625,900,548,352,0.8110357188580208,0.867816091954023,0.8266423357664233,0.8467289719626169,0.7753424657534248,0.8177777777777778
CODE_BINARY,0.1419270858168602,900,548,352,0.8110357188580208,0.867816091954023,0.8266423357664233,0.8467289719626169,0.7753424657534248,0.8177777777777778
CODE_BINARY,0.1432291716337204,900,548,352,0.8035564076478976,0.8660194174757282,0.8138686131386861,0.8391345249294451,0.7679782903663502,0.81
CODE_BINARY,0.14453125,900,548,352,0.8035564076478976,0.8660194174757282,0.8138686131386861,0.8391345249294451,0.7679782903663502,0.81
CODE_BINARY,0.1458333283662796,900,548,352,0.7992912112488674,0.8649706457925636,0.8065693430656934,0.8347497639282341,0.7638326585695007,0.8055555555555556
CODE_BINARY,0.1471354141831398,900,548,352,0.7992912112488674,0.8649706457925636,0.8065693430656934,0.8347497639282341,0.7638326585695007,0.8055555555555556
CODE_BINARY,0.1484375,900,548,352,0.7988571428571428,0.8705179282868526,0.7974452554744526,0.8323809523809523,0.7653333333333333,0.8044444444444444
CODE_BINARY,0.1497395858168602,900,548,352,0.7988571428571428,0.8705179282868526,0.7974452554744526,0.8323809523809523,0.7653333333333333,0.8044444444444444
CODE_BINARY,0.1510416716337204,900,548,352,0.7970260901295383,0.8729838709677419,0.7901459854014599,0.8295019157088122,0.7645502645502645,0.8022222222222222
CODE_BINARY,0.15234375,900,548,352,0.7970260901295383,0.8729838709677419,0.7901459854014599,0.8295019157088122,0.7645502645502645,0.8022222222222222
CODE_BINARY,0.1536458283662796,900,548,352,0.7974602885621956,0.8775510204081632,0.7846715328467153,0.8285163776493256,0.7664041994750657,0.8022222222222222
CODE_BINARY,0.15625,900,548,352,0.7974602885621956,0.8775510204081632,0.7846715328467153,0.8285163776493256,0.7664041994750657,0.8022222222222222
CODE_BINARY,0.1588541716337204,900,548,352,0.7921270814112136,0.8762886597938144,0.7755474452554745,0.8228460793804453,0.7614080834419817,0.7966666666666666
CODE_BINARY,0.16015625,900,548,352,0.7921270814112136,0.8762886597938144,0.7755474452554745,0.8228460793804453,0.7614080834419817,0.7966666666666666
CODE_BINARY,0.1614583283662796,900,548,352,0.7902681921873957,0.8789144050104384,0.7682481751824818,0.8198636806231743,0.7606727037516171,0.7944444444444444
CODE_BINARY,0.1627604141831398,900,548,352,0.7902681921873957,0.8789144050104384,0.7682481751824818,0.8198636806231743,0.7606727037516171,0.7944444444444444
CODE_BINARY,0.1640625,900,548,352,0.7850678733031673,0.8792372881355932,0.7572992700729927,0.8137254901960783,0.7564102564102564,0.7888888888888889
CODE_BINARY,0.1653645858168602,900,548,352,0.7850678733031673,0.8792372881355932,0.7572992700729927,0.8137254901960783,0.7564102564102564,0.7888888888888889
CODE_BINARY,0.1666666716337204,900,548,352,0.7776052361235326,0.8774193548387097,0.7445255474452555,0.805528134254689,0.749682337992376,0.7811111111111111
CODE_BINARY,0.16796875,900,548,352,0.7776052361235326,0.8774193548387097,0.7445255474452555,0.805528134254689,0.749682337992376,0.7811111111111111
CODE_BINARY,0.1692708283662796,900,548,352,0.7722763347763348,0.8760869565217392,0.7354014598540146,0.7996031746031745,0.744949494949495,0.7755555555555556
CODE_BINARY,0.1705729141831398,900,548,352,0.7722763347763348,0.8760869565217392,0.7354014598540146,0.7996031746031745,0.744949494949495,0.7755555555555556
CODE_BINARY,0.171875,900,548,352,0.7669475888520136,0.8747252747252747,0.7262773722627737,0.7936191425722832,0.740276035131744,0.77
CODE_BINARY,0.1731770858168602,900,548,352,0.7669475888520136,0.8747252747252747,0.7262773722627737,0.7936191425722832,0.740276035131744,0.77
CODE_BINARY,0.1744791716337204,900,548,352,0.7665544332210998,0.8846153846153846,0.7135036496350365,0.7898989898989899,0.7432098765432099,0.7688888888888888
CODE_BINARY,0.17578125,900,548,352,0.7665544332210998,0.8846153846153846,0.7135036496350365,0.7898989898989899,0.7432098765432099,0.7688888888888888
CODE_BINARY,0.1770833283662796,900,548,352,0.7647134982247695,0.8894009216589862,0.7043795620437956,0.7861507128309572,0.7432762836185819,0.7666666666666667
CODE_BINARY,0.1783854141831398,900,548,352,0.7647134982247695,0.8894009216589862,0.7043795620437956,0.7861507128309572,0.7432762836185819,0.7666666666666667
CODE_BINARY,0.1796875,900,548,352,0.7542338799767639,0.8923444976076556,0.6806569343065694,0.7722567287784678,0.73621103117506,0.7555555555555555
CODE_BINARY,0.1809895858168602,900,548,352,0.7542338799767639,0.8923444976076556,0.6806569343065694,0.7722567287784678,0.73621103117506,0.7555555555555555
CODE_BINARY,0.1822916716337204,900,548,352,0.7480478040272713,0.8985148514851485,0.6624087591240876,0.7626050420168067,0.7334905660377359,0.7488888888888889
CODE_BINARY,0.18359375,900,548,352,0.7480478040272713,0.8985148514851485,0.6624087591240876,0.7626050420168067,0.7334905660377359,0.7488888888888889
CODE_BINARY,0.1848958283662796,900,548,352,0.7362678124323823,0.9018087855297158,0.6368613138686131,0.746524064171123,0.7260115606936415,0.7366666666666667
CODE_BINARY,0.1861979141831398,900,548,352,0.7362678124323823,0.9018087855297158,0.6368613138686131,0.746524064171123,0.7260115606936415,0.7366666666666667
CODE_BINARY,0.1875,900,548,352,0.7220561421886658,0.8983957219251337,0.6131386861313869,0.7288503253796095,0.7152619589977222,0.7222222222222222
CODE_BINARY,0.1888020858168602,900,548,352,0.7220561421886658,0.8983957219251337,0.6131386861313869,0.7288503253796095,0.7152619589977222,0.7222222222222222
CODE_BINARY,0.1901041716337204,900,548,352,0.7044444444444444,0.9005681818181818,0.5784671532846716,0.7044444444444444,0.7044444444444444,0.7044444444444444
CODE_BINARY,0.19140625,900,548,352,0.7044444444444444,0.9005681818181818,0.5784671532846716,0.7044444444444444,0.7044444444444444,0.7044444444444444
CODE_BINARY,0.1927083283662796,900,548,352,0.6842557775263243,0.9,0.541970802919708,0.6765375854214123,0.6919739696312364,0.6844444444444444
CODE_BINARY,0.1940104141831398,900,548,352,0.6842557775263243,0.9,0.541970802919708,0.6765375854214123,0.6919739696312364,0.6844444444444444
CODE_BINARY,0.1953125,900,548,352,0.6774655963302753,0.8981481481481481,0.531021897810219,0.6674311926605505,0.6875,0.6777777777777778
CODE_BINARY,0.1966145858168602,900,548,352,0.6774655963302753,0.8981481481481481,0.531021897810219,0.6674311926605505,0.6875,0.6777777777777778
CODE_BINARY,0.1979166716337204,900,548,352,0.6763306099295688,0.8978328173374613,0.5291970802919708,0.6659012629161882,0.6867599569429494,0.6766666666666666
CODE_BINARY,0.19921875,900,548,352,0.6763306099295688,0.8978328173374613,0.5291970802919708,0.6659012629161882,0.6867599569429494,0.6766666666666666
CODE_BINARY,0.2005208283662796,900,548,352,0.6637803067788224,0.8942307692307693,0.5091240875912408,0.6488372093023256,0.6787234042553191,0.6644444444444444
CODE_BINARY,0.2018229141831398,900,548,352,0.6637803067788224,0.8942307692307693,0.5091240875912408,0.6488372093023256,0.6787234042553191,0.6644444444444444
CODE_BINARY,0.203125,900,548,352,0.65324192167653,0.8963210702341137,0.48905109489051096,0.6328217237308146,0.6736621196222454,0.6544444444444445
CODE_BINARY,0.2044270858168602,900,548,352,0.65324192167653,0.8963210702341137,0.48905109489051096,0.6328217237308146,0.6736621196222454,0.6544444444444445
CODE_BINARY,0.2057291716337204,900,548,352,0.6426373364569478,0.8958333333333334,0.4708029197080292,0.6172248803827751,0.6680497925311203,0.6444444444444445
CODE_BINARY,0.20703125,900,548,352,0.6426373364569478,0.8958333333333334,0.4708029197080292,0.6172248803827751,0.6680497925311203,0.6444444444444445
CODE_BINARY,0.2083333283662796,900,548,352,0.6308376132968065,0.8920863309352518,0.45255474452554745,0.6004842615012107,0.6611909650924024,0.6333333333333333
CODE_BINARY,0.2096354141831398,900,548,352,0.6308376132968065,0.8920863309352518,0.45255474452554745,0.6004842615012107,0.6611909650924024,0.6333333333333333
CODE_BINARY,0.2109375,900,548,352,0.6139169472502806,0.8893129770992366,0.4251824817518248,0.5753086419753086,0.6525252525252525,0.6177777777777778
CODE_BINARY,0.2122395858168602,900,548,352,0.6139169472502806,0.8893129770992366,0.4251824817518248,0.5753086419753086,0.6525252525252525,0.6177777777777778
CODE_BINARY,0.2135416716337204,900,548,352,0.6058479649242225,0.8991935483870968,0.40693430656934304,0.5603015075376884,0.6513944223107568,0.6111111111111112
CODE_BINARY,0.21484375,900,548,352,0.6058479649242225,0.8991935483870968,0.40693430656934304,0.5603015075376884,0.6513944223107568,0.6111111111111112
CODE_BINARY,0.2161458283662796,900,548,352,0.5847158327245936,0.8917748917748918,0.3759124087591241,0.5288831835686778,0.6405484818805093,0.5922222222222222
CODE_BINARY,0.2174479141831398,900,548,352,0.5847158327245936,0.8917748917748918,0.3759124087591241,0.5288831835686778,0.6405484818805093,0.5922222222222222
CODE_BINARY,0.21875,900,548,352,0.5770078230811215,0.9074074074074074,0.35766423357664234,0.5130890052356021,0.640926640926641,0.5866666666666667
CODE_BINARY,0.2200520858168602,900,548,352,0.5770078230811215,0.9074074074074074,0.35766423357664234,0.5130890052356021,0.640926640926641,0.5866666666666667
CODE_BINARY,0.2213541716337204,900,548,352,0.5562310648421138,0.9,0.3284671532846715,0.481283422459893,0.6311787072243346,0.5688888888888889
CODE_BINARY,0.22265625,900,548,352,0.5562310648421138,0.9,0.3284671532846715,0.481283422459893,0.6311787072243346,0.5688888888888889
CODE_BINARY,0.2239583283662796,900,548,352,0.5362550839970286,0.8918918918918919,0.3010948905109489,0.45020463847203274,0.6223055295220243,0.5522222222222222
CODE_BINARY,0.2252604141831398,900,548,352,0.5362550839970286,0.8918918918918919,0.3010948905109489,0.45020463847203274,0.6223055295220243,0.5522222222222222
CODE_BINARY,0.2265625,900,548,352,0.5087539579065004,0.89375,0.26094890510948904,0.403954802259887,0.6135531135531136,0.5311111111111111
CODE_BINARY,0.2278645858168602,900,548,352,0.5087539579065004,0.89375,0.26094890510948904,0.403954802259887,0.6135531135531136,0.5311111111111111
CODE_BINARY,0.2291666716337204,900,548,352,0.491660419790105,0.8851351351351351,0.23905109489051096,0.37643678160919547,0.6068840579710145,0.5177777777777778
CODE_BINARY,0.23046875,900,548,352,0.491660419790105,0.8851351351351351,0.23905109489051096,0.37643678160919547,0.6068840579710145,0.5177777777777778
CODE_BINARY,0.2317708283662796,900,548,352,0.46847900288186717,0.8837209302325582,0.20802919708029197,0.33677991137370755,0.6001780943900268,0.5011111111111111
CODE_BINARY,0.2330729141831398,900,548,352,0.46847900288186717,0.8837209302325582,0.20802919708029197,0.33677991137370755,0.6001780943900268,0.5011111111111111
CODE_BINARY,0.234375,900,548,352,0.434866719394626,0.875,0.16605839416058393,0.27914110429447847,0.5905923344947736,0.4777777777777778
CODE_BINARY,0.2356770858168602,900,548,352,0.434866719394626,0.875,0.16605839416058393,0.27914110429447847,0.5905923344947736,0.4777777777777778
CODE_BINARY,0.2369791716337204,900,548,352,0.4213342067911344,0.8901098901098901,0.1478102189781022,0.25352112676056343,0.5891472868217054,0.47
CODE_BINARY,0.23828125,900,548,352,0.4213342067911344,0.8901098901098901,0.1478102189781022,0.25352112676056343,0.5891472868217054,0.47
CODE_BINARY,0.2395833283662796,900,548,352,0.3907508282562569,0.9672131147540983,0.10766423357664233,0.19376026272577995,0.5877413937867338,0.45444444444444443
CODE_BINARY,0.2408854141831398,900,548,352,0.3907508282562569,0.9672131147540983,0.10766423357664233,0.19376026272577995,0.5877413937867338,0.45444444444444443
CODE_BINARY,0.2421875,900,548,352,0.3696662865449442,0.9591836734693877,0.08576642335766424,0.15745393634840874,0.5818786367414797,0.4411111111111111
CODE_BINARY,0.2434895858168602,900,548,352,0.3696662865449442,0.9591836734693877,0.08576642335766424,0.15745393634840874,0.5818786367414797,0.4411111111111111
CODE_BINARY,0.2447916716337204,900,548,352,0.3515731758870049,0.9487179487179487,0.06751824817518248,0.1260647359454855,0.5770816158285242,0.43
CODE_BINARY,0.24609375,900,548,352,0.3515731758870049,0.9487179487179487,0.06751824817518248,0.1260647359454855,0.5770816158285242,0.43
CODE_BINARY,0.2473958283662796,900,548,352,0.34047687292001716,0.9393939393939394,0.05656934306569343,0.10671256454388986,0.5742411812961444,0.42333333333333334
CODE_BINARY,0.2486979141831398,900,548,352,0.34047687292001716,0.9393939393939394,0.05656934306569343,0.10671256454388986,0.5742411812961444,0.42333333333333334
CODE_BINARY,0.25,900,548,352,0.3386093838326738,0.9375,0.05474452554744526,0.10344827586206898,0.5737704918032787,0.4222222222222222
CODE_BINARY,0.2513020783662796,900,548,352,0.3386093838326738,0.9375,0.05474452554744526,0.10344827586206898,0.5737704918032787,0.4222222222222222
CODE_BINARY,0.2526041567325592,900,548,352,0.3253881898129776,0.92,0.041970802919708027,0.08027923211169284,0.5704971475142624,0.41444444444444445
CODE_BINARY,0.25390625,900,548,352,0.3253881898129776,0.92,0.041970802919708027,0.08027923211169284,0.5704971475142624,0.41444444444444445
CODE_BINARY,0.2552083432674408,900,548,352,0.3138428661543017,0.8947368421052632,0.03102189781021898,0.059964726631393295,0.5677210056772101,0.4077777777777778
CODE_BINARY,0.2565104216337204,900,548,352,0.3138428661543017,0.8947368421052632,0.03102189781021898,0.059964726631393295,0.5677210056772101,0.4077777777777778
CODE_BINARY,0.2578125,900,548,352,0.29674399257024253,0.8888888888888888,0.014598540145985401,0.028725314183123875,0.5647626709573612,0.3988888888888889
CODE_BINARY,0.2591145783662796,900,548,352,0.29674399257024253,0.8888888888888888,0.014598540145985401,0.028725314183123875,0.5647626709573612,0.3988888888888889
CODE_BINARY,0.2604166567325592,900,548,352,0.2927385216541843,0.8571428571428571,0.010948905109489052,0.021621621621621623,0.563855421686747,0.39666666666666667
CODE_BINARY,0.26171875,900,548,352,0.2927385216541843,0.8571428571428571,0.010948905109489052,0.021621621621621623,0.563855421686747,0.39666666666666667
CODE_BINARY,0.2630208432674408,900,548,352,0.2933343377508388,1.0,0.010948905109489052,0.021660649819494584,0.565008025682183,0.3977777777777778
CODE_BINARY,0.2643229216337204,900,548,352,0.2933343377508388,1.0,0.010948905109489052,0.021660649819494584,0.565008025682183,0.3977777777777778
CODE_BINARY,0.265625,900,548,352,0.291319057238276,1.0,0.009124087591240875,0.018083182640144666,0.5645549318364074,0.39666666666666667
CODE_BINARY,0.2669270783662796,900,548,352,0.291319057238276,1.0,0.009124087591240875,0.018083182640144666,0.5645549318364074,0.39666666666666667
CODE_BINARY,0.2682291567325592,900,548,352,0.28929765886287623,1.0,0.0072992700729927005,0.014492753623188404,0.5641025641025641,0.39555555555555555
CODE_BINARY,0.2708333283662796,900,548,352,0.28929765886287623,1.0,0.0072992700729927005,0.014492753623188404,0.5641025641025641,0.39555555555555555
CODE_BINARY,0.2734375,900,548,352,0.28319639370470834,1.0,0.0018248175182481751,0.003642987249544626,0.5627498001598721,0.39222222222222225
CODE_BINARY,0.2747395783662796,900,548,352,0.28319639370470834,1.0,0.0018248175182481751,0.003642987249544626,0.5627498001598721,0.39222222222222225
CODE_BINARY,0.2760416567325592,900,548,352,0.28115015974440893,0.0,0.0,0.0,0.5623003194888179,0.39111111111111113
CODE_BINARY,1.0,900,548,352,0.28115015974440893,0.0,0.0,0.0,0.5623003194888179,0.39111111111111113
STRUCTURED,0.0,180,124,56,0.6448863636363636,0.7642857142857142,0.8629032258064516,0.8106060606060607,0.47916666666666663,0.7222222222222222
STRUCTURED,0.0078125,180,124,56,0.6448863636363636,0.7642857142857142,0.8629032258064516,0.8106060606060607,0.47916666666666663,0.7222222222222222
STRUCTURED,0.015625,180,124,56,0.6815384615384615,0.7867647058823529,0.8629032258064516,0.823076923076923,0.54,0.7444444444444445
STRUCTURED,0.01953125,180,124,56,0.6815384615384615,0.7867647058823529,0.8629032258064516,0.823076923076923,0.54,0.7444444444444445
STRUCTURED,0.0234375,180,124,56,0.6974789915966386,0.8015267175572519,0.8467741935483871,0.8235294117647058,0.5714285714285714,0.75
STRUCTURED,0.02734375,180,124,56,0.6974789915966386,0.8015267175572519,0.8467741935483871,0.8235294117647058,0.5714285714285714,0.75
STRUCTURED,0.03125,180,124,56,0.7140851834065974,0.813953488372093,0.8467741935483871,0.8300395256916996,0.5981308411214953,0.7611111111111111
STRUCTURED,0.03515625,180,124,56,0.7140851834065974,0.813953488372093,0.8467741935483871,0.8300395256916996,0.5981308411214953,0.7611111111111111
STRUCTURED,0.0390625,180,124,56,0.6989090909090909,0.8095238095238095,0.8225806451612904,0.8160000000000001,0.5818181818181818,0.7444444444444445
STRUCTURED,0.04296875,180,124,56,0.6989090909090909,0.8095238095238095,0.8225806451612904,0.8160000000000001,0.5818181818181818,0.7444444444444445
STRUCTURED,0.046875,180,124,56,0.6839955573071549,0.8048780487804879,0.7983870967741935,0.8016194331983806,0.5663716814159292,0.7277777777777777
STRUCTURED,0.05078125,180,124,56,0.6839955573071549,0.8048780487804879,0.7983870967741935,0.8016194331983806,0.5663716814159292,0.7277777777777777
STRUCTURED,0.0546875,180,124,56,0.6947427925381571,0.8166666666666667,0.7903225806451613,0.8032786885245902,0.5862068965517241,0.7333333333333333
STRUCTURED,0.05859375,180,124,56,0.6947427925381571,0.8166666666666667,0.7903225806451613,0.8032786885245902,0.5862068965517241,0.7333333333333333
STRUCTURED,0.0625,180,124,56,0.6825396825396826,0.8272727272727273,0.7338709677419355,0.7777777777777779,0.5873015873015873,0.7111111111111111
STRUCTURED,0.06640625,180,124,56,0.6825396825396826,0.8272727272727273,0.7338709677419355,0.7777777777777779,0.5873015873015873,0.7111111111111111
STRUCTURED,0.0703125,180,124,56,0.7059901996733224,0.8571428571428571,0.7258064516129032,0.7860262008733625,0.6259541984732825,0.7277777777777777
STRUCTURED,0.07421875,180,124,56,0.7059901996733224,0.8571428571428571,0.7258064516129032,0.7860262008733625,0.6259541984732825,0.7277777777777777
STRUCTURED,0.078125,180,124,56,0.6827262044653348,0.8571428571428571,0.6774193548387096,0.7567567567567567,0.6086956521739131,0.7
STRUCTURED,0.08203125,180,124,56,0.6827262044653348,0.8571428571428571,0.6774193548387096,0.7567567567567567,0.6086956521739131,0.7
STRUCTURED,0.0859375,180,124,56,0.6860059439204031,0.8723404255319149,0.6612903225806451,0.7522935779816514,0.619718309859155,0.7
STRUCTURED,0.08984375,180,124,56,0.6860059439204031,0.8723404255319149,0.6612903225806451,0.7522935779816514,0.619718309859155,0.7
STRUCTURED,0.09375,180,124,56,0.6595637372336401,0.8902439024390244,0.5887096774193549,0.7087378640776699,0.6103896103896104,0.6666666666666666
STRUCTURED,0.09765625,180,124,56,0.6595637372336401,0.8902439024390244,0.5887096774193549,0.7087378640776699,0.6103896103896104,0.6666666666666666
STRUCTURED,0.1015625,180,124,56,0.6441906435317373,0.8860759493670886,0.5645161290322581,0.6896551724137931,0.5987261146496815,0.65
STRUCTURED,0.10546875,180,124,56,0.6441906435317373,0.8860759493670886,0.5645161290322581,0.6896551724137931,0.5987261146496815,0.65
STRUCTURED,0.109375,180,124,56,0.6287499999999999,0.881578947368421,0.5403225806451613,0.6699999999999999,0.5874999999999999,0.6333333333333333
STRUCTURED,0.11328125,180,124,56,0.6287499999999999,0.881578947368421,0.5403225806451613,0.6699999999999999,0.5874999999999999,0.6333333333333333
STRUCTURED,0.1171875,180,124,56,0.5764705882352941,0.8636363636363636,0.4596774193548387,0.6,0.5529411764705883,0.5777777777777777
STRUCTURED,0.12109375,180,124,56,0.5764705882352941,0.8636363636363636,0.4596774193548387,0.6,0.5529411764705883,0.5777777777777777
STRUCTURED,0.125,180,124,56,0.5444444444444445,0.875,0.3951612903225806,0.5444444444444445,0.5444444444444445,0.5444444444444444
STRUCTURED,0.12890625,180,124,56,0.5444444444444445,0.875,0.3951612903225806,0.5444444444444445,0.5444444444444445,0.5444444444444444
STRUCTURED,0.1328125,180,124,56,0.5443881960735892,0.8888888888888888,0.3870967741935484,0.5393258426966292,0.5494505494505494,0.5444444444444444
STRUCTURED,0.13671875,180,124,56,0.5443881960735892,0.8888888888888888,0.3870967741935484,0.5393258426966292,0.5494505494505494,0.5444444444444444
STRUCTURED,0.140625,180,124,56,0.5274131274131274,0.8823529411764706,0.3629032258064516,0.5142857142857143,0.5405405405405405,0.5277777777777778
STRUCTURED,0.14453125,180,124,56,0.5274131274131274,0.8823529411764706,0.3629032258064516,0.5142857142857143,0.5405405405405405,0.5277777777777778
STRUCTURED,0.1484375,180,124,56,0.5270625328428796,0.8979591836734694,0.3548387096774194,0.5086705202312138,0.5454545454545454,0.5277777777777778
STRUCTURED,0.15234375,180,124,56,0.5270625328428796,0.8979591836734694,0.3548387096774194,0.5086705202312138,0.5454545454545454,0.5277777777777778
STRUCTURED,0.15625,180,124,56,0.4550391710103312,0.8648648648648649,0.25806451612903225,0.3975155279503106,0.5125628140703518,0.46111111111111114
STRUCTURED,0.16015625,180,124,56,0.4550391710103312,0.8648648648648649,0.25806451612903225,0.3975155279503106,0.5125628140703518,0.46111111111111114
STRUCTURED,0.1640625,180,124,56,0.45367502112081104,0.8857142857142857,0.25,0.38993710691823896,0.5174129353233831,0.46111111111111114
STRUCTURED,0.16796875,180,124,56,0.45367502112081104,0.8857142857142857,0.25,0.38993710691823896,0.5174129353233831,0.46111111111111114
STRUCTURED,0.171875,180,124,56,0.39883584083463214,0.88,0.1774193548387097,0.2953020134228188,0.5023696682464455,0.4166666666666667
STRUCTURED,0.1796875,180,124,56,0.39883584083463214,0.88,0.1774193548387097,0.2953020134228188,0.5023696682464455,0.4166666666666667
STRUCTURED,0.1875,180,124,56,0.3893227499679939,0.9090909090909091,0.16129032258064516,0.273972602739726,0.5046728971962617,0.4111111111111111
STRUCTURED,0.19140625,180,124,56,0.3893227499679939,0.9090909090909091,0.16129032258064516,0.273972602739726,0.5046728971962617,0.4111111111111111
STRUCTURED,0.1953125,180,124,56,0.3495882027409746,0.9333333333333333,0.11290322580645161,0.20143884892086333,0.49773755656108587,0.38333333333333336
STRUCTURED,0.203125,180,124,56,0.3495882027409746,0.9333333333333333,0.11290322580645161,0.20143884892086333,0.49773755656108587,0.38333333333333336
STRUCTURED,0.2109375,180,124,56,0.3382352941176471,1.0,0.0967741935483871,0.17647058823529413,0.5,0.37777777777777777
STRUCTURED,0.21484375,180,124,56,0.3382352941176471,1.0,0.0967741935483871,0.17647058823529413,0.5,0.37777777777777777
STRUCTURED,0.21875,180,124,56,0.3143652081746216,1.0,0.07258064516129033,0.13533834586466167,0.4933920704845815,0.3611111111111111
STRUCTURED,0.22265625,180,124,56,0.3143652081746216,1.0,0.07258064516129033,0.13533834586466167,0.4933920704845815,0.3611111111111111
STRUCTURED,0.2265625,180,124,56,0.28963210702341136,1.0,0.04838709677419355,0.09230769230769231,0.4869565217391304,0.34444444444444444
STRUCTURED,0.23046875,180,124,56,0.28963210702341136,1.0,0.04838709677419355,0.09230769230769231,0.4869565217391304,0.34444444444444444
STRUCTURED,0.234375,180,124,56,0.2726293103448276,1.0,0.03225806451612903,0.0625,0.4827586206896552,0.3333333333333333
STRUCTURED,0.23828125,180,124,56,0.2726293103448276,1.0,0.03225806451612903,0.0625,0.4827586206896552,0.3333333333333333
STRUCTURED,0.2421875,180,124,56,0.2639653948835795,1.0,0.024193548387096774,0.047244094488188976,0.48068669527897,0.3277777777777778
STRUCTURED,0.25,180,124,56,0.2639653948835795,1.0,0.024193548387096774,0.047244094488188976,0.48068669527897,0.3277777777777778
STRUCTURED,0.2578125,180,124,56,0.24629787234042552,1.0,0.008064516129032258,0.016,0.47659574468085103,0.31666666666666665
STRUCTURED,0.26171875,180,124,56,0.24629787234042552,1.0,0.008064516129032258,0.016,0.47659574468085103,0.31666666666666665
STRUCTURED,0.265625,180,124,56,0.23728813559322035,0.0,0.0,0.0,0.4745762711864407,0.3111111111111111
STRUCTURED,1.0,180,124,56,0.23728813559322035,0.0,0.0,0.0,0.4745762711864407,0.3111111111111111
IMAGE,0.0,180,110,70,1.0,1.0,1.0,1.0,1.0,1.0
IMAGE,0.05535312369465825,180,110,70,1.0,1.0,1.0,1.0,1.0,1.0
IMAGE,0.1107062473893165,180,110,70,0.9941707956863888,1.0,0.990909090909091,0.995433789954338,0.9929078014184397,0.9944444444444445
IMAGE,0.11090937256813045,180,110,70,0.9941707956863888,1.0,0.990909090909091,0.995433789954338,0.9929078014184397,0.9944444444444445
IMAGE,0.1111124977469444,180,110,70,0.9883705905155704,1.0,0.9818181818181818,0.9908256880733944,0.9859154929577464,0.9888888888888889
IMAGE,0.1182187460362911,180,110,70,0.9883705905155704,1.0,0.9818181818181818,0.9908256880733944,0.9859154929577464,0.9888888888888889
IMAGE,0.1253249943256378,180,110,70,0.9825980471141762,1.0,0.9727272727272728,0.9861751152073733,0.9790209790209791,0.9833333333333333
IMAGE,0.1329812481999397,180,110,70,0.9825980471141762,1.0,0.9727272727272728,0.9861751152073733,0.9790209790209791,0.9833333333333333
IMAGE,0.1406375020742416,180,110,70,0.9654333632057355,1.0,0.9454545454545454,0.9719626168224299,0.958904109589041,0.9666666666666667
IMAGE,0.1453500017523765,180,110,70,0.9654333632057355,1.0,0.9454545454545454,0.9719626168224299,0.958904109589041,0.9666666666666667
IMAGE,0.1500625014305114,180,110,70,0.959758551307847,1.0,0.9363636363636364,0.9671361502347418,0.9523809523809523,0.9611111111111111
IMAGE,0.15027499943971628,180,110,70,0.959758551307847,1.0,0.9363636363636364,0.9671361502347418,0.9523809523809523,0.9611111111111111
IMAGE,0.1504874974489212,180,110,70,0.9541050484446711,1.0,0.9272727272727272,0.9622641509433962,0.945945945945946,0.9555555555555556
IMAGE,0.152640625834465,180,110,70,0.9541050484446711,1.0,0.9272727272727272,0.9622641509433962,0.945945945945946,0.9555555555555556
IMAGE,0.1547937542200088,180,110,70,0.9484716435001113,1.0,0.9181818181818182,0.957345971563981,0.9395973154362416,0.95
IMAGE,0.15618125349283213,180,110,70,0.9484716435001113,1.0,0.9181818181818182,0.957345971563981,0.9395973154362416,0.95
IMAGE,0.1575687527656555,180,110,70,0.9428571428571428,1.0,0.9090909090909091,0.9523809523809523,0.9333333333333333,0.9444444444444444
IMAGE,0.15870624780654904,180,110,70,0.9428571428571428,1.0,0.9090909090909091,0.9523809523809523,0.9333333333333333,0.9444444444444444
IMAGE,0.1598437428474426,180,110,70,0.9261153736857062,1.0,0.8818181818181818,0.9371980676328503,0.9150326797385622,0.9277777777777778
IMAGE,0.161068744957447,180,110,70,0.9261153736857062,1.0,0.8818181818181818,0.9371980676328503,0.9150326797385622,0.9277777777777778
IMAGE,0.1622937470674514,180,110,70,0.9205648720211828,1.0,0.8727272727272727,0.9320388349514563,0.9090909090909091,0.9222222222222223
IMAGE,0.16512187570333475,180,110,70,0.9205648720211828,1.0,0.8727272727272727,0.9320388349514563,0.9090909090909091,0.9222222222222223
IMAGE,0.1679500043392181,180,110,70,0.9150275373721479,1.0,0.8636363636363636,0.9268292682926829,0.9032258064516129,0.9166666666666666
IMAGE,0.16795937716960907,180,110,70,0.9150275373721479,1.0,0.8636363636363636,0.9268292682926829,0.9032258064516129,0.9166666666666666
IMAGE,0.16796875,180,110,70,0.9095022624434388,1.0,0.8545454545454545,0.9215686274509803,0.8974358974358974,0.9111111111111111
IMAGE,0.1703406274318695,180,110,70,0.9095022624434388,1.0,0.8545454545454545,0.9215686274509803,0.8974358974358974,0.9111111111111111
IMAGE,0.172712504863739,180,110,70,0.9039879514291989,1.0,0.8454545454545455,0.916256157635468,0.8917197452229298,0.9055555555555556
IMAGE,0.17303437739610672,180,110,70,0.9039879514291989,1.0,0.8454545454545455,0.916256157635468,0.8917197452229298,0.9055555555555556
IMAGE,0.1733562499284744,180,110,70,0.8984835192379996,1.0,0.8363636363636363,0.9108910891089108,0.8860759493670886,0.9
IMAGE,0.17359062284231186,180,110,70,0.8984835192379996,1.0,0.8363636363636363,0.9108910891089108,0.8860759493670886,0.9
IMAGE,0.1738249957561493,180,110,70,0.8929878907350042,1.0,0.8272727272727273,0.9054726368159205,0.880503144654088,0.8944444444444445
IMAGE,0.17461249977350235,180,110,70,0.8929878907350042,1.0,0.8272727272727273,0.9054726368159205,0.880503144654088,0.8944444444444445
IMAGE,0.1754000037908554,180,110,70,0.8820187896001748,1.0,0.8090909090909091,0.8944723618090452,0.8695652173913044,0.8833333333333333
IMAGE,0.1768156290054321,180,110,70,0.8820187896001748,1.0,0.8090909090909091,0.8944723618090452,0.8695652173913044,0.8833333333333333
IMAGE,0.1782312542200088,180,110,70,0.8765432098765433,1.0,0.8,0.888888888888889,0.8641975308641976,0.8777777777777778
IMAGE,0.17875937372446055,180,110,70,0.8765432098765433,1.0,0.8,0.888888888888889,0.8641975308641976,0.8777777777777778
IMAGE,0.1792874932289123,180,110,70,0.8710722182429698,1.0,0.7909090909090909,0.883248730964467,0.8588957055214724,0.8722222222222222
IMAGE,0.1794843673706054,180,110,70,0.8710722182429698,1.0,0.7909090909090909,0.883248730964467,0.8588957055214724,0.8722222222222222
IMAGE,0.1796812415122985,180,110,70,0.8656047784967645,1.0,0.7818181818181819,0.8775510204081634,0.8536585365853657,0.8666666666666667
IMAGE,0.18065936863422388,180,110,70,0.8656047784967645,1.0,0.7818181818181819,0.8775510204081634,0.8536585365853657,0.8666666666666667
IMAGE,0.1816374957561493,180,110,70,0.8546764377096013,1.0,0.7636363636363637,0.865979381443299,0.8433734939759037,0.8555555555555555
IMAGE,0.1823218762874603,180,110,70,0.8546764377096013,1.0,0.7636363636363637,0.865979381443299,0.8433734939759037,0.8555555555555555
IMAGE,0.1830062568187713,180,110,70,0.8492134901182091,1.0,0.7545454545454545,0.8601036269430052,0.8383233532934131,0.85
IMAGE,0.18378750234842295,180,110,70,0.8492134901182091,1.0,0.7545454545454545,0.8601036269430052,0.8383233532934131,0.85
IMAGE,0.1845687478780746,180,110,70,0.84375,1.0,0.7454545454545455,0.8541666666666666,0.8333333333333333,0.8444444444444444
IMAGE,0.1848249956965446,180,110,70,0.84375,1.0,0.7454545454545455,0.8541666666666666,0.8333333333333333,0.8444444444444444
IMAGE,0.1850812435150146,180,110,70,0.8382849530654605,1.0,0.7363636363636363,0.8481675392670157,0.8284023668639052,0.8388888888888889
IMAGE,0.18528749793767924,180,110,70,0.8382849530654605,1.0,0.7363636363636363,0.8481675392670157,0.8284023668639052,0.8388888888888889
IMAGE,0.1854937523603439,180,110,70,0.8328173374613004,1.0,0.7272727272727273,0.8421052631578948,0.8235294117647058,0.8333333333333334
IMAGE,0.18552187830209732,180,110,70,0.8328173374613004,1.0,0.7272727272727273,0.8421052631578948,0.8235294117647058,0.8333333333333334
IMAGE,0.1855500042438507,180,110,70,0.8218703612073232,1.0,0.7090909090909091,0.8297872340425533,0.813953488372093,0.8222222222222222
IMAGE,0.18630937486886975,180,110,70,0.8218703612073232,1.0,0.7090909090909091,0.8297872340425533,0.813953488372093,0.8222222222222222
IMAGE,0.1870687454938888,180,110,70,0.8054054054054054,1.0,0.6818181818181818,0.8108108108108109,0.8,0.8055555555555556
IMAGE,0.1875468716025352,180,110,70,0.8054054054054054,1.0,0.6818181818181818,0.8108108108108109,0.8,0.8055555555555556
IMAGE,0.1880249977111816,180,110,70,0.799901185770751,1.0,0.6727272727272727,0.8043478260869564,0.7954545454545454,0.8
IMAGE,0.18859374523162842,180,110,70,0.799901185770751,1.0,0.6727272727272727,0.8043478260869564,0.7954545454545454,0.8
IMAGE,0.1891624927520752,180,110,70,0.7943873298138373,1.0,0.6636363636363637,0.7978142076502733,0.7909604519774012,0.7944444444444444
IMAGE,0.1891968697309494,180,110,70,0.7943873298138373,1.0,0.6636363636363637,0.7978142076502733,0.7909604519774012,0.7944444444444444
IMAGE,0.1892312467098236,180,110,70,0.7888628225706877,1.0,0.6545454545454545,0.7912087912087912,0.7865168539325843,0.7888888888888889
IMAGE,0.18934375047683716,180,110,70,0.7888628225706877,1.0,0.6545454545454545,0.7912087912087912,0.7865168539325843,0.7888888888888889
IMAGE,0.1894562542438507,180,110,70,0.7777777777777778,1.0,0.6363636363636364,0.7777777777777778,0.7777777777777778,0.7777777777777778
IMAGE,0.1900406256318092,180,110,70,0.7777777777777778,1.0,0.6363636363636364,0.7777777777777778,0.7777777777777778,0.7777777777777778
IMAGE,0.1906249970197677,180,110,70,0.766637856525497,1.0,0.6181818181818182,0.7640449438202247,0.7692307692307693,0.7666666666666667
IMAGE,0.19101249426603312,180,110,70,0.766637856525497,1.0,0.6181818181818182,0.7640449438202247,0.7692307692307693,0.7666666666666667
IMAGE,0.1913999915122985,180,110,70,0.7610447346485134,1.0,0.6090909090909091,0.7570621468926554,0.7650273224043715,0.7611111111111111
IMAGE,0.19140624999999994,180,110,70,0.7610447346485134,1.0,0.6090909090909091,0.7570621468926554,0.7650273224043715,0.7611111111111111
IMAGE,0.1914125084877014,180,110,70,0.7441601779755284,1.0,0.5818181818181818,0.735632183908046,0.7526881720430108,0.7444444444444445
IMAGE,0.1917093768715858,180,110,70,0.7441601779755284,1.0,0.5818181818181818,0.735632183908046,0.7526881720430108,0.7444444444444445
IMAGE,0.1920062452554702,180,110,70,0.7384934005131216,1.0,0.5727272727272728,0.7283236994219653,0.748663101604278,0.7388888888888889
IMAGE,0.19365937262773508,180,110,70,0.7384934005131216,1.0,0.5727272727272728,0.7283236994219653,0.748663101604278,0.7388888888888889
IMAGE,0.1953125,180,110,70,0.7328055418109847,1.0,0.5636363636363636,0.7209302325581396,0.7446808510638298,0.7333333333333333
IMAGE,0.1974968761205673,180,110,70,0.7328055418109847,1.0,0.5636363636363636,0.7209302325581396,0.7446808510638298,0.7333333333333333
IMAGE,0.1996812522411346,180,110,70,0.7270955165692008,1.0,0.5545454545454546,0.7134502923976608,0.7407407407407407,0.7277777777777777
IMAGE,0.19981875270605085,180,110,70,0.7270955165692008,1.0,0.5545454545454546,0.7134502923976608,0.7407407407407407,0.7277777777777777
IMAGE,0.1999562531709671,180,110,70,0.7213622291021671,1.0,0.5454545454545454,0.7058823529411764,0.7368421052631579,0.7222222222222222
IMAGE,0.20020624995231626,180,110,70,0.7213622291021671,1.0,0.5454545454545454,0.7058823529411764,0.7368421052631579,0.7222222222222222
IMAGE,0.2004562467336654,180,110,70,0.7156045726323617,1.0,0.5363636363636364,0.6982248520710059,0.7329842931937173,0.7166666666666667
IMAGE,0.2008062526583671,180,110,70,0.7156045726323617,1.0,0.5363636363636364,0.6982248520710059,0.7329842931937173,0.7166666666666667
IMAGE,0.2011562585830688,180,110,70,0.7098214285714285,1.0,0.5272727272727272,0.6904761904761904,0.7291666666666666,0.7111111111111111
IMAGE,0.2011812552809715,180,110,70,0.7098214285714285,1.0,0.5272727272727272,0.6904761904761904,0.7291666666666666,0.7111111111111111
IMAGE,0.2012062519788742,180,110,70,0.7040116657875959,1.0,0.5181818181818182,0.6826347305389222,0.7253886010362695,0.7055555555555556
IMAGE,0.20170625299215317,180,110,70,0.7040116657875959,1.0,0.5181818181818182,0.6826347305389222,0.7253886010362695,0.7055555555555556
IMAGE,0.2022062540054321,180,110,70,0.6981741398584027,1.0,0.509090909090909,0.6746987951807228,0.7216494845360826,0.7
IMAGE,0.20239375531673431,180,110,70,0.6981741398584027,1.0,0.509090909090909,0.6746987951807228,0.7216494845360826,0.7
IMAGE,0.2025812566280365,180,110,70,0.6923076923076923,1.0,0.5,0.6666666666666666,0.717948717948718,0.6944444444444444
IMAGE,0.20432500541210175,180,110,70,0.6923076923076923,1.0,0.5,0.6666666666666666,0.717948717948718,0.6944444444444444
IMAGE,0.206068754196167,180,110,70,0.6864111498257839,1.0,0.4909090909090909,0.6585365853658536,0.7142857142857143,0.6888888888888889
IMAGE,0.2093687504529953,180,110,70,0.6864111498257839,1.0,0.4909090909090909,0.6585365853658536,0.7142857142857143,0.6888888888888889
IMAGE,0.2126687467098236,180,110,70,0.6804833234717075,1.0,0.4818181818181818,0.6503067484662576,0.7106598984771574,0.6833333333333333
IMAGE,0.2127718776464462,180,110,70,0.6804833234717075,1.0,0.4818181818181818,0.6503067484662576,0.7106598984771574,0.6833333333333333
IMAGE,0.2128750085830688,180,110,70,0.6745230078563411,1.0,0.4727272727272727,0.6419753086419753,0.7070707070707071,0.6777777777777778
IMAGE,0.21532187610864634,180,110,70,0.6745230078563411,1.0,0.4727272727272727,0.6419753086419753,0.7070707070707071,0.6777777777777778
IMAGE,0.2177687436342239,180,110,70,0.6625000000000001,1.0,0.45454545454545453,0.625,0.7000000000000001,0.6666666666666666
IMAGE,0.2177718728780746,180,110,70,0.6625000000000001,1.0,0.45454545454545453,0.625,0.7000000000000001,0.6666666666666666
IMAGE,0.2177750021219253,180,110,70,0.6564348070965926,1.0,0.44545454545454544,0.6163522012578617,0.6965174129353234,0.6611111111111111
IMAGE,0.21855937689542765,180,110,70,0.6564348070965926,1.0,0.44545454545454544,0.6163522012578617,0.6965174129353234,0.6611111111111111
IMAGE,0.21934375166893,180,110,70,0.6503321218197768,1.0,0.43636363636363634,0.6075949367088608,0.693069306930693,0.6555555555555556
IMAGE,0.219496876001358,180,110,70,0.6503321218197768,1.0,0.43636363636363634,0.6075949367088608,0.693069306930693,0.6555555555555556
IMAGE,0.219650000333786,180,110,70,0.6441906435317373,1.0,0.42727272727272725,0.5987261146496815,0.6896551724137931,0.65
IMAGE,0.21966874599456787,180,110,70,0.6441906435317373,1.0,0.42727272727272725,0.5987261146496815,0.6896551724137931,0.65
IMAGE,0.2196874916553497,180,110,70,0.6064514084730188,1.0,0.37272727272727274,0.543046357615894,0.6698564593301435,0.6166666666666667
IMAGE,0.2199781239032745,180,110,70,0.6064514084730188,1.0,0.37272727272727274,0.543046357615894,0.6698564593301435,0.6166666666666667
IMAGE,0.2202687561511993,180,110,70,0.5934985209453227,1.0,0.35454545454545455,0.5234899328859061,0.6635071090047393,0.6055555555555555
IMAGE,0.22048437595367432,180,110,70,0.5934985209453227,1.0,0.35454545454545455,0.5234899328859061,0.6635071090047393,0.6055555555555555
IMAGE,0.2206999957561493,180,110,70,0.5869454360020397,1.0,0.34545454545454546,0.5135135135135135,0.660377358490566,0.6
IMAGE,0.22167499363422388,180,110,70,0.5869454360020397,1.0,0.34545454545454546,0.5135135135135135,0.660377358490566,0.6
IMAGE,0.2226499915122985,180,110,70,0.5736781462040712,1.0,0.32727272727272727,0.4931506849315069,0.6542056074766355,0.5888888888888889
IMAGE,0.22356562316417689,180,110,70,0.5736781462040712,1.0,0.32727272727272727,0.4931506849315069,0.6542056074766355,0.5888888888888889
IMAGE,0.2244812548160553,180,110,70,0.5601851851851851,1.0,0.3090909090909091,0.4722222222222222,0.6481481481481481,0.5777777777777777
IMAGE,0.22454062849283213,180,110,70,0.5601851851851851,1.0,0.3090909090909091,0.4722222222222222,0.6481481481481481,0.5777777777777777
IMAGE,0.224600002169609,180,110,70,0.5533498759305211,1.0,0.3,0.4615384615384615,0.6451612903225806,0.5722222222222222
IMAGE,0.2247218713164329,180,110,70,0.5533498759305211,1.0,0.3,0.4615384615384615,0.6451612903225806,0.5722222222222222
IMAGE,0.2248437404632568,180,110,70,0.5109816372622827,1.0,0.24545454545454545,0.39416058394160586,0.6278026905829597,0.5388888888888889
IMAGE,0.2257062420248985,180,110,70,0.5109816372622827,1.0,0.24545454545454545,0.39416058394160586,0.6278026905829597,0.5388888888888889
IMAGE,0.2265687435865402,180,110,70,0.5036764705882353,1.0,0.23636363636363636,0.3823529411764706,0.625,0.5333333333333333
IMAGE,0.22704686969518661,180,110,70,0.5036764705882353,1.0,0.23636363636363636,0.3823529411764706,0.625,0.5333333333333333
IMAGE,0.227524995803833,180,110,70,0.4962962962962963,1.0,0.22727272727272727,0.37037037037037035,0.6222222222222222,0.5277777777777778
IMAGE,0.22802499681711197,180,110,70,0.4962962962962963,1.0,0.22727272727272727,0.37037037037037035,0.6222222222222222,0.5277777777777778
IMAGE,0.2285249978303909,180,110,70,0.4888389908862766,1.0,0.21818181818181817,0.3582089552238806,0.6194690265486726,0.5222222222222223
IMAGE,0.2290124967694282,180,110,70,0.4888389908862766,1.0,0.21818181818181817,0.3582089552238806,0.6194690265486726,0.5222222222222223
IMAGE,0.2294999957084655,180,110,70,0.4813023748799311,1.0,0.20909090909090908,0.3458646616541353,0.6167400881057269,0.5166666666666667
IMAGE,0.23239374905824656,180,110,70,0.4813023748799311,1.0,0.20909090909090908,0.3458646616541353,0.6167400881057269,0.5166666666666667
IMAGE,0.2352875024080276,180,110,70,0.4736842105263158,1.0,0.2,0.33333333333333337,0.6140350877192983,0.5111111111111111
IMAGE,0.23580624908208844,180,110,70,0.4736842105263158,1.0,0.2,0.33333333333333337,0.6140350877192983,0.5111111111111111
IMAGE,0.2363249957561493,180,110,70,0.465982199406647,1.0,0.19090909090909092,0.3206106870229008,0.6113537117903931,0.5055555555555555
IMAGE,0.23804062604904175,180,110,70,0.465982199406647,1.0,0.19090909090909092,0.3206106870229008,0.6113537117903931,0.5055555555555555
IMAGE,0.2397562563419342,180,110,70,0.4581939799331104,1.0,0.18181818181818182,0.3076923076923077,0.6086956521739131,0.5
IMAGE,0.24195000529289246,180,110,70,0.4581939799331104,1.0,0.18181818181818182,0.3076923076923077,0.6086956521739131,0.5
IMAGE,0.2441437542438507,180,110,70,0.4503171247357294,1.0,0.17272727272727273,0.2945736434108527,0.6060606060606061,0.49444444444444446
IMAGE,0.24511875212192535,180,110,70,0.4503171247357294,1.0,0.17272727272727273,0.2945736434108527,0.6060606060606061,0.49444444444444446
IMAGE,0.24609375,180,110,70,0.4423491379310345,1.0,0.16363636363636364,0.28125,0.603448275862069,0.4888888888888889
IMAGE,0.247249998152256,180,110,70,0.4423491379310345,1.0,0.16363636363636364,0.28125,0.603448275862069,0.4888888888888889
IMAGE,0.248406246304512,180,110,70,0.4261294261294261,1.0,0.14545454545454545,0.25396825396825395,0.5982905982905983,0.4777777777777778
IMAGE,0.24920625239610672,180,110,70,0.4261294261294261,1.0,0.14545454545454545,0.25396825396825395,0.5982905982905983,0.4777777777777778
IMAGE,0.2500062584877014,180,110,70,0.4178723404255319,1.0,0.13636363636363635,0.24000000000000002,0.5957446808510638,0.4722222222222222
IMAGE,0.2514718770980835,180,110,70,0.4178723404255319,1.0,0.13636363636363635,0.24000000000000002,0.5957446808510638,0.4722222222222222
IMAGE,0.2529374957084656,180,110,70,0.4095133952979771,1.0,0.12727272727272726,0.22580645161290322,0.5932203389830509,0.4666666666666667
IMAGE,0.2553749978542328,180,110,70,0.4095133952979771,1.0,0.12727272727272726,0.22580645161290322,0.5932203389830509,0.4666666666666667
IMAGE,0.2578125,180,110,70,0.40104970669959866,1.0,0.11818181818181818,0.21138211382113822,0.5907172995780591,0.46111111111111114
IMAGE,0.25785312056541443,180,110,70,0.40104970669959866,1.0,0.11818181818181818,0.21138211382113822,0.5907172995780591,0.46111111111111114
IMAGE,0.2578937411308288,180,110,70,0.36608668363611,1.0,0.08181818181818182,0.15126050420168066,0.5809128630705394,0.4388888888888889
IMAGE,0.26265624165534973,180,110,70,0.36608668363611,1.0,0.08181818181818182,0.15126050420168066,0.5809128630705394,0.4388888888888889
IMAGE,0.2674187421798706,180,110,70,0.347894903450459,1.0,0.06363636363636363,0.11965811965811964,0.5761316872427983,0.42777777777777776
IMAGE,0.27262812852859497,180,110,70,0.347894903450459,1.0,0.06363636363636363,0.11965811965811964,0.5761316872427983,0.42777777777777776
IMAGE,0.2778375148773193,180,110,70,0.329192546583851,1.0,0.045454545454545456,0.08695652173913045,0.5714285714285715,0.4166666666666667
IMAGE,0.27814376354217524,180,110,70,0.329192546583851,1.0,0.045454545454545456,0.08695652173913045,0.5714285714285715,0.4166666666666667
IMAGE,0.2784500122070312,180,110,70,0.3196405648267009,1.0,0.03636363636363636,0.07017543859649122,0.5691056910569106,0.4111111111111111
IMAGE,0.29205313324928284,180,110,70,0.3196405648267009,1.0,0.03636363636363636,0.07017543859649122,0.5691056910569106,0.4111111111111111
IMAGE,0.3056562542915344,180,110,70,0.30994948228297087,1.0,0.02727272727272727,0.053097345132743355,0.5668016194331984,0.40555555555555556
IMAGE,0.3076093792915344,180,110,70,0.30994948228297087,1.0,0.02727272727272727,0.053097345132743355,0.5668016194331984,0.40555555555555556
IMAGE,0.3095625042915344,180,110,70,0.30011520737327185,1.0,0.01818181818181818,0.03571428571428572,0.564516129032258,0.4
IMAGE,0.31981563568115234,180,110,70,0.30011520737327185,1.0,0.01818181818181818,0.03571428571428572,0.564516129032258,0.4
IMAGE,0.3300687670707702,180,110,70,0.2901335070009769,1.0,0.00909090909090909,0.018018018018018018,0.5622489959839357,0.39444444444444443
IMAGE,0.3310562670230865,180,110,70,0.2901335070009769,1.0,0.00909090909090909,0.018018018018018018,0.5622489959839357,0.39444444444444443
IMAGE,0.3320437669754028,180,110,70,0.28,0.0,0.0,0.0,0.56,0.3888888888888889
IMAGE,1.0,180,110,70,0.28,0.0,0.0,0.0,0.56,0.3888888888888889
