query_id,node_a,node_b
Q6K00001,Q6K00001_N03,Q6K00001_N04
Q6K00001,Q6K00001_N03,Q6K00001_N05
Q6K00001,Q6K00001_N03,Q6K00001_N06
Q6K00001,Q6K00001_N04,Q6K00001_N07
Q6K00002,Q6K00002_N02,Q6K00002_N07
Q6K00002,Q6K00002_N03,Q6K00002_N07
Q6K00002,Q6K00002_N04,Q6K00002_N06
Q6K00002,Q6K00002_N06,Q6K00002_N07
Q6K00003,Q6K00003_N01,Q6K00003_N07
Q6K00003,Q6K00003_N02,Q6K00003_N07
Q6K00003,Q6K00003_N04,Q6K00003_N07
Q6K00003,Q6K00003_N06,Q6K00003_N07
Q6K00004,Q6K00004_N01,Q6K00004_N05
Q6K00004,Q6K00004_N01,Q6K00004_N07
Q6K00004,Q6K00004_N02,Q6K00004_N03
Q6K00004,Q6K00004_N02,Q6K00004_N05
Q6K00004,Q6K00004_N03,Q6K00004_N05
Q6K00005,Q6K00005_N01,Q6K00005_N03
Q6K00005,Q6K00005_N01,Q6K00005_N04
Q6K00005,Q6K00005_N01,Q6K00005_N06
Q6K00005,Q6K00005_N01,Q6K00005_N07
Q6K00005,Q6K00005_N04,Q6K00005_N07
Q6K00006,Q6K00006_N01,Q6K00006_N02
Q6K00006,Q6K00006_N02,Q6K00006_N03
Q6K00006,Q6K00006_N02,Q6K00006_N04
Q6K00006,Q6K00006_N03,Q6K00006_N06
Q6K00007,Q6K00007_N01,Q6K00007_N03
Q6K00007,Q6K00007_N01,Q6K00007_N06
Q6K00007,Q6K00007_N03,Q6K00007_N06
Q6K00007,Q6K00007_N03,Q6K00007_N07
Q6K00007,Q6K00007_N04,Q6K00007_N06
Q6K00007,Q6K00007_N04,Q6K00007_N07
Q6K00007,Q6K00007_N06,Q6K00007_N07
Q6K00008,Q6K00008_N02,Q6K00008_N04
Q6K00008,Q6K00008_N02,Q6K00008_N05
Q6K00008,Q6K00008_N02,Q6K00008_N06
Q6K00008,Q6K00008_N04,Q6K00008_N07
Q6K00009,Q6K00009_N01,Q6K00009_N04
Q6K00009,Q6K00009_N02,Q6K00009_N04
Q6K00009,Q6K00009_N02,Q6K00009_N05
Q6K00009,Q6K00009_N05,Q6K00009_N07
Q6K00010,Q6K00010_N01,Q6K00010_N07
Q6K00010,Q6K00010_N02,Q6K00010_N03
Q6K00010,Q6K00010_N02,Q6K00010_N07
Q6K00010,Q6K00010_N06,Q6K00010_N07
Q6K00011,Q6K00011_N01,Q6K00011_N05
Q6K00011,Q6K00011_N03,Q6K00011_N05
Q6K00011,Q6K00011_N04,Q6K00011_N06
Q6K00011,Q6K00011_N05,Q6K00011_N06
Q6K00012,Q6K00012_N01,Q6K00012_N03
Q6K00012,Q6K00012_N01,Q6K00012_N04
Q6K00012,Q6K00012_N02,Q6K00012_N03
Q6K00012,Q6K00012_N02,Q6K00012_N04
Q6K00012,Q6K00012_N02,Q6K00012_N06
Q6K00012,Q6K00012_N03,Q6K00012_N04
Q6K00012,Q6K00012_N04,Q6K00012_N06
Q6K00013,Q6K00013_N01,Q6K00013_N02
Q6K00013,Q6K00013_N02,Q6K00013_N04
Q6K00013,Q6K00013_N02,Q6K00013_N05
Q6K00013,Q6K00013_N02,Q6K00013_N07
Q6K00013,Q6K00013_N04,Q6K00013_N05
Q6K00014,Q6K00014_N03,Q6K00014_N04
Q6K00014,Q6K00014_N04,Q6K00014_N06
Q6K00014,Q6K00014_N05,Q6K00014_N06
Q6K00014,Q6K00014_N06,Q6K00014_N07
Q6K00015,Q6K00015_N01,Q6K00015_N05
Q6K00015,Q6K00015_N03,Q6K00015_N06
Q6K00015,Q6K00015_N03,Q6K00015_N07
Q6K00015,Q6K00015_N05,Q6K00015_N06
Q6K00016,Q6K00016_N01,Q6K00016_N05
Q6K00016,Q6K00016_N02,Q6K00016_N05
Q6K00016,Q6K00016_N04,Q6K00016_N05
Q6K00016,Q6K00016_N05,Q6K00016_N06
Q6K00017,Q6K00017_N01,Q6K00017_N02
Q6K00017,Q6K00017_N01,Q6K00017_N04
Q6K00017,Q6K00017_N01,Q6K00017_N07
Q6K00017,Q6K00017_N02,Q6K00017_N04
Q6K00017,Q6K00017_N02,Q6K00017_N05
Q6K00017,Q6K00017_N02,Q6K00017_N07
Q6K00017,Q6K00017_N04,Q6K00017_N07
Q6K00017,Q6K00017_N05,Q6K00017_N07
Q6K00018,Q6K00018_N01,Q6K00018_N03
Q6K00018,Q6K00018_N02,Q6K00018_N03
Q6K00018,Q6K00018_N03,Q6K00018_N04
Q6K00018,Q6K00018_N03,Q6K00018_N06
Q6K00019,Q6K00019_N01,Q6K00019_N03
Q6K00019,Q6K00019_N01,Q6K00019_N05
Q6K00019,Q6K00019_N02,Q6K00019_N03
Q6K00019,Q6K00019_N02,Q6K00019_N04
Q6K00020,Q6K00020_N01,Q6K00020_N03
Q6K00020,Q6K00020_N01,Q6K00020_N04
Q6K00020,Q6K00020_N01,Q6K00020_N05
Q6K00020,Q6K00020_N02,Q6K00020_N03
Q6K00020,Q6K00020_N02,Q6K00020_N05
Q6K00020,Q6K00020_N03,Q6K00020_N05
Q6K00021,Q6K00021_N01,Q6K00021_N02
Q6K00021,Q6K00021_N02,Q6K00021_N04
Q6K00021,Q6K00021_N03,Q6K00021_N04
Q6K00021,Q6K00021_N03,Q6K00021_N06
Q6K00022,Q6K00022_N01,Q6K00022_N07
Q6K00022,Q6K00022_N02,Q6K00022_N03
Q6K00022,Q6K00022_N02,Q6K00022_N07
Q6K00022,Q6K00022_N03,Q6K00022_N04
Q6K00023,Q6K00023_N01,Q6K00023_N03
Q6K00023,Q6K00023_N01,Q6K00023_N04
Q6K00023,Q6K00023_N01,Q6K00023_N05
Q6K00023,Q6K00023_N01,Q6K00023_N06
Q6K00023,Q6K00023_N03,Q6K00023_N04
Q6K00023,Q6K00023_N03,Q6K00023_N06
Q6K00024,Q6K00024_N02,Q6K00024_N03
Q6K00024,Q6K00024_N03,Q6K00024_N04
Q6K00024,Q6K00024_N03,Q6K00024_N06
Q6K00024,Q6K00024_N03,Q6K00024_N07
Q6K00025,Q6K00025_N01,Q6K00025_N04
Q6K00025,Q6K00025_N03,Q6K00025_N04
Q6K00025,Q6K00025_N04,Q6K00025_N05
Q6K00025,Q6K00025_N05,Q6K00025_N06
Q6K00026,Q6K00026_N01,Q6K00026_N02
Q6K00026,Q6K00026_N01,Q6K00026_N04
Q6K00026,Q6K00026_N01,Q6K00026_N06
Q6K00026,Q6K00026_N05,Q6K00026_N06
Q6K00027,Q6K00027_N01,Q6K00027_N02
Q6K00027,Q6K00027_N01,Q6K00027_N04
Q6K00027,Q6K00027_N01,Q6K00027_N05
Q6K00027,Q6K00027_N02,Q6K00027_N05
Q6K00027,Q6K00027_N04,Q6K00027_N05
Q6K00027,Q6K00027_N05,Q6K00027_N07
Q6K00028,Q6K00028_N01,Q6K00028_N07
Q6K00028,Q6K00028_N02,Q6K00028_N07
Q6K00028,Q6K00028_N03,Q6K00028_N07
Q6K00028,Q6K00028_N04,Q6K00028_N07
Q6K00029,Q6K00029_N01,Q6K00029_N06
Q6K00029,Q6K00029_N01,Q6K00029_N07
Q6K00029,Q6K00029_N02,Q6K00029_N07
Q6K00029,Q6K00029_N05,Q6K00029_N07
Q6K00029,Q6K00029_N06,Q6K00029_N07
Q6K00030,Q6K00030_N01,Q6K00030_N03
Q6K00030,Q6K00030_N02,Q6K00030_N03
Q6K00030,Q6K00030_N02,Q6K00030_N04
Q6K00030,Q6K00030_N02,Q6K00030_N06
Q6K00031,Q6K00031_N01,Q6K00031_N04
Q6K00031,Q6K00031_N02,Q6K00031_N04
Q6K00031,Q6K00031_N04,Q6K00031_N05
Q6K00031,Q6K00031_N04,Q6K00031_N06
Q6K00031,Q6K00031_N05,Q6K00031_N06
Q6K00032,Q6K00032_N01,Q6K00032_N03
Q6K00032,Q6K00032_N02,Q6K00032_N03
Q6K00032,Q6K00032_N02,Q6K00032_N05
Q6K00032,Q6K00032_N03,Q6K00032_N04
Q6K00032,Q6K00032_N03,Q6K00032_N05
Q6K00033,Q6K00033_N01,Q6K00033_N02
Q6K00033,Q6K00033_N01,Q6K00033_N04
Q6K00033,Q6K00033_N01,Q6K00033_N06
Q6K00033,Q6K00033_N01,Q6K00033_N07
Q6K00033,Q6K00033_N02,Q6K00033_N06
Q6K00033,Q6K00033_N02,Q6K00033_N07
Q6K00034,Q6K00034_N02,Q6K00034_N03
Q6K00034,Q6K00034_N02,Q6K00034_N04
Q6K00034,Q6K00034_N02,Q6K00034_N05
Q6K00034,Q6K00034_N04,Q6K00034_N07
Q6K00035,Q6K00035_N01,Q6K00035_N02
Q6K00035,Q6K00035_N01,Q6K00035_N06
Q6K00035,Q6K00035_N02,Q6K00035_N04
Q6K00035,Q6K00035_N02,Q6K00035_N07
Q6K00036,Q6K00036_N01,Q6K00036_N04
Q6K00036,Q6K00036_N01,Q6K00036_N05
Q6K00036,Q6K00036_N03,Q6K00036_N04
Q6K00036,Q6K00036_N03,Q6K00036_N05
Q6K00036,Q6K00036_N05,Q6K00036_N07
Q6K00037,Q6K00037_N01,Q6K00037_N03
Q6K00037,Q6K00037_N01,Q6K00037_N06
Q6K00037,Q6K00037_N01,Q6K00037_N07
Q6K00037,Q6K00037_N03,Q6K00037_N07
Q6K00037,Q6K00037_N05,Q6K00037_N07
Q6K00037,Q6K00037_N06,Q6K00037_N07
Q6K00038,Q6K00038_N01,Q6K00038_N02
Q6K00038,Q6K00038_N01,Q6K00038_N04
Q6K00038,Q6K00038_N02,Q6K00038_N04
Q6K00038,Q6K00038_N04,Q6K00038_N05
Q6K00038,Q6K00038_N04,Q6K00038_N06
Q6K00038,Q6K00038_N05,Q6K00038_N06
Q6K00039,Q6K00039_N01,Q6K00039_N04
Q6K00039,Q6K00039_N03,Q6K00039_N05
Q6K00039,Q6K00039_N03,Q6K00039_N06
Q6K00039,Q6K00039_N04,Q6K00039_N06
Q6K00039,Q6K00039_N05,Q6K00039_N06
Q6K00040,Q6K00040_N01,Q6K00040_N03
Q6K00040,Q6K00040_N01,Q6K00040_N05
Q6K00040,Q6K00040_N01,Q6K00040_N07
Q6K00040,Q6K00040_N02,Q6K00040_N07
Q6K00041,Q6K00041_N01,Q6K00041_N03
Q6K00041,Q6K00041_N02,Q6K00041_N03
Q6K00041,Q6K00041_N02,Q6K00041_N04
Q6K00041,Q6K00041_N02,Q6K00041_N07
Q6K00042,Q6K00042_N02,Q6K00042_N03
Q6K00042,Q6K00042_N02,Q6K00042_N04
Q6K00042,Q6K00042_N02,Q6K00042_N06
Q6K00042,Q6K00042_N02,Q6K00042_N07
Q6K00042,Q6K00042_N03,Q6K00042_N04
Q6K00042,Q6K00042_N03,Q6K00042_N07
Q6K00042,Q6K00042_N04,Q6K00042_N07
Q6K00043,Q6K00043_N01,Q6K00043_N03
Q6K00043,Q6K00043_N01,Q6K00043_N04
Q6K00043,Q6K00043_N04,Q6K00043_N05
Q6K00043,Q6K00043_N04,Q6K00043_N06
Q6K00043,Q6K00043_N05,Q6K00043_N06
Q6K00044,Q6K00044_N01,Q6K00044_N02
Q6K00044,Q6K00044_N01,Q6K00044_N05
Q6K00044,Q6K00044_N01,Q6K00044_N06
Q6K00044,Q6K00044_N02,Q6K00044_N04
Q6K00044,Q6K00044_N02,Q6K00044_N05
Q6K00044,Q6K00044_N02,Q6K00044_N06
Q6K00045,Q6K00045_N01,Q6K00045_N06
Q6K00045,Q6K00045_N01,Q6K00045_N07
Q6K00045,Q6K00045_N02,Q6K00045_N07
Q6K00045,Q6K00045_N04,Q6K00045_N07
Q6K00045,Q6K00045_N06,Q6K00045_N07
Q6K00046,Q6K00046_N01,Q6K00046_N02
Q6K00046,Q6K00046_N01,Q6K00046_N04
Q6K00046,Q6K00046_N02,Q6K00046_N04
Q6K00046,Q6K00046_N02,Q6K00046_N05
Q6K00046,Q6K00046_N02,Q6K00046_N07
Q6K00046,Q6K00046_N04,Q6K00046_N05
Q6K00046,Q6K00046_N04,Q6K00046_N07
Q6K00046,Q6K00046_N05,Q6K00046_N07
Q6K00047,Q6K00047_N02,Q6K00047_N04
Q6K00047,Q6K00047_N03,Q6K00047_N05
Q6K00047,Q6K00047_N04,Q6K00047_N05
Q6K00047,Q6K00047_N04,Q6K00047_N06
Q6K00048,Q6K00048_N02,Q6K00048_N07
Q6K00048,Q6K00048_N03,Q6K00048_N04
Q6K00048,Q6K00048_N03,Q6K00048_N07
Q6K00048,Q6K00048_N04,Q6K00048_N05
Q6K00048,Q6K00048_N04,Q6K00048_N07
Q6K00048,Q6K00048_N05,Q6K00048_N07
Q6K00049,Q6K00049_N01,Q6K00049_N07
Q6K00049,Q6K00049_N02,Q6K00049_N04
Q6K00049,Q6K00049_N02,Q6K00049_N07
Q6K00049,Q6K00049_N03,Q6K00049_N07
Q6K00049,Q6K00049_N04,Q6K00049_N07
Q6K00050,Q6K00050_N01,Q6K00050_N02
Q6K00050,Q6K00050_N02,Q6K00050_N03
Q6K00050,Q6K00050_N03,Q6K00050_N04
Q6K00050,Q6K00050_N03,Q6K00050_N06
Q6K00051,Q6K00051_N01,Q6K00051_N02
Q6K00051,Q6K00051_N01,Q6K00051_N05
Q6K00051,Q6K00051_N02,Q6K00051_N04
Q6K00051,Q6K00051_N02,Q6K00051_N05
Q6K00051,Q6K00051_N04,Q6K00051_N05
Q6K00051,Q6K00051_N04,Q6K00051_N07
Q6K00052,Q6K00052_N01,Q6K00052_N03
Q6K00052,Q6K00052_N01,Q6K00052_N04
Q6K00052,Q6K00052_N02,Q6K00052_N04
Q6K00052,Q6K00052_N03,Q6K00052_N04
Q6K00052,Q6K00052_N04,Q6K00052_N06
Q6K00053,Q6K00053_N01,Q6K00053_N05
Q6K00053,Q6K00053_N02,Q6K00053_N05
Q6K00053,Q6K00053_N02,Q6K00053_N07
Q6K00053,Q6K00053_N04,Q6K00053_N05
Q6K00054,Q6K00054_N02,Q6K00054_N03
Q6K00054,Q6K00054_N02,Q6K00054_N05
Q6K00054,Q6K00054_N02,Q6K00054_N06
Q6K00054,Q6K00054_N06,Q6K00054_N07
Q6K00055,Q6K00055_N01,Q6K00055_N05
Q6K00055,Q6K00055_N01,Q6K00055_N06
Q6K00055,Q6K00055_N03,Q6K00055_N05
Q6K00055,Q6K00055_N03,Q6K00055_N06
Q6K00055,Q6K00055_N05,Q6K00055_N06
Q6K00055,Q6K00055_N05,Q6K00055_N07
Q6K00056,Q6K00056_N01,Q6K00056_N02
Q6K00056,Q6K00056_N01,Q6K00056_N03
Q6K00056,Q6K00056_N01,Q6K00056_N06
Q6K00056,Q6K00056_N01,Q6K00056_N07
Q6K00057,Q6K00057_N03,Q6K00057_N04
Q6K00057,Q6K00057_N03,Q6K00057_N05
Q6K00057,Q6K00057_N05,Q6K00057_N06
Q6K00057,Q6K00057_N05,Q6K00057_N07
Q6K00058,Q6K00058_N01,Q6K00058_N06
Q6K00058,Q6K00058_N01,Q6K00058_N07
Q6K00058,Q6K00058_N04,Q6K00058_N07
Q6K00058,Q6K00058_N05,Q6K00058_N07
Q6K00058,Q6K00058_N06,Q6K00058_N07
Q6K00059,Q6K00059_N02,Q6K00059_N05
Q6K00059,Q6K00059_N04,Q6K00059_N05
Q6K00059,Q6K00059_N04,Q6K00059_N07
Q6K00059,Q6K00059_N05,Q6K00059_N06
Q6K00060,Q6K00060_N01,Q6K00060_N05
Q6K00060,Q6K00060_N03,Q6K00060_N06
Q6K00060,Q6K00060_N03,Q6K00060_N07
Q6K00060,Q6K00060_N05,Q6K00060_N06
Q6K00060,Q6K00060_N06,Q6K00060_N07
Q6K00061,Q6K00061_N01,Q6K00061_N02
Q6K00061,Q6K00061_N02,Q6K00061_N07
Q6K00061,Q6K00061_N04,Q6K00061_N07
Q6K00061,Q6K00061_N05,Q6K00061_N07
Q6K00062,Q6K00062_N01,Q6K00062_N03
Q6K00062,Q6K00062_N02,Q6K00062_N03
Q6K00062,Q6K00062_N03,Q6K00062_N05
Q6K00062,Q6K00062_N05,Q6K00062_N07
Q6K00063,Q6K00063_N02,Q6K00063_N05
Q6K00063,Q6K00063_N04,Q6K00063_N07
Q6K00063,Q6K00063_N05,Q6K00063_N06
Q6K00063,Q6K00063_N06,Q6K00063_N07
Q6K00064,Q6K00064_N02,Q6K00064_N04
Q6K00064,Q6K00064_N02,Q6K00064_N06
Q6K00064,Q6K00064_N02,Q6K00064_N07
Q6K00064,Q6K00064_N03,Q6K00064_N07
Q6K00065,Q6K00065_N01,Q6K00065_N04
Q6K00065,Q6K00065_N04,Q6K00065_N05
Q6K00065,Q6K00065_N04,Q6K00065_N06
Q6K00065,Q6K00065_N04,Q6K00065_N07
Q6K00066,Q6K00066_N01,Q6K00066_N02
Q6K00066,Q6K00066_N01,Q6K00066_N04
Q6K00066,Q6K00066_N02,Q6K00066_N03
Q6K00066,Q6K00066_N04,Q6K00066_N05
Q6K00067,Q6K00067_N01,Q6K00067_N04
Q6K00067,Q6K00067_N01,Q6K00067_N07
Q6K00067,Q6K00067_N02,Q6K00067_N03
Q6K00067,Q6K00067_N03,Q6K00067_N07
Q6K00068,Q6K00068_N01,Q6K00068_N07
Q6K00068,Q6K00068_N02,Q6K00068_N06
Q6K00068,Q6K00068_N02,Q6K00068_N07
Q6K00068,Q6K00068_N03,Q6K00068_N06
Q6K00069,Q6K00069_N01,Q6K00069_N06
Q6K00069,Q6K00069_N02,Q6K00069_N03
Q6K00069,Q6K00069_N02,Q6K00069_N07
Q6K00069,Q6K00069_N03,Q6K00069_N06
Q6K00070,Q6K00070_N02,Q6K00070_N06
Q6K00070,Q6K00070_N03,Q6K00070_N05
Q6K00070,Q6K00070_N04,Q6K00070_N06
Q6K00070,Q6K00070_N05,Q6K00070_N06
Q6K00071,Q6K00071_N03,Q6K00071_N04
Q6K00071,Q6K00071_N03,Q6K00071_N06
Q6K00071,Q6K00071_N03,Q6K00071_N07
Q6K00071,Q6K00071_N05,Q6K00071_N07
Q6K00072,Q6K00072_N01,Q6K00072_N07
Q6K00072,Q6K00072_N03,Q6K00072_N06
Q6K00072,Q6K00072_N03,Q6K00072_N07
Q6K00072,Q6K00072_N04,Q6K00072_N07
Q6K00073,Q6K00073_N01,Q6K00073_N04
Q6K00073,Q6K00073_N02,Q6K00073_N04
Q6K00073,Q6K00073_N04,Q6K00073_N05
Q6K00073,Q6K00073_N04,Q6K00073_N07
Q6K00074,Q6K00074_N01,Q6K00074_N02
Q6K00074,Q6K00074_N01,Q6K00074_N04
Q6K00074,Q6K00074_N02,Q6K00074_N03
Q6K00074,Q6K00074_N04,Q6K00074_N07
Q6K00075,Q6K00075_N01,Q6K00075_N07
Q6K00075,Q6K00075_N04,Q6K00075_N05
Q6K00075,Q6K00075_N05,Q6K00075_N06
Q6K00075,Q6K00075_N06,Q6K00075_N07
Q6K00076,Q6K00076_N01,Q6K00076_N02
Q6K00076,Q6K00076_N02,Q6K00076_N05
Q6K00076,Q6K00076_N03,Q6K00076_N05
Q6K00076,Q6K00076_N03,Q6K00076_N07
Q6K00076,Q6K00076_N05,Q6K00076_N07
Q6K00077,Q6K00077_N01,Q6K00077_N06
Q6K00077,Q6K00077_N02,Q6K00077_N03
Q6K00077,Q6K00077_N03,Q6K00077_N05
Q6K00077,Q6K00077_N03,Q6K00077_N06
Q6K00078,Q6K00078_N01,Q6K00078_N02
Q6K00078,Q6K00078_N02,Q6K00078_N03
Q6K00078,Q6K00078_N03,Q6K00078_N06
Q6K00078,Q6K00078_N04,Q6K00078_N06
Q6K00079,Q6K00079_N01,Q6K00079_N02
Q6K00079,Q6K00079_N01,Q6K00079_N04
Q6K00079,Q6K00079_N03,Q6K00079_N05
Q6K00079,Q6K00079_N04,Q6K00079_N05
Q6K00080,Q6K00080_N02,Q6K00080_N05
Q6K00080,Q6K00080_N03,Q6K00080_N05
Q6K00080,Q6K00080_N05,Q6K00080_N07
Q6K00080,Q6K00080_N06,Q6K00080_N07
Q6K00081,Q6K00081_N01,Q6K00081_N05
Q6K00081,Q6K00081_N04,Q6K00081_N05
Q6K00081,Q6K00081_N05,Q6K00081_N06
Q6K00081,Q6K00081_N05,Q6K00081_N07
Q6K00082,Q6K00082_N01,Q6K00082_N04
Q6K00082,Q6K00082_N02,Q6K00082_N05
Q6K00082,Q6K00082_N04,Q6K00082_N05
Q6K00082,Q6K00082_N04,Q6K00082_N06
Q6K00083,Q6K00083_N01,Q6K00083_N05
Q6K00083,Q6K00083_N01,Q6K00083_N07
Q6K00083,Q6K00083_N02,Q6K00083_N04
Q6K00083,Q6K00083_N02,Q6K00083_N05
Q6K00083,Q6K00083_N05,Q6K00083_N07
Q6K00084,Q6K00084_N01,Q6K00084_N03
Q6K00084,Q6K00084_N01,Q6K00084_N06
Q6K00084,Q6K00084_N03,Q6K00084_N05
Q6K00084,Q6K00084_N03,Q6K00084_N07
Q6K00085,Q6K00085_N02,Q6K00085_N05
Q6K00085,Q6K00085_N03,Q6K00085_N04
Q6K00085,Q6K00085_N03,Q6K00085_N07
Q6K00085,Q6K00085_N04,Q6K00085_N07
Q6K00085,Q6K00085_N05,Q6K00085_N07
Q6K00086,Q6K00086_N01,Q6K00086_N03
Q6K00086,Q6K00086_N03,Q6K00086_N06
Q6K00086,Q6K00086_N04,Q6K00086_N06
Q6K00086,Q6K00086_N04,Q6K00086_N07
Q6K00087,Q6K00087_N01,Q6K00087_N02
Q6K00087,Q6K00087_N02,Q6K00087_N03
Q6K00087,Q6K00087_N02,Q6K00087_N05
Q6K00087,Q6K00087_N02,Q6K00087_N07
Q6K00088,Q6K00088_N01,Q6K00088_N02
Q6K00088,Q6K00088_N01,Q6K00088_N07
Q6K00088,Q6K00088_N02,Q6K00088_N03
Q6K00088,Q6K00088_N02,Q6K00088_N06
Q6K00089,Q6K00089_N02,Q6K00089_N03
Q6K00089,Q6K00089_N02,Q6K00089_N05
Q6K00089,Q6K00089_N03,Q6K00089_N07
Q6K00089,Q6K00089_N05,Q6K00089_N06
Q6K00090,Q6K00090_N02,Q6K00090_N04
Q6K00090,Q6K00090_N02,Q6K00090_N06
Q6K00090,Q6K00090_N03,Q6K00090_N06
Q6K00090,Q6K00090_N03,Q6K00090_N07
Q6K00091,Q6K00091_N01,Q6K00091_N07
Q6K00091,Q6K00091_N02,Q6K00091_N07
Q6K00091,Q6K00091_N05,Q6K00091_N07
Q6K00091,Q6K00091_N06,Q6K00091_N07
Q6K00092,Q6K00092_N01,Q6K00092_N03
Q6K00092,Q6K00092_N01,Q6K00092_N07
Q6K00092,Q6K00092_N03,Q6K00092_N05
Q6K00092,Q6K00092_N06,Q6K00092_N07
Q6K00093,Q6K00093_N01,Q6K00093_N07
Q6K00093,Q6K00093_N02,Q6K00093_N05
Q6K00093,Q6K00093_N02,Q6K00093_N07
Q6K00093,Q6K00093_N04,Q6K00093_N07
Q6K00094,Q6K00094_N01,Q6K00094_N05
Q6K00094,Q6K00094_N02,Q6K00094_N05
Q6K00094,Q6K00094_N04,Q6K00094_N06
Q6K00094,Q6K00094_N05,Q6K00094_N06
Q6K00095,Q6K00095_N01,Q6K00095_N05
Q6K00095,Q6K00095_N02,Q6K00095_N05
Q6K00095,Q6K00095_N04,Q6K00095_N05
Q6K00095,Q6K00095_N05,Q6K00095_N06
Q6K00096,Q6K00096_N01,Q6K00096_N07
Q6K00096,Q6K00096_N02,Q6K00096_N05
Q6K00096,Q6K00096_N04,Q6K00096_N05
Q6K00096,Q6K00096_N05,Q6K00096_N07
Q6K00097,Q6K00097_N01,Q6K00097_N03
Q6K00097,Q6K00097_N01,Q6K00097_N06
Q6K00097,Q6K00097_N03,Q6K00097_N05
Q6K00097,Q6K00097_N04,Q6K00097_N06
Q6K00098,Q6K00098_N01,Q6K00098_N04
Q6K00098,Q6K00098_N02,Q6K00098_N07
Q6K00098,Q6K00098_N03,Q6K00098_N07
Q6K00098,Q6K00098_N04,Q6K00098_N07
Q6K00099,Q6K00099_N01,Q6K00099_N04
Q6K00099,Q6K00099_N02,Q6K00099_N04
Q6K00099,Q6K00099_N03,Q6K00099_N07
Q6K00099,Q6K00099_N04,Q6K00099_N07
Q6K00100,Q6K00100_N01,Q6K00100_N04
Q6K00100,Q6K00100_N01,Q6K00100_N05
Q6K00100,Q6K00100_N03,Q6K00100_N05
Q6K00100,Q6K00100_N05,Q6K00100_N06
Q6K00101,Q6K00101_N03,Q6K00101_N05
Q6K00101,Q6K00101_N04,Q6K00101_N05
Q6K00101,Q6K00101_N05,Q6K00101_N06
Q6K00101,Q6K00101_N06,Q6K00101_N07
Q6K00102,Q6K00102_N01,Q6K00102_N06
Q6K00102,Q6K00102_N02,Q6K00102_N05
Q6K00102,Q6K00102_N05,Q6K00102_N07
Q6K00102,Q6K00102_N06,Q6K00102_N07
Q6K00103,Q6K00103_N01,Q6K00103_N04
Q6K00103,Q6K00103_N02,Q6K00103_N04
Q6K00103,Q6K00103_N04,Q6K00103_N05
Q6K00103,Q6K00103_N05,Q6K00103_N07
Q6K00104,Q6K00104_N01,Q6K00104_N02
Q6K00104,Q6K00104_N01,Q6K00104_N06
Q6K00104,Q6K00104_N01,Q6K00104_N07
Q6K00104,Q6K00104_N02,Q6K00104_N05
Q6K00105,Q6K00105_N01,Q6K00105_N05
Q6K00105,Q6K00105_N01,Q6K00105_N06
Q6K00105,Q6K00105_N02,Q6K00105_N04
Q6K00105,Q6K00105_N02,Q6K00105_N05
Q6K00105,Q6K00105_N04,Q6K00105_N05
Q6K00106,Q6K00106_N01,Q6K00106_N03
Q6K00106,Q6K00106_N02,Q6K00106_N05
Q6K00106,Q6K00106_N02,Q6K00106_N07
Q6K00106,Q6K00106_N03,Q6K00106_N05
Q6K00107,Q6K00107_N02,Q6K00107_N07
Q6K00107,Q6K00107_N04,Q6K00107_N05
Q6K00107,Q6K00107_N04,Q6K00107_N07
Q6K00107,Q6K00107_N06,Q6K00107_N07
Q6K00108,Q6K00108_N01,Q6K00108_N04
Q6K00108,Q6K00108_N01,Q6K00108_N05
Q6K00108,Q6K00108_N02,Q6K00108_N05
Q6K00108,Q6K00108_N05,Q6K00108_N07
Q6K00109,Q6K00109_N01,Q6K00109_N05
Q6K00109,Q6K00109_N03,Q6K00109_N05
Q6K00109,Q6K00109_N04,Q6K00109_N05
Q6K00109,Q6K00109_N05,Q6K00109_N07
Q6K00110,Q6K00110_N01,Q6K00110_N06
Q6K00110,Q6K00110_N03,Q6K00110_N06
Q6K00110,Q6K00110_N04,Q6K00110_N06
Q6K00110,Q6K00110_N05,Q6K00110_N06
Q6K00111,Q6K00111_N01,Q6K00111_N05
Q6K00111,Q6K00111_N04,Q6K00111_N05
Q6K00111,Q6K00111_N05,Q6K00111_N06
Q6K00111,Q6K00111_N05,Q6K00111_N07
Q6K00112,Q6K00112_N02,Q6K00112_N03
Q6K00112,Q6K00112_N02,Q6K00112_N07
Q6K00112,Q6K00112_N04,Q6K00112_N06
Q6K00112,Q6K00112_N04,Q6K00112_N07
Q6K00113,Q6K00113_N03,Q6K00113_N04
Q6K00113,Q6K00113_N04,Q6K00113_N05
Q6K00113,Q6K00113_N05,Q6K00113_N07
Q6K00113,Q6K00113_N06,Q6K00113_N07
Q6K00114,Q6K00114_N01,Q6K00114_N05
Q6K00114,Q6K00114_N02,Q6K00114_N05
Q6K00114,Q6K00114_N02,Q6K00114_N06
Q6K00114,Q6K00114_N03,Q6K00114_N06
Q6K00115,Q6K00115_N01,Q6K00115_N02
Q6K00115,Q6K00115_N01,Q6K00115_N04
Q6K00115,Q6K00115_N01,Q6K00115_N07
Q6K00115,Q6K00115_N02,Q6K00115_N06
Q6K00116,Q6K00116_N02,Q6K00116_N06
Q6K00116,Q6K00116_N03,Q6K00116_N04
Q6K00116,Q6K00116_N04,Q6K00116_N06
Q6K00116,Q6K00116_N06,Q6K00116_N07
Q6K00117,Q6K00117_N01,Q6K00117_N02
Q6K00117,Q6K00117_N02,Q6K00117_N04
Q6K00117,Q6K00117_N02,Q6K00117_N05
Q6K00117,Q6K00117_N02,Q6K00117_N06
Q6K00117,Q6K00117_N04,Q6K00117_N05
Q6K00118,Q6K00118_N01,Q6K00118_N02
Q6K00118,Q6K00118_N01,Q6K00118_N03
Q6K00118,Q6K00118_N03,Q6K00118_N07
Q6K00118,Q6K00118_N04,Q6K00118_N07
Q6K00119,Q6K00119_N01,Q6K00119_N04
Q6K00119,Q6K00119_N03,Q6K00119_N04
Q6K00119,Q6K00119_N04,Q6K00119_N07
Q6K00119,Q6K00119_N05,Q6K00119_N07
Q6K00120,Q6K00120_N01,Q6K00120_N05
Q6K00120,Q6K00120_N01,Q6K00120_N07
Q6K00120,Q6K00120_N04,Q6K00120_N05
Q6K00120,Q6K00120_N05,Q6K00120_N06
Q6K00121,Q6K00121_N01,Q6K00121_N06
Q6K00121,Q6K00121_N04,Q6K00121_N06
Q6K00121,Q6K00121_N05,Q6K00121_N06
Q6K00121,Q6K00121_N06,Q6K00121_N07
Q6K00122,Q6K00122_N02,Q6K00122_N05
Q6K00122,Q6K00122_N04,Q6K00122_N05
Q6K00122,Q6K00122_N05,Q6K00122_N06
Q6K00122,Q6K00122_N05,Q6K00122_N07
Q6K00123,Q6K00123_N02,Q6K00123_N04
Q6K00123,Q6K00123_N02,Q6K00123_N06
Q6K00123,Q6K00123_N02,Q6K00123_N07
Q6K00123,Q6K00123_N05,Q6K00123_N07
Q6K00124,Q6K00124_N01,Q6K00124_N06
Q6K00124,Q6K00124_N03,Q6K00124_N05
Q6K00124,Q6K00124_N03,Q6K00124_N06
Q6K00124,Q6K00124_N06,Q6K00124_N07
Q6K00125,Q6K00125_N01,Q6K00125_N04
Q6K00125,Q6K00125_N03,Q6K00125_N04
Q6K00125,Q6K00125_N04,Q6K00125_N07
Q6K00125,Q6K00125_N05,Q6K00125_N07
Q6K00126,Q6K00126_N01,Q6K00126_N02
Q6K00126,Q6K00126_N02,Q6K00126_N03
Q6K00126,Q6K00126_N02,Q6K00126_N06
Q6K00126,Q6K00126_N03,Q6K00126_N07
Q6K00127,Q6K00127_N01,Q6K00127_N02
Q6K00127,Q6K00127_N02,Q6K00127_N04
Q6K00127,Q6K00127_N02,Q6K00127_N06
Q6K00127,Q6K00127_N06,Q6K00127_N07
Q6K00128,Q6K00128_N02,Q6K00128_N04
Q6K00128,Q6K00128_N03,Q6K00128_N04
Q6K00128,Q6K00128_N03,Q6K00128_N07
Q6K00128,Q6K00128_N05,Q6K00128_N07
Q6K00129,Q6K00129_N01,Q6K00129_N02
Q6K00129,Q6K00129_N02,Q6K00129_N03
Q6K00129,Q6K00129_N03,Q6K00129_N04
Q6K00129,Q6K00129_N03,Q6K00129_N07
Q6K00130,Q6K00130_N02,Q6K00130_N07
Q6K00130,Q6K00130_N03,Q6K00130_N05
Q6K00130,Q6K00130_N03,Q6K00130_N07
Q6K00130,Q6K00130_N06,Q6K00130_N07
Q6K00131,Q6K00131_N02,Q6K00131_N07
Q6K00131,Q6K00131_N03,Q6K00131_N04
Q6K00131,Q6K00131_N04,Q6K00131_N05
Q6K00131,Q6K00131_N05,Q6K00131_N07
Q6K00132,Q6K00132_N01,Q6K00132_N07
Q6K00132,Q6K00132_N02,Q6K00132_N06
Q6K00132,Q6K00132_N02,Q6K00132_N07
Q6K00132,Q6K00132_N04,Q6K00132_N06
Q6K00133,Q6K00133_N01,Q6K00133_N07
Q6K00133,Q6K00133_N03,Q6K00133_N07
Q6K00133,Q6K00133_N05,Q6K00133_N06
Q6K00133,Q6K00133_N05,Q6K00133_N07
Q6K00134,Q6K00134_N01,Q6K00134_N07
Q6K00134,Q6K00134_N03,Q6K00134_N07
Q6K00134,Q6K00134_N05,Q6K00134_N07
Q6K00134,Q6K00134_N06,Q6K00134_N07
Q6K00135,Q6K00135_N02,Q6K00135_N03
Q6K00135,Q6K00135_N02,Q6K00135_N05
Q6K00135,Q6K00135_N05,Q6K00135_N06
Q6K00135,Q6K00135_N05,Q6K00135_N07
Q6K00136,Q6K00136_N01,Q6K00136_N04
Q6K00136,Q6K00136_N04,Q6K00136_N06
Q6K00136,Q6K00136_N04,Q6K00136_N07
Q6K00136,Q6K00136_N05,Q6K00136_N07
Q6K00137,Q6K00137_N02,Q6K00137_N03
Q6K00137,Q6K00137_N03,Q6K00137_N05
Q6K00137,Q6K00137_N03,Q6K00137_N06
Q6K00137,Q6K00137_N06,Q6K00137_N07
Q6K00138,Q6K00138_N01,Q6K00138_N03
Q6K00138,Q6K00138_N01,Q6K00138_N05
Q6K00138,Q6K00138_N01,Q6K00138_N07
Q6K00138,Q6K00138_N05,Q6K00138_N06
Q6K00139,Q6K00139_N01,Q6K00139_N03
Q6K00139,Q6K00139_N01,Q6K00139_N05
Q6K00139,Q6K00139_N01,Q6K00139_N06
Q6K00139,Q6K00139_N06,Q6K00139_N07
Q6K00140,Q6K00140_N02,Q6K00140_N05
Q6K00140,Q6K00140_N04,Q6K00140_N06
Q6K00140,Q6K00140_N05,Q6K00140_N06
Q6K00140,Q6K00140_N06,Q6K00140_N07
Q6K00141,Q6K00141_N01,Q6K00141_N06
Q6K00141,Q6K00141_N01,Q6K00141_N07
Q6K00141,Q6K00141_N02,Q6K00141_N05
Q6K00141,Q6K00141_N02,Q6K00141_N06
Q6K00142,Q6K00142_N01,Q6K00142_N07
Q6K00142,Q6K00142_N04,Q6K00142_N05
Q6K00142,Q6K00142_N05,Q6K00142_N07
Q6K00142,Q6K00142_N06,Q6K00142_N07
Q6K00143,Q6K00143_N01,Q6K00143_N07
Q6K00143,Q6K00143_N02,Q6K00143_N03
Q6K00143,Q6K00143_N03,Q6K00143_N07
Q6K00143,Q6K00143_N04,Q6K00143_N07
Q6K00144,Q6K00144_N02,Q6K00144_N07
Q6K00144,Q6K00144_N03,Q6K00144_N06
Q6K00144,Q6K00144_N04,Q6K00144_N06
Q6K00144,Q6K00144_N04,Q6K00144_N07
Q6K00145,Q6K00145_N01,Q6K00145_N05
Q6K00145,Q6K00145_N02,Q6K00145_N04
Q6K00145,Q6K00145_N02,Q6K00145_N07
Q6K00145,Q6K00145_N04,Q6K00145_N05
Q6K00146,Q6K00146_N01,Q6K00146_N03
Q6K00146,Q6K00146_N02,Q6K00146_N03
Q6K00146,Q6K00146_N03,Q6K00146_N06
Q6K00146,Q6K00146_N03,Q6K00146_N07
Q6K00147,Q6K00147_N01,Q6K00147_N05
Q6K00147,Q6K00147_N03,Q6K00147_N05
Q6K00147,Q6K00147_N04,Q6K00147_N05
Q6K00147,Q6K00147_N04,Q6K00147_N07
Q6K00148,Q6K00148_N01,Q6K00148_N06
Q6K00148,Q6K00148_N02,Q6K00148_N06
Q6K00148,Q6K00148_N03,Q6K00148_N06
Q6K00148,Q6K00148_N06,Q6K00148_N07
Q6K00149,Q6K00149_N01,Q6K00149_N05
Q6K00149,Q6K00149_N04,Q6K00149_N05
Q6K00149,Q6K00149_N04,Q6K00149_N06
Q6K00149,Q6K00149_N04,Q6K00149_N07
Q6K00150,Q6K00150_N02,Q6K00150_N05
Q6K00150,Q6K00150_N03,Q6K00150_N05
Q6K00150,Q6K00150_N04,Q6K00150_N05
Q6K00150,Q6K00150_N05,Q6K00150_N07
Q6K00151,Q6K00151_N01,Q6K00151_N07
Q6K00151,Q6K00151_N02,Q6K00151_N03
Q6K00151,Q6K00151_N02,Q6K00151_N05
Q6K00151,Q6K00151_N02,Q6K00151_N07
Q6K00152,Q6K00152_N01,Q6K00152_N04
Q6K00152,Q6K00152_N02,Q6K00152_N04
Q6K00152,Q6K00152_N04,Q6K00152_N05
Q6K00152,Q6K00152_N04,Q6K00152_N07
Q6K00153,Q6K00153_N02,Q6K00153_N04
Q6K00153,Q6K00153_N02,Q6K00153_N05
Q6K00153,Q6K00153_N02,Q6K00153_N07
Q6K00153,Q6K00153_N05,Q6K00153_N06
Q6K00154,Q6K00154_N02,Q6K00154_N06
Q6K00154,Q6K00154_N03,Q6K00154_N06
Q6K00154,Q6K00154_N05,Q6K00154_N06
Q6K00154,Q6K00154_N06,Q6K00154_N07
Q6K00155,Q6K00155_N01,Q6K00155_N02
Q6K00155,Q6K00155_N01,Q6K00155_N05
Q6K00155,Q6K00155_N02,Q6K00155_N04
Q6K00155,Q6K00155_N04,Q6K00155_N06
Q6K00156,Q6K00156_N02,Q6K00156_N04
Q6K00156,Q6K00156_N03,Q6K00156_N04
Q6K00156,Q6K00156_N04,Q6K00156_N06
Q6K00156,Q6K00156_N04,Q6K00156_N07
Q6K00157,Q6K00157_N01,Q6K00157_N04
Q6K00157,Q6K00157_N01,Q6K00157_N07
Q6K00157,Q6K00157_N02,Q6K00157_N03
Q6K00157,Q6K00157_N02,Q6K00157_N07
Q6K00158,Q6K00158_N01,Q6K00158_N03
Q6K00158,Q6K00158_N01,Q6K00158_N05
Q6K00158,Q6K00158_N03,Q6K00158_N04
Q6K00158,Q6K00158_N05,Q6K00158_N07
Q6K00159,Q6K00159_N02,Q6K00159_N07
Q6K00159,Q6K00159_N03,Q6K00159_N05
Q6K00159,Q6K00159_N04,Q6K00159_N05
Q6K00159,Q6K00159_N05,Q6K00159_N07
Q6K00160,Q6K00160_N01,Q6K00160_N03
Q6K00160,Q6K00160_N03,Q6K00160_N06
Q6K00160,Q6K00160_N03,Q6K00160_N07
Q6K00160,Q6K00160_N04,Q6K00160_N06
Q6K00161,Q6K00161_N01,Q6K00161_N04
Q6K00161,Q6K00161_N01,Q6K00161_N06
Q6K00161,Q6K00161_N03,Q6K00161_N05
Q6K00161,Q6K00161_N04,Q6K00161_N05
Q6K00162,Q6K00162_N01,Q6K00162_N04
Q6K00162,Q6K00162_N02,Q6K00162_N04
Q6K00162,Q6K00162_N04,Q6K00162_N06
Q6K00162,Q6K00162_N04,Q6K00162_N07
Q6K00163,Q6K00163_N02,Q6K00163_N05
Q6K00163,Q6K00163_N02,Q6K00163_N07
Q6K00163,Q6K00163_N03,Q6K00163_N05
Q6K00163,Q6K00163_N04,Q6K00163_N07
Q6K00164,Q6K00164_N01,Q6K00164_N02
Q6K00164,Q6K00164_N02,Q6K00164_N03
Q6K00164,Q6K00164_N02,Q6K00164_N04
Q6K00164,Q6K00164_N02,Q6K00164_N06
Q6K00165,Q6K00165_N01,Q6K00165_N02
Q6K00165,Q6K00165_N01,Q6K00165_N05
Q6K00165,Q6K00165_N03,Q6K00165_N05
Q6K00165,Q6K00165_N05,Q6K00165_N06
Q6K00166,Q6K00166_N02,Q6K00166_N06
Q6K00166,Q6K00166_N03,Q6K00166_N05
Q6K00166,Q6K00166_N03,Q6K00166_N06
Q6K00166,Q6K00166_N03,Q6K00166_N07
Q6K00167,Q6K00167_N02,Q6K00167_N04
Q6K00167,Q6K00167_N02,Q6K00167_N05
Q6K00167,Q6K00167_N03,Q6K00167_N04
Q6K00167,Q6K00167_N04,Q6K00167_N07
Q6K00168,Q6K00168_N01,Q6K00168_N02
Q6K00168,Q6K00168_N02,Q6K00168_N03
Q6K00168,Q6K00168_N02,Q6K00168_N05
Q6K00168,Q6K00168_N02,Q6K00168_N06
Q6K00169,Q6K00169_N01,Q6K00169_N05
Q6K00169,Q6K00169_N01,Q6K00169_N06
Q6K00169,Q6K00169_N02,Q6K00169_N06
Q6K00169,Q6K00169_N04,Q6K00169_N05
Q6K00170,Q6K00170_N01,Q6K00170_N02
Q6K00170,Q6K00170_N01,Q6K00170_N04
Q6K00170,Q6K00170_N04,Q6K00170_N06
Q6K00170,Q6K00170_N04,Q6K00170_N07
Q6K00171,Q6K00171_N03,Q6K00171_N06
Q6K00171,Q6K00171_N04,Q6K00171_N06
Q6K00171,Q6K00171_N05,Q6K00171_N06
Q6K00171,Q6K00171_N06,Q6K00171_N07
Q6K00172,Q6K00172_N01,Q6K00172_N02
Q6K00172,Q6K00172_N02,Q6K00172_N03
Q6K00172,Q6K00172_N02,Q6K00172_N05
Q6K00172,Q6K00172_N05,Q6K00172_N07
Q6K00173,Q6K00173_N01,Q6K00173_N03
Q6K00173,Q6K00173_N01,Q6K00173_N04
Q6K00173,Q6K00173_N01,Q6K00173_N05
Q6K00173,Q6K00173_N01,Q6K00173_N07
Q6K00174,Q6K00174_N01,Q6K00174_N05
Q6K00174,Q6K00174_N04,Q6K00174_N07
Q6K00174,Q6K00174_N05,Q6K00174_N07
Q6K00174,Q6K00174_N06,Q6K00174_N07
Q6K00175,Q6K00175_N01,Q6K00175_N06
Q6K00175,Q6K00175_N03,Q6K00175_N06
Q6K00175,Q6K00175_N04,Q6K00175_N06
Q6K00175,Q6K00175_N06,Q6K00175_N07
Q6K00176,Q6K00176_N01,Q6K00176_N02
Q6K00176,Q6K00176_N02,Q6K00176_N03
Q6K00176,Q6K00176_N02,Q6K00176_N04
Q6K00176,Q6K00176_N04,Q6K00176_N05
Q6K00177,Q6K00177_N01,Q6K00177_N02
Q6K00177,Q6K00177_N02,Q6K00177_N03
Q6K00177,Q6K00177_N02,Q6K00177_N05
Q6K00177,Q6K00177_N05,Q6K00177_N07
Q6K00178,Q6K00178_N02,Q6K00178_N04
Q6K00178,Q6K00178_N03,Q6K00178_N07
Q6K00178,Q6K00178_N04,Q6K00178_N07
Q6K00178,Q6K00178_N05,Q6K00178_N07
Q6K00179,Q6K00179_N01,Q6K00179_N05
Q6K00179,Q6K00179_N02,Q6K00179_N05
Q6K00179,Q6K00179_N04,Q6K00179_N05
Q6K00179,Q6K00179_N05,Q6K00179_N06
Q6K00180,Q6K00180_N01,Q6K00180_N02
Q6K00180,Q6K00180_N02,Q6K00180_N03
Q6K00180,Q6K00180_N02,Q6K00180_N04
Q6K00180,Q6K00180_N02,Q6K00180_N07
Q6K00181,Q6K00181_N01,Q6K00181_N02
Q6K00181,Q6K00181_N02,Q6K00181_N05
Q6K00181,Q6K00181_N04,Q6K00181_N06
Q6K00181,Q6K00181_N05,Q6K00181_N06
Q6K00182,Q6K00182_N01,Q6K00182_N05
Q6K00182,Q6K00182_N02,Q6K00182_N05
Q6K00182,Q6K00182_N04,Q6K00182_N05
Q6K00182,Q6K00182_N05,Q6K00182_N07
Q6K00183,Q6K00183_N01,Q6K00183_N05
Q6K00183,Q6K00183_N03,Q6K00183_N05
Q6K00183,Q6K00183_N03,Q6K00183_N06
Q6K00183,Q6K00183_N05,Q6K00183_N06
Q6K00183,Q6K00183_N05,Q6K00183_N07
Q6K00183,Q6K00183_N06,Q6K00183_N07
Q6K00184,Q6K00184_N02,Q6K00184_N07
Q6K00184,Q6K00184_N03,Q6K00184_N04
Q6K00184,Q6K00184_N03,Q6K00184_N06
Q6K00184,Q6K00184_N04,Q6K00184_N07
Q6K00185,Q6K00185_N01,Q6K00185_N04
Q6K00185,Q6K00185_N01,Q6K00185_N06
Q6K00185,Q6K00185_N03,Q6K00185_N06
Q6K00185,Q6K00185_N06,Q6K00185_N07
Q6K00186,Q6K00186_N01,Q6K00186_N04
Q6K00186,Q6K00186_N01,Q6K00186_N07
Q6K00186,Q6K00186_N02,Q6K00186_N04
Q6K00186,Q6K00186_N06,Q6K00186_N07
Q6K00187,Q6K00187_N02,Q6K00187_N04
Q6K00187,Q6K00187_N02,Q6K00187_N05
Q6K00187,Q6K00187_N02,Q6K00187_N06
Q6K00187,Q6K00187_N03,Q6K00187_N06
Q6K00187,Q6K00187_N05,Q6K00187_N06
Q6K00188,Q6K00188_N01,Q6K00188_N02
Q6K00188,Q6K00188_N01,Q6K00188_N04
Q6K00188,Q6K00188_N01,Q6K00188_N06
Q6K00188,Q6K00188_N01,Q6K00188_N07
Q6K00189,Q6K00189_N01,Q6K00189_N05
Q6K00189,Q6K00189_N02,Q6K00189_N05
Q6K00189,Q6K00189_N04,Q6K00189_N05
Q6K00189,Q6K00189_N05,Q6K00189_N07
Q6K00190,Q6K00190_N01,Q6K00190_N04
Q6K00190,Q6K00190_N01,Q6K00190_N07
Q6K00190,Q6K00190_N02,Q6K00190_N07
Q6K00190,Q6K00190_N04,Q6K00190_N06
Q6K00190,Q6K00190_N04,Q6K00190_N07
Q6K00190,Q6K00190_N06,Q6K00190_N07
Q6K00191,Q6K00191_N01,Q6K00191_N05
Q6K00191,Q6K00191_N03,Q6K00191_N06
Q6K00191,Q6K00191_N04,Q6K00191_N06
Q6K00191,Q6K00191_N05,Q6K00191_N06
Q6K00192,Q6K00192_N01,Q6K00192_N05
Q6K00192,Q6K00192_N03,Q6K00192_N05
Q6K00192,Q6K00192_N04,Q6K00192_N05
Q6K00192,Q6K00192_N05,Q6K00192_N07
Q6K00193,Q6K00193_N01,Q6K00193_N03
Q6K00193,Q6K00193_N03,Q6K00193_N05
Q6K00193,Q6K00193_N03,Q6K00193_N06
Q6K00193,Q6K00193_N06,Q6K00193_N07
Q6K00194,Q6K00194_N01,Q6K00194_N02
Q6K00194,Q6K00194_N02,Q6K00194_N05
Q6K00194,Q6K00194_N02,Q6K00194_N06
Q6K00194,Q6K00194_N02,Q6K00194_N07
Q6K00194,Q6K00194_N05,Q6K00194_N07
Q6K00195,Q6K00195_N01,Q6K00195_N04
Q6K00195,Q6K00195_N02,Q6K00195_N04
Q6K00195,Q6K00195_N02,Q6K00195_N05
Q6K00195,Q6K00195_N02,Q6K00195_N07
Q6K00195,Q6K00195_N04,Q6K00195_N05
Q6K00196,Q6K00196_N01,Q6K00196_N04
Q6K00196,Q6K00196_N02,Q6K00196_N04
Q6K00196,Q6K00196_N03,Q6K00196_N04
Q6K00196,Q6K00196_N04,Q6K00196_N05
Q6K00197,Q6K00197_N01,Q6K00197_N06
Q6K00197,Q6K00197_N04,Q6K00197_N06
Q6K00197,Q6K00197_N05,Q6K00197_N06
Q6K00197,Q6K00197_N06,Q6K00197_N07
Q6K00198,Q6K00198_N02,Q6K00198_N06
Q6K00198,Q6K00198_N03,Q6K00198_N05
Q6K00198,Q6K00198_N03,Q6K00198_N06
Q6K00198,Q6K00198_N03,Q6K00198_N07
Q6K00198,Q6K00198_N05,Q6K00198_N06
Q6K00199,Q6K00199_N01,Q6K00199_N02
Q6K00199,Q6K00199_N01,Q6K00199_N05
Q6K00199,Q6K00199_N01,Q6K00199_N07
Q6K00199,Q6K00199_N02,Q6K00199_N03
Q6K00199,Q6K00199_N02,Q6K00199_N07
Q6K00199,Q6K00199_N03,Q6K00199_N05
Q6K00199,Q6K00199_N03,Q6K00199_N07
Q6K00199,Q6K00199_N05,Q6K00199_N07
Q6K00200,Q6K00200_N01,Q6K00200_N04
Q6K00200,Q6K00200_N02,Q6K00200_N04
Q6K00200,Q6K00200_N02,Q6K00200_N05
Q6K00200,Q6K00200_N02,Q6K00200_N06
Q6K00200,Q6K00200_N04,Q6K00200_N06
Q6K00201,Q6K00201_N01,Q6K00201_N02
Q6K00201,Q6K00201_N01,Q6K00201_N03
Q6K00201,Q6K00201_N01,Q6K00201_N04
Q6K00201,Q6K00201_N02,Q6K00201_N04
Q6K00201,Q6K00201_N02,Q6K00201_N06
Q6K00202,Q6K00202_N01,Q6K00202_N07
Q6K00202,Q6K00202_N04,Q6K00202_N07
Q6K00202,Q6K00202_N05,Q6K00202_N07
Q6K00202,Q6K00202_N06,Q6K00202_N07
Q6K00203,Q6K00203_N01,Q6K00203_N05
Q6K00203,Q6K00203_N01,Q6K00203_N06
Q6K00203,Q6K00203_N02,Q6K00203_N06
Q6K00203,Q6K00203_N04,Q6K00203_N06
Q6K00203,Q6K00203_N05,Q6K00203_N06
Q6K00204,Q6K00204_N01,Q6K00204_N04
Q6K00204,Q6K00204_N01,Q6K00204_N07
Q6K00204,Q6K00204_N02,Q6K00204_N04
Q6K00204,Q6K00204_N02,Q6K00204_N07
Q6K00204,Q6K00204_N03,Q6K00204_N04
Q6K00204,Q6K00204_N04,Q6K00204_N07
Q6K00205,Q6K00205_N01,Q6K00205_N03
Q6K00205,Q6K00205_N01,Q6K00205_N04
Q6K00205,Q6K00205_N03,Q6K00205_N05
Q6K00205,Q6K00205_N04,Q6K00205_N06
Q6K00206,Q6K00206_N01,Q6K00206_N06
Q6K00206,Q6K00206_N02,Q6K00206_N03
Q6K00206,Q6K00206_N02,Q6K00206_N06
Q6K00206,Q6K00206_N03,Q6K00206_N06
Q6K00206,Q6K00206_N06,Q6K00206_N07
Q6K00207,Q6K00207_N01,Q6K00207_N03
Q6K00207,Q6K00207_N02,Q6K00207_N06
Q6K00207,Q6K00207_N03,Q6K00207_N04
Q6K00207,Q6K00207_N04,Q6K00207_N06
Q6K00208,Q6K00208_N01,Q6K00208_N03
Q6K00208,Q6K00208_N01,Q6K00208_N05
Q6K00208,Q6K00208_N02,Q6K00208_N03
Q6K00208,Q6K00208_N02,Q6K00208_N07
Q6K00208,Q6K00208_N03,Q6K00208_N07
Q6K00209,Q6K00209_N01,Q6K00209_N05
Q6K00209,Q6K00209_N02,Q6K00209_N05
Q6K00209,Q6K00209_N04,Q6K00209_N05
Q6K00209,Q6K00209_N05,Q6K00209_N06
Q6K00210,Q6K00210_N01,Q6K00210_N02
Q6K00210,Q6K00210_N02,Q6K00210_N06
Q6K00210,Q6K00210_N02,Q6K00210_N07
Q6K00210,Q6K00210_N05,Q6K00210_N06
Q6K00211,Q6K00211_N01,Q6K00211_N03
Q6K00211,Q6K00211_N01,Q6K00211_N04
Q6K00211,Q6K00211_N01,Q6K00211_N05
Q6K00211,Q6K00211_N01,Q6K00211_N07
Q6K00211,Q6K00211_N03,Q6K00211_N05
Q6K00211,Q6K00211_N04,Q6K00211_N05
Q6K00212,Q6K00212_N02,Q6K00212_N05
Q6K00212,Q6K00212_N02,Q6K00212_N06
Q6K00212,Q6K00212_N02,Q6K00212_N07
Q6K00212,Q6K00212_N04,Q6K00212_N06
Q6K00212,Q6K00212_N06,Q6K00212_N07
Q6K00213,Q6K00213_N01,Q6K00213_N02
Q6K00213,Q6K00213_N02,Q6K00213_N03
Q6K00213,Q6K00213_N02,Q6K00213_N04
Q6K00213,Q6K00213_N02,Q6K00213_N06
Q6K00214,Q6K00214_N02,Q6K00214_N03
Q6K00214,Q6K00214_N02,Q6K00214_N04
Q6K00214,Q6K00214_N02,Q6K00214_N06
Q6K00214,Q6K00214_N02,Q6K00214_N07
Q6K00214,Q6K00214_N03,Q6K00214_N07
Q6K00214,Q6K00214_N04,Q6K00214_N07
Q6K00214,Q6K00214_N06,Q6K00214_N07
Q6K00215,Q6K00215_N01,Q6K00215_N04
Q6K00215,Q6K00215_N02,Q6K00215_N04
Q6K00215,Q6K00215_N03,Q6K00215_N04
Q6K00215,Q6K00215_N04,Q6K00215_N05
Q6K00216,Q6K00216_N01,Q6K00216_N02
Q6K00216,Q6K00216_N01,Q6K00216_N03
Q6K00216,Q6K00216_N02,Q6K00216_N03
Q6K00216,Q6K00216_N02,Q6K00216_N04
Q6K00216,Q6K00216_N02,Q6K00216_N06
Q6K00216,Q6K00216_N03,Q6K00216_N04
Q6K00217,Q6K00217_N01,Q6K00217_N03
Q6K00217,Q6K00217_N01,Q6K00217_N04
Q6K00217,Q6K00217_N01,Q6K00217_N06
Q6K00217,Q6K00217_N03,Q6K00217_N06
Q6K00217,Q6K00217_N04,Q6K00217_N06
Q6K00217,Q6K00217_N06,Q6K00217_N07
Q6K00218,Q6K00218_N01,Q6K00218_N05
Q6K00218,Q6K00218_N01,Q6K00218_N06
Q6K00218,Q6K00218_N02,Q6K00218_N06
Q6K00218,Q6K00218_N03,Q6K00218_N05
Q6K00218,Q6K00218_N03,Q6K00218_N06
Q6K00219,Q6K00219_N01,Q6K00219_N04
Q6K00219,Q6K00219_N01,Q6K00219_N06
Q6K00219,Q6K00219_N01,Q6K00219_N07
Q6K00219,Q6K00219_N02,Q6K00219_N07
Q6K00219,Q6K00219_N04,Q6K00219_N06
Q6K00219,Q6K00219_N04,Q6K00219_N07
Q6K00220,Q6K00220_N02,Q6K00220_N03
Q6K00220,Q6K00220_N03,Q6K00220_N05
Q6K00220,Q6K00220_N04,Q6K00220_N05
Q6K00220,Q6K00220_N04,Q6K00220_N06
Q6K00220,Q6K00220_N05,Q6K00220_N06
Q6K00221,Q6K00221_N01,Q6K00221_N03
Q6K00221,Q6K00221_N01,Q6K00221_N04
Q6K00221,Q6K00221_N01,Q6K00221_N06
Q6K00221,Q6K00221_N02,Q6K00221_N06
Q6K00222,Q6K00222_N01,Q6K00222_N03
Q6K00222,Q6K00222_N01,Q6K00222_N04
Q6K00222,Q6K00222_N01,Q6K00222_N06
Q6K00222,Q6K00222_N02,Q6K00222_N04
Q6K00222,Q6K00222_N03,Q6K00222_N04
Q6K00223,Q6K00223_N02,Q6K00223_N05
Q6K00223,Q6K00223_N03,Q6K00223_N05
Q6K00223,Q6K00223_N03,Q6K00223_N06
Q6K00223,Q6K00223_N04,Q6K00223_N05
Q6K00224,Q6K00224_N02,Q6K00224_N07
Q6K00224,Q6K00224_N04,Q6K00224_N06
Q6K00224,Q6K00224_N04,Q6K00224_N07
Q6K00224,Q6K00224_N05,Q6K00224_N07
Q6K00224,Q6K00224_N06,Q6K00224_N07
Q6K00225,Q6K00225_N02,Q6K00225_N04
Q6K00225,Q6K00225_N04,Q6K00225_N07
Q6K00225,Q6K00225_N05,Q6K00225_N06
Q6K00225,Q6K00225_N05,Q6K00225_N07
Q6K00225,Q6K00225_N06,Q6K00225_N07
Q6K00226,Q6K00226_N01,Q6K00226_N03
Q6K00226,Q6K00226_N01,Q6K00226_N04
Q6K00226,Q6K00226_N02,Q6K00226_N06
Q6K00226,Q6K00226_N03,Q6K00226_N04
Q6K00226,Q6K00226_N04,Q6K00226_N06
Q6K00227,Q6K00227_N01,Q6K00227_N05
Q6K00227,Q6K00227_N01,Q6K00227_N07
Q6K00227,Q6K00227_N03,Q6K00227_N07
Q6K00227,Q6K00227_N04,Q6K00227_N07
Q6K00228,Q6K00228_N01,Q6K00228_N06
Q6K00228,Q6K00228_N03,Q6K00228_N06
Q6K00228,Q6K00228_N04,Q6K00228_N06
Q6K00228,Q6K00228_N06,Q6K00228_N07
Q6K00229,Q6K00229_N01,Q6K00229_N05
Q6K00229,Q6K00229_N01,Q6K00229_N06
Q6K00229,Q6K00229_N01,Q6K00229_N07
Q6K00229,Q6K00229_N04,Q6K00229_N07
Q6K00229,Q6K00229_N05,Q6K00229_N07
Q6K00229,Q6K00229_N06,Q6K00229_N07
Q6K00230,Q6K00230_N01,Q6K00230_N02
Q6K00230,Q6K00230_N02,Q6K00230_N04
Q6K00230,Q6K00230_N02,Q6K00230_N05
Q6K00230,Q6K00230_N03,Q6K00230_N04
Q6K00231,Q6K00231_N01,Q6K00231_N02
Q6K00231,Q6K00231_N01,Q6K00231_N03
Q6K00231,Q6K00231_N01,Q6K00231_N04
Q6K00231,Q6K00231_N04,Q6K00231_N05
Q6K00232,Q6K00232_N01,Q6K00232_N03
Q6K00232,Q6K00232_N01,Q6K00232_N07
Q6K00232,Q6K00232_N02,Q6K00232_N03
Q6K00232,Q6K00232_N03,Q6K00232_N04
Q6K00232,Q6K00232_N03,Q6K00232_N07
Q6K00233,Q6K00233_N01,Q6K00233_N02
Q6K00233,Q6K00233_N01,Q6K00233_N03
Q6K00233,Q6K00233_N01,Q6K00233_N04
Q6K00233,Q6K00233_N02,Q6K00233_N06
Q6K00234,Q6K00234_N01,Q6K00234_N05
Q6K00234,Q6K00234_N02,Q6K00234_N05
Q6K00234,Q6K00234_N03,Q6K00234_N05
Q6K00234,Q6K00234_N04,Q6K00234_N05
Q6K00235,Q6K00235_N01,Q6K00235_N03
Q6K00235,Q6K00235_N01,Q6K00235_N04
Q6K00235,Q6K00235_N01,Q6K00235_N05
Q6K00235,Q6K00235_N02,Q6K00235_N05
Q6K00236,Q6K00236_N01,Q6K00236_N02
Q6K00236,Q6K00236_N01,Q6K00236_N03
Q6K00236,Q6K00236_N02,Q6K00236_N03
Q6K00236,Q6K00236_N02,Q6K00236_N04
Q6K00236,Q6K00236_N02,Q6K00236_N05
Q6K00236,Q6K00236_N03,Q6K00236_N05
Q6K00237,Q6K00237_N01,Q6K00237_N07
Q6K00237,Q6K00237_N03,Q6K00237_N07
Q6K00237,Q6K00237_N04,Q6K00237_N06
Q6K00237,Q6K00237_N06,Q6K00237_N07
Q6K00238,Q6K00238_N01,Q6K00238_N06
Q6K00238,Q6K00238_N01,Q6K00238_N07
Q6K00238,Q6K00238_N02,Q6K00238_N07
Q6K00238,Q6K00238_N05,Q6K00238_N07
Q6K00239,Q6K00239_N01,Q6K00239_N04
Q6K00239,Q6K00239_N03,Q6K00239_N04
Q6K00239,Q6K00239_N04,Q6K00239_N07
Q6K00239,Q6K00239_N06,Q6K00239_N07
Q6K00240,Q6K00240_N02,Q6K00240_N05
Q6K00240,Q6K00240_N03,Q6K00240_N05
Q6K00240,Q6K00240_N05,Q6K00240_N06
Q6K00240,Q6K00240_N05,Q6K00240_N07
Q6K00241,Q6K00241_N01,Q6K00241_N02
Q6K00241,Q6K00241_N01,Q6K00241_N04
Q6K00241,Q6K00241_N01,Q6K00241_N05
Q6K00241,Q6K00241_N01,Q6K00241_N07
Q6K00242,Q6K00242_N02,Q6K00242_N04
Q6K00242,Q6K00242_N03,Q6K00242_N04
Q6K00242,Q6K00242_N04,Q6K00242_N05
Q6K00242,Q6K00242_N04,Q6K00242_N07
Q6K00243,Q6K00243_N01,Q6K00243_N02
Q6K00243,Q6K00243_N01,Q6K00243_N07
Q6K00243,Q6K00243_N02,Q6K00243_N05
Q6K00243,Q6K00243_N02,Q6K00243_N06
Q6K00243,Q6K00243_N05,Q6K00243_N06
Q6K00244,Q6K00244_N01,Q6K00244_N07
Q6K00244,Q6K00244_N03,Q6K00244_N07
Q6K00244,Q6K00244_N05,Q6K00244_N07
Q6K00244,Q6K00244_N06,Q6K00244_N07
Q6K00245,Q6K00245_N01,Q6K00245_N02
Q6K00245,Q6K00245_N01,Q6K00245_N03
Q6K00245,Q6K00245_N01,Q6K00245_N04
Q6K00245,Q6K00245_N04,Q6K00245_N06
Q6K00246,Q6K00246_N01,Q6K00246_N02
Q6K00246,Q6K00246_N01,Q6K00246_N05
Q6K00246,Q6K00246_N02,Q6K00246_N04
Q6K00246,Q6K00246_N05,Q6K00246_N07
Q6K00247,Q6K00247_N01,Q6K00247_N02
Q6K00247,Q6K00247_N02,Q6K00247_N03
Q6K00247,Q6K00247_N03,Q6K00247_N05
Q6K00247,Q6K00247_N03,Q6K00247_N07
Q6K00248,Q6K00248_N02,Q6K00248_N04
Q6K00248,Q6K00248_N03,Q6K00248_N04
Q6K00248,Q6K00248_N04,Q6K00248_N05
Q6K00248,Q6K00248_N04,Q6K00248_N06
Q6K00249,Q6K00249_N01,Q6K00249_N04
Q6K00249,Q6K00249_N02,Q6K00249_N04
Q6K00249,Q6K00249_N03,Q6K00249_N04
Q6K00249,Q6K00249_N04,Q6K00249_N07
Q6K00250,Q6K00250_N02,Q6K00250_N04
Q6K00250,Q6K00250_N03,Q6K00250_N04
Q6K00250,Q6K00250_N04,Q6K00250_N06
Q6K00250,Q6K00250_N04,Q6K00250_N07
Q6K00251,Q6K00251_N01,Q6K00251_N03
Q6K00251,Q6K00251_N01,Q6K00251_N06
Q6K00251,Q6K00251_N02,Q6K00251_N06
Q6K00251,Q6K00251_N02,Q6K00251_N07
Q6K00251,Q6K00251_N03,Q6K00251_N06
Q6K00252,Q6K00252_N01,Q6K00252_N03
Q6K00252,Q6K00252_N01,Q6K00252_N04
Q6K00252,Q6K00252_N04,Q6K00252_N05
Q6K00252,Q6K00252_N04,Q6K00252_N06
Q6K00253,Q6K00253_N01,Q6K00253_N06
Q6K00253,Q6K00253_N03,Q6K00253_N04
Q6K00253,Q6K00253_N03,Q6K00253_N06
Q6K00253,Q6K00253_N05,Q6K00253_N06
Q6K00254,Q6K00254_N01,Q6K00254_N07
Q6K00254,Q6K00254_N02,Q6K00254_N07
Q6K00254,Q6K00254_N05,Q6K00254_N06
Q6K00254,Q6K00254_N06,Q6K00254_N07
Q6K00255,Q6K00255_N02,Q6K00255_N06
Q6K00255,Q6K00255_N04,Q6K00255_N07
Q6K00255,Q6K00255_N05,Q6K00255_N06
Q6K00255,Q6K00255_N05,Q6K00255_N07
Q6K00256,Q6K00256_N01,Q6K00256_N03
Q6K00256,Q6K00256_N02,Q6K00256_N04
Q6K00256,Q6K00256_N02,Q6K00256_N06
Q6K00256,Q6K00256_N03,Q6K00256_N04
Q6K00257,Q6K00257_N01,Q6K00257_N04
Q6K00257,Q6K00257_N01,Q6K00257_N07
Q6K00257,Q6K00257_N02,Q6K00257_N07
Q6K00257,Q6K00257_N04,Q6K00257_N07
Q6K00257,Q6K00257_N05,Q6K00257_N07
Q6K00258,Q6K00258_N01,Q6K00258_N05
Q6K00258,Q6K00258_N01,Q6K00258_N06
Q6K00258,Q6K00258_N03,Q6K00258_N06
Q6K00258,Q6K00258_N04,Q6K00258_N06
Q6K00259,Q6K00259_N01,Q6K00259_N05
Q6K00259,Q6K00259_N02,Q6K00259_N04
Q6K00259,Q6K00259_N03,Q6K00259_N04
Q6K00259,Q6K00259_N04,Q6K00259_N05
Q6K00260,Q6K00260_N02,Q6K00260_N06
Q6K00260,Q6K00260_N04,Q6K00260_N07
Q6K00260,Q6K00260_N05,Q6K00260_N06
Q6K00260,Q6K00260_N06,Q6K00260_N07
Q6K00261,Q6K00261_N01,Q6K00261_N02
Q6K00261,Q6K00261_N01,Q6K00261_N04
Q6K00261,Q6K00261_N01,Q6K00261_N05
Q6K00261,Q6K00261_N05,Q6K00261_N06
Q6K00262,Q6K00262_N01,Q6K00262_N04
Q6K00262,Q6K00262_N01,Q6K00262_N05
Q6K00262,Q6K00262_N01,Q6K00262_N06
Q6K00262,Q6K00262_N05,Q6K00262_N07
Q6K00263,Q6K00263_N02,Q6K00263_N03
Q6K00263,Q6K00263_N03,Q6K00263_N06
Q6K00263,Q6K00263_N04,Q6K00263_N05
Q6K00263,Q6K00263_N05,Q6K00263_N06
Q6K00264,Q6K00264_N01,Q6K00264_N05
Q6K00264,Q6K00264_N01,Q6K00264_N07
Q6K00264,Q6K00264_N04,Q6K00264_N05
Q6K00264,Q6K00264_N06,Q6K00264_N07
Q6K00265,Q6K00265_N01,Q6K00265_N06
Q6K00265,Q6K00265_N03,Q6K00265_N06
Q6K00265,Q6K00265_N04,Q6K00265_N06
Q6K00265,Q6K00265_N05,Q6K00265_N06
Q6K00266,Q6K00266_N01,Q6K00266_N04
Q6K00266,Q6K00266_N02,Q6K00266_N04
Q6K00266,Q6K00266_N04,Q6K00266_N06
Q6K00266,Q6K00266_N04,Q6K00266_N07
Q6K00267,Q6K00267_N01,Q6K00267_N03
Q6K00267,Q6K00267_N02,Q6K00267_N03
Q6K00267,Q6K00267_N03,Q6K00267_N07
Q6K00267,Q6K00267_N06,Q6K00267_N07
Q6K00268,Q6K00268_N02,Q6K00268_N04
Q6K00268,Q6K00268_N02,Q6K00268_N05
Q6K00268,Q6K00268_N05,Q6K00268_N06
Q6K00268,Q6K00268_N06,Q6K00268_N07
Q6K00269,Q6K00269_N01,Q6K00269_N05
Q6K00269,Q6K00269_N02,Q6K00269_N05
Q6K00269,Q6K00269_N05,Q6K00269_N06
Q6K00269,Q6K00269_N05,Q6K00269_N07
Q6K00270,Q6K00270_N01,Q6K00270_N06
Q6K00270,Q6K00270_N02,Q6K00270_N06
Q6K00270,Q6K00270_N03,Q6K00270_N06
Q6K00270,Q6K00270_N06,Q6K00270_N07
Q6K00271,Q6K00271_N01,Q6K00271_N03
Q6K00271,Q6K00271_N01,Q6K00271_N06
Q6K00271,Q6K00271_N02,Q6K00271_N03
Q6K00271,Q6K00271_N02,Q6K00271_N07
Q6K00272,Q6K00272_N01,Q6K00272_N02
Q6K00272,Q6K00272_N02,Q6K00272_N07
Q6K00272,Q6K00272_N05,Q6K00272_N07
Q6K00272,Q6K00272_N06,Q6K00272_N07
Q6K00273,Q6K00273_N01,Q6K00273_N06
Q6K00273,Q6K00273_N02,Q6K00273_N06
Q6K00273,Q6K00273_N05,Q6K00273_N06
Q6K00273,Q6K00273_N06,Q6K00273_N07
Q6K00274,Q6K00274_N01,Q6K00274_N05
Q6K00274,Q6K00274_N02,Q6K00274_N07
Q6K00274,Q6K00274_N05,Q6K00274_N07
Q6K00274,Q6K00274_N06,Q6K00274_N07
Q6K00275,Q6K00275_N01,Q6K00275_N03
Q6K00275,Q6K00275_N01,Q6K00275_N06
Q6K00275,Q6K00275_N01,Q6K00275_N07
Q6K00275,Q6K00275_N03,Q6K00275_N07
Q6K00275,Q6K00275_N05,Q6K00275_N06
Q6K00276,Q6K00276_N02,Q6K00276_N06
Q6K00276,Q6K00276_N03,Q6K00276_N06
Q6K00276,Q6K00276_N04,Q6K00276_N06
Q6K00276,Q6K00276_N05,Q6K00276_N06
Q6K00277,Q6K00277_N02,Q6K00277_N06
Q6K00277,Q6K00277_N03,Q6K00277_N06
Q6K00277,Q6K00277_N04,Q6K00277_N05
Q6K00277,Q6K00277_N05,Q6K00277_N06
Q6K00278,Q6K00278_N01,Q6K00278_N03
Q6K00278,Q6K00278_N01,Q6K00278_N05
Q6K00278,Q6K00278_N03,Q6K00278_N04
Q6K00278,Q6K00278_N05,Q6K00278_N06
Q6K00279,Q6K00279_N01,Q6K00279_N05
Q6K00279,Q6K00279_N01,Q6K00279_N06
Q6K00279,Q6K00279_N01,Q6K00279_N07
Q6K00279,Q6K00279_N02,Q6K00279_N05
Q6K00280,Q6K00280_N02,Q6K00280_N07
Q6K00280,Q6K00280_N03,Q6K00280_N07
Q6K00280,Q6K00280_N04,Q6K00280_N06
Q6K00280,Q6K00280_N04,Q6K00280_N07
Q6K00281,Q6K00281_N01,Q6K00281_N03
Q6K00281,Q6K00281_N01,Q6K00281_N04
Q6K00281,Q6K00281_N02,Q6K00281_N03
Q6K00281,Q6K00281_N04,Q6K00281_N06
Q6K00282,Q6K00282_N01,Q6K00282_N04
Q6K00282,Q6K00282_N01,Q6K00282_N07
Q6K00282,Q6K00282_N04,Q6K00282_N05
Q6K00282,Q6K00282_N04,Q6K00282_N06
Q6K00283,Q6K00283_N01,Q6K00283_N03
Q6K00283,Q6K00283_N02,Q6K00283_N03
Q6K00283,Q6K00283_N02,Q6K00283_N06
Q6K00283,Q6K00283_N02,Q6K00283_N07
Q6K00284,Q6K00284_N03,Q6K00284_N05
Q6K00284,Q6K00284_N04,Q6K00284_N06
Q6K00284,Q6K00284_N05,Q6K00284_N07
Q6K00284,Q6K00284_N06,Q6K00284_N07
Q6K00285,Q6K00285_N01,Q6K00285_N03
Q6K00285,Q6K00285_N02,Q6K00285_N03
Q6K00285,Q6K00285_N03,Q6K00285_N05
Q6K00285,Q6K00285_N03,Q6K00285_N07
Q6K00286,Q6K00286_N01,Q6K00286_N02
Q6K00286,Q6K00286_N02,Q6K00286_N03
Q6K00286,Q6K00286_N02,Q6K00286_N06
Q6K00286,Q6K00286_N05,Q6K00286_N06
Q6K00287,Q6K00287_N01,Q6K00287_N03
Q6K00287,Q6K00287_N03,Q6K00287_N05
Q6K00287,Q6K00287_N03,Q6K00287_N07
Q6K00287,Q6K00287_N05,Q6K00287_N06
Q6K00288,Q6K00288_N01,Q6K00288_N04
Q6K00288,Q6K00288_N01,Q6K00288_N07
Q6K00288,Q6K00288_N02,Q6K00288_N06
Q6K00288,Q6K00288_N06,Q6K00288_N07
Q6K00289,Q6K00289_N01,Q6K00289_N07
Q6K00289,Q6K00289_N03,Q6K00289_N07
Q6K00289,Q6K00289_N04,Q6K00289_N07
Q6K00289,Q6K00289_N06,Q6K00289_N07
Q6K00290,Q6K00290_N01,Q6K00290_N05
Q6K00290,Q6K00290_N02,Q6K00290_N03
Q6K00290,Q6K00290_N03,Q6K00290_N05
Q6K00290,Q6K00290_N05,Q6K00290_N06
Q6K00291,Q6K00291_N02,Q6K00291_N03
Q6K00291,Q6K00291_N03,Q6K00291_N04
Q6K00291,Q6K00291_N04,Q6K00291_N06
Q6K00291,Q6K00291_N04,Q6K00291_N07
Q6K00291,Q6K00291_N06,Q6K00291_N07
Q6K00292,Q6K00292_N01,Q6K00292_N05
Q6K00292,Q6K00292_N01,Q6K00292_N07
Q6K00292,Q6K00292_N02,Q6K00292_N04
Q6K00292,Q6K00292_N04,Q6K00292_N07
Q6K00293,Q6K00293_N01,Q6K00293_N04
Q6K00293,Q6K00293_N03,Q6K00293_N05
Q6K00293,Q6K00293_N04,Q6K00293_N05
Q6K00293,Q6K00293_N04,Q6K00293_N06
Q6K00294,Q6K00294_N02,Q6K00294_N03
Q6K00294,Q6K00294_N02,Q6K00294_N04
Q6K00294,Q6K00294_N03,Q6K00294_N07
Q6K00294,Q6K00294_N04,Q6K00294_N05
Q6K00295,Q6K00295_N02,Q6K00295_N04
Q6K00295,Q6K00295_N02,Q6K00295_N05
Q6K00295,Q6K00295_N03,Q6K00295_N05
Q6K00295,Q6K00295_N05,Q6K00295_N06
Q6K00296,Q6K00296_N01,Q6K00296_N02
Q6K00296,Q6K00296_N01,Q6K00296_N06
Q6K00296,Q6K00296_N02,Q6K00296_N03
Q6K00296,Q6K00296_N02,Q6K00296_N05
Q6K00297,Q6K00297_N01,Q6K00297_N06
Q6K00297,Q6K00297_N02,Q6K00297_N05
Q6K00297,Q6K00297_N04,Q6K00297_N05
Q6K00297,Q6K00297_N04,Q6K00297_N06
Q6K00298,Q6K00298_N01,Q6K00298_N02
Q6K00298,Q6K00298_N01,Q6K00298_N03
Q6K00298,Q6K00298_N02,Q6K00298_N06
Q6K00298,Q6K00298_N06,Q6K00298_N07
Q6K00299,Q6K00299_N01,Q6K00299_N03
Q6K00299,Q6K00299_N01,Q6K00299_N04
Q6K00299,Q6K00299_N02,Q6K00299_N03
Q6K00299,Q6K00299_N02,Q6K00299_N07
Q6K00299,Q6K00299_N03,Q6K00299_N07
Q6K00300,Q6K00300_N01,Q6K00300_N07
Q6K00300,Q6K00300_N02,Q6K00300_N05
Q6K00300,Q6K00300_N02,Q6K00300_N06
Q6K00300,Q6K00300_N02,Q6K00300_N07
Q6K00301,Q6K00301_N01,Q6K00301_N03
Q6K00301,Q6K00301_N03,Q6K00301_N04
Q6K00301,Q6K00301_N03,Q6K00301_N06
Q6K00301,Q6K00301_N03,Q6K00301_N07
Q6K00302,Q6K00302_N02,Q6K00302_N04
Q6K00302,Q6K00302_N02,Q6K00302_N06
Q6K00302,Q6K00302_N04,Q6K00302_N05
Q6K00302,Q6K00302_N04,Q6K00302_N07
Q6K00303,Q6K00303_N01,Q6K00303_N02
Q6K00303,Q6K00303_N02,Q6K00303_N03
Q6K00303,Q6K00303_N02,Q6K00303_N07
Q6K00303,Q6K00303_N03,Q6K00303_N06
Q6K00304,Q6K00304_N02,Q6K00304_N03
Q6K00304,Q6K00304_N03,Q6K00304_N05
Q6K00304,Q6K00304_N03,Q6K00304_N06
Q6K00304,Q6K00304_N05,Q6K00304_N07
Q6K00305,Q6K00305_N02,Q6K00305_N06
Q6K00305,Q6K00305_N03,Q6K00305_N04
Q6K00305,Q6K00305_N03,Q6K00305_N06
Q6K00305,Q6K00305_N06,Q6K00305_N07
Q6K00306,Q6K00306_N02,Q6K00306_N05
Q6K00306,Q6K00306_N02,Q6K00306_N07
Q6K00306,Q6K00306_N03,Q6K00306_N05
Q6K00306,Q6K00306_N05,Q6K00306_N06
Q6K00307,Q6K00307_N01,Q6K00307_N06
Q6K00307,Q6K00307_N02,Q6K00307_N06
Q6K00307,Q6K00307_N02,Q6K00307_N07
Q6K00307,Q6K00307_N03,Q6K00307_N06
Q6K00308,Q6K00308_N02,Q6K00308_N04
Q6K00308,Q6K00308_N03,Q6K00308_N04
Q6K00308,Q6K00308_N03,Q6K00308_N06
Q6K00308,Q6K00308_N04,Q6K00308_N05
Q6K00309,Q6K00309_N01,Q6K00309_N04
Q6K00309,Q6K00309_N03,Q6K00309_N04
Q6K00309,Q6K00309_N03,Q6K00309_N07
Q6K00309,Q6K00309_N04,Q6K00309_N06
Q6K00310,Q6K00310_N01,Q6K00310_N04
Q6K00310,Q6K00310_N03,Q6K00310_N04
Q6K00310,Q6K00310_N04,Q6K00310_N05
Q6K00310,Q6K00310_N04,Q6K00310_N06
Q6K00311,Q6K00311_N01,Q6K00311_N04
Q6K00311,Q6K00311_N01,Q6K00311_N07
Q6K00311,Q6K00311_N02,Q6K00311_N06
Q6K00311,Q6K00311_N02,Q6K00311_N07
Q6K00312,Q6K00312_N02,Q6K00312_N05
Q6K00312,Q6K00312_N02,Q6K00312_N07
Q6K00312,Q6K00312_N03,Q6K00312_N05
Q6K00312,Q6K00312_N05,Q6K00312_N06
Q6K00313,Q6K00313_N01,Q6K00313_N02
Q6K00313,Q6K00313_N01,Q6K00313_N05
Q6K00313,Q6K00313_N01,Q6K00313_N07
Q6K00313,Q6K00313_N02,Q6K00313_N06
Q6K00314,Q6K00314_N01,Q6K00314_N06
Q6K00314,Q6K00314_N03,Q6K00314_N04
Q6K00314,Q6K00314_N03,Q6K00314_N06
Q6K00314,Q6K00314_N04,Q6K00314_N05
Q6K00315,Q6K00315_N01,Q6K00315_N04
Q6K00315,Q6K00315_N03,Q6K00315_N04
Q6K00315,Q6K00315_N04,Q6K00315_N05
Q6K00315,Q6K00315_N05,Q6K00315_N07
Q6K00316,Q6K00316_N01,Q6K00316_N04
Q6K00316,Q6K00316_N03,Q6K00316_N04
Q6K00316,Q6K00316_N03,Q6K00316_N05
Q6K00316,Q6K00316_N03,Q6K00316_N06
Q6K00317,Q6K00317_N01,Q6K00317_N02
Q6K00317,Q6K00317_N02,Q6K00317_N03
Q6K00317,Q6K00317_N02,Q6K00317_N06
Q6K00317,Q6K00317_N06,Q6K00317_N07
Q6K00318,Q6K00318_N01,Q6K00318_N03
Q6K00318,Q6K00318_N02,Q6K00318_N06
Q6K00318,Q6K00318_N03,Q6K00318_N04
Q6K00318,Q6K00318_N03,Q6K00318_N06
Q6K00319,Q6K00319_N01,Q6K00319_N06
Q6K00319,Q6K00319_N02,Q6K00319_N05
Q6K00319,Q6K00319_N05,Q6K00319_N06
Q6K00319,Q6K00319_N06,Q6K00319_N07
Q6K00320,Q6K00320_N02,Q6K00320_N03
Q6K00320,Q6K00320_N02,Q6K00320_N05
Q6K00320,Q6K00320_N03,Q6K00320_N06
Q6K00320,Q6K00320_N04,Q6K00320_N05
Q6K00321,Q6K00321_N01,Q6K00321_N07
Q6K00321,Q6K00321_N02,Q6K00321_N07
Q6K00321,Q6K00321_N05,Q6K00321_N07
Q6K00321,Q6K00321_N06,Q6K00321_N07
Q6K00322,Q6K00322_N01,Q6K00322_N04
Q6K00322,Q6K00322_N03,Q6K00322_N04
Q6K00322,Q6K00322_N04,Q6K00322_N05
Q6K00322,Q6K00322_N05,Q6K00322_N07
Q6K00323,Q6K00323_N01,Q6K00323_N03
Q6K00323,Q6K00323_N01,Q6K00323_N04
Q6K00323,Q6K00323_N02,Q6K00323_N07
Q6K00323,Q6K00323_N04,Q6K00323_N07
Q6K00324,Q6K00324_N02,Q6K00324_N06
Q6K00324,Q6K00324_N03,Q6K00324_N04
Q6K00324,Q6K00324_N03,Q6K00324_N06
Q6K00324,Q6K00324_N06,Q6K00324_N07
Q6K00325,Q6K00325_N01,Q6K00325_N02
Q6K00325,Q6K00325_N01,Q6K00325_N07
Q6K00325,Q6K00325_N03,Q6K00325_N07
Q6K00325,Q6K00325_N06,Q6K00325_N07
Q6K00326,Q6K00326_N01,Q6K00326_N02
Q6K00326,Q6K00326_N01,Q6K00326_N04
Q6K00326,Q6K00326_N01,Q6K00326_N05
Q6K00326,Q6K00326_N01,Q6K00326_N07
Q6K00327,Q6K00327_N01,Q6K00327_N06
Q6K00327,Q6K00327_N01,Q6K00327_N07
Q6K00327,Q6K00327_N02,Q6K00327_N06
Q6K00327,Q6K00327_N03,Q6K00327_N06
Q6K00328,Q6K00328_N01,Q6K00328_N05
Q6K00328,Q6K00328_N02,Q6K00328_N03
Q6K00328,Q6K00328_N03,Q6K00328_N05
Q6K00328,Q6K00328_N04,Q6K00328_N05
Q6K00329,Q6K00329_N01,Q6K00329_N02
Q6K00329,Q6K00329_N01,Q6K00329_N06
Q6K00329,Q6K00329_N01,Q6K00329_N07
Q6K00329,Q6K00329_N05,Q6K00329_N06
Q6K00330,Q6K00330_N01,Q6K00330_N02
Q6K00330,Q6K00330_N02,Q6K00330_N04
Q6K00330,Q6K00330_N03,Q6K00330_N04
Q6K00330,Q6K00330_N04,Q6K00330_N07
Q6K00331,Q6K00331_N01,Q6K00331_N05
Q6K00331,Q6K00331_N02,Q6K00331_N05
Q6K00331,Q6K00331_N03,Q6K00331_N06
Q6K00331,Q6K00331_N05,Q6K00331_N06
Q6K00332,Q6K00332_N02,Q6K00332_N07
Q6K00332,Q6K00332_N03,Q6K00332_N05
Q6K00332,Q6K00332_N05,Q6K00332_N06
Q6K00332,Q6K00332_N05,Q6K00332_N07
Q6K00333,Q6K00333_N01,Q6K00333_N02
Q6K00333,Q6K00333_N01,Q6K00333_N03
Q6K00333,Q6K00333_N01,Q6K00333_N06
Q6K00333,Q6K00333_N02,Q6K00333_N07
Q6K00334,Q6K00334_N01,Q6K00334_N04
Q6K00334,Q6K00334_N03,Q6K00334_N04
Q6K00334,Q6K00334_N04,Q6K00334_N07
Q6K00334,Q6K00334_N05,Q6K00334_N07
Q6K00335,Q6K00335_N01,Q6K00335_N03
Q6K00335,Q6K00335_N01,Q6K00335_N07
Q6K00335,Q6K00335_N04,Q6K00335_N07
Q6K00335,Q6K00335_N06,Q6K00335_N07
Q6K00336,Q6K00336_N02,Q6K00336_N04
Q6K00336,Q6K00336_N02,Q6K00336_N07
Q6K00336,Q6K00336_N03,Q6K00336_N07
Q6K00336,Q6K00336_N04,Q6K00336_N06
Q6K00337,Q6K00337_N01,Q6K00337_N02
Q6K00337,Q6K00337_N02,Q6K00337_N07
Q6K00337,Q6K00337_N03,Q6K00337_N07
Q6K00337,Q6K00337_N05,Q6K00337_N07
Q6K00338,Q6K00338_N01,Q6K00338_N03
Q6K00338,Q6K00338_N01,Q6K00338_N07
Q6K00338,Q6K00338_N04,Q6K00338_N07
Q6K00338,Q6K00338_N05,Q6K00338_N07
Q6K00339,Q6K00339_N01,Q6K00339_N03
Q6K00339,Q6K00339_N01,Q6K00339_N04
Q6K00339,Q6K00339_N02,Q6K00339_N04
Q6K00339,Q6K00339_N03,Q6K00339_N05
Q6K00340,Q6K00340_N02,Q6K00340_N06
Q6K00340,Q6K00340_N03,Q6K00340_N06
Q6K00340,Q6K00340_N04,Q6K00340_N06
Q6K00340,Q6K00340_N05,Q6K00340_N06
Q6K00341,Q6K00341_N01,Q6K00341_N04
Q6K00341,Q6K00341_N02,Q6K00341_N04
Q6K00341,Q6K00341_N04,Q6K00341_N05
Q6K00341,Q6K00341_N04,Q6K00341_N06
Q6K00342,Q6K00342_N01,Q6K00342_N02
Q6K00342,Q6K00342_N01,Q6K00342_N07
Q6K00342,Q6K00342_N03,Q6K00342_N07
Q6K00342,Q6K00342_N04,Q6K00342_N07
Q6K00343,Q6K00343_N01,Q6K00343_N03
Q6K00343,Q6K00343_N02,Q6K00343_N03
Q6K00343,Q6K00343_N03,Q6K00343_N04
Q6K00343,Q6K00343_N04,Q6K00343_N06
Q6K00344,Q6K00344_N01,Q6K00344_N02
Q6K00344,Q6K00344_N02,Q6K00344_N06
Q6K00344,Q6K00344_N02,Q6K00344_N07
Q6K00344,Q6K00344_N03,Q6K00344_N07
Q6K00345,Q6K00345_N01,Q6K00345_N07
Q6K00345,Q6K00345_N03,Q6K00345_N05
Q6K00345,Q6K00345_N03,Q6K00345_N07
Q6K00345,Q6K00345_N04,Q6K00345_N05
Q6K00346,Q6K00346_N01,Q6K00346_N03
Q6K00346,Q6K00346_N02,Q6K00346_N04
Q6K00346,Q6K00346_N03,Q6K00346_N04
Q6K00346,Q6K00346_N04,Q6K00346_N06
Q6K00347,Q6K00347_N01,Q6K00347_N02
Q6K00347,Q6K00347_N01,Q6K00347_N06
Q6K00347,Q6K00347_N01,Q6K00347_N07
Q6K00347,Q6K00347_N05,Q6K00347_N06
Q6K00348,Q6K00348_N01,Q6K00348_N02
Q6K00348,Q6K00348_N02,Q6K00348_N07
Q6K00348,Q6K00348_N04,Q6K00348_N07
Q6K00348,Q6K00348_N05,Q6K00348_N07
Q6K00349,Q6K00349_N02,Q6K00349_N03
Q6K00349,Q6K00349_N03,Q6K00349_N04
Q6K00349,Q6K00349_N03,Q6K00349_N05
Q6K00349,Q6K00349_N04,Q6K00349_N07
Q6K00350,Q6K00350_N01,Q6K00350_N02
Q6K00350,Q6K00350_N02,Q6K00350_N03
Q6K00350,Q6K00350_N02,Q6K00350_N04
Q6K00350,Q6K00350_N02,Q6K00350_N06
Q6K00351,Q6K00351_N02,Q6K00351_N04
Q6K00351,Q6K00351_N02,Q6K00351_N06
Q6K00351,Q6K00351_N02,Q6K00351_N07
Q6K00351,Q6K00351_N03,Q6K00351_N04
Q6K00352,Q6K00352_N01,Q6K00352_N04
Q6K00352,Q6K00352_N02,Q6K00352_N03
Q6K00352,Q6K00352_N03,Q6K00352_N04
Q6K00352,Q6K00352_N03,Q6K00352_N05
Q6K00353,Q6K00353_N02,Q6K00353_N04
Q6K00353,Q6K00353_N02,Q6K00353_N06
Q6K00353,Q6K00353_N03,Q6K00353_N06
Q6K00353,Q6K00353_N06,Q6K00353_N07
Q6K00354,Q6K00354_N01,Q6K00354_N05
Q6K00354,Q6K00354_N02,Q6K00354_N05
Q6K00354,Q6K00354_N03,Q6K00354_N05
Q6K00354,Q6K00354_N03,Q6K00354_N07
Q6K00355,Q6K00355_N01,Q6K00355_N04
Q6K00355,Q6K00355_N02,Q6K00355_N04
Q6K00355,Q6K00355_N03,Q6K00355_N04
Q6K00355,Q6K00355_N03,Q6K00355_N06
Q6K00356,Q6K00356_N01,Q6K00356_N02
Q6K00356,Q6K00356_N02,Q6K00356_N04
Q6K00356,Q6K00356_N04,Q6K00356_N05
Q6K00356,Q6K00356_N04,Q6K00356_N07
Q6K00357,Q6K00357_N01,Q6K00357_N03
Q6K00357,Q6K00357_N02,Q6K00357_N03
Q6K00357,Q6K00357_N02,Q6K00357_N07
Q6K00357,Q6K00357_N05,Q6K00357_N07
Q6K00358,Q6K00358_N01,Q6K00358_N04
Q6K00358,Q6K00358_N03,Q6K00358_N04
Q6K00358,Q6K00358_N03,Q6K00358_N05
Q6K00358,Q6K00358_N03,Q6K00358_N07
Q6K00359,Q6K00359_N02,Q6K00359_N05
Q6K00359,Q6K00359_N04,Q6K00359_N06
Q6K00359,Q6K00359_N04,Q6K00359_N07
Q6K00359,Q6K00359_N05,Q6K00359_N06
Q6K00360,Q6K00360_N02,Q6K00360_N05
Q6K00360,Q6K00360_N02,Q6K00360_N06
Q6K00360,Q6K00360_N04,Q6K00360_N06
Q6K00360,Q6K00360_N04,Q6K00360_N07
Q6K00361,Q6K00361_N01,Q6K00361_N05
Q6K00361,Q6K00361_N02,Q6K00361_N04
Q6K00361,Q6K00361_N02,Q6K00361_N05
Q6K00361,Q6K00361_N02,Q6K00361_N07
Q6K00361,Q6K00361_N04,Q6K00361_N07
Q6K00362,Q6K00362_N01,Q6K00362_N03
Q6K00362,Q6K00362_N01,Q6K00362_N06
Q6K00362,Q6K00362_N04,Q6K00362_N05
Q6K00362,Q6K00362_N05,Q6K00362_N06
Q6K00363,Q6K00363_N01,Q6K00363_N06
Q6K00363,Q6K00363_N02,Q6K00363_N05
Q6K00363,Q6K00363_N04,Q6K00363_N06
Q6K00363,Q6K00363_N05,Q6K00363_N06
Q6K00364,Q6K00364_N01,Q6K00364_N04
Q6K00364,Q6K00364_N01,Q6K00364_N05
Q6K00364,Q6K00364_N02,Q6K00364_N04
Q6K00364,Q6K00364_N02,Q6K00364_N06
Q6K00365,Q6K00365_N01,Q6K00365_N07
Q6K00365,Q6K00365_N02,Q6K00365_N03
Q6K00365,Q6K00365_N02,Q6K00365_N07
Q6K00365,Q6K00365_N05,Q6K00365_N07
Q6K00366,Q6K00366_N01,Q6K00366_N03
Q6K00366,Q6K00366_N01,Q6K00366_N04
Q6K00366,Q6K00366_N01,Q6K00366_N05
Q6K00366,Q6K00366_N03,Q6K00366_N06
Q6K00367,Q6K00367_N02,Q6K00367_N06
Q6K00367,Q6K00367_N02,Q6K00367_N07
Q6K00367,Q6K00367_N04,Q6K00367_N05
Q6K00367,Q6K00367_N05,Q6K00367_N06
Q6K00368,Q6K00368_N01,Q6K00368_N07
Q6K00368,Q6K00368_N02,Q6K00368_N07
Q6K00368,Q6K00368_N05,Q6K00368_N06
Q6K00368,Q6K00368_N06,Q6K00368_N07
Q6K00369,Q6K00369_N02,Q6K00369_N05
Q6K00369,Q6K00369_N03,Q6K00369_N05
Q6K00369,Q6K00369_N05,Q6K00369_N06
Q6K00369,Q6K00369_N05,Q6K00369_N07
Q6K00370,Q6K00370_N01,Q6K00370_N06
Q6K00370,Q6K00370_N02,Q6K00370_N06
Q6K00370,Q6K00370_N03,Q6K00370_N06
Q6K00370,Q6K00370_N05,Q6K00370_N06
Q6K00371,Q6K00371_N01,Q6K00371_N07
Q6K00371,Q6K00371_N02,Q6K00371_N07
Q6K00371,Q6K00371_N03,Q6K00371_N07
Q6K00371,Q6K00371_N04,Q6K00371_N07
Q6K00372,Q6K00372_N02,Q6K00372_N03
Q6K00372,Q6K00372_N02,Q6K00372_N04
Q6K00372,Q6K00372_N03,Q6K00372_N06
Q6K00372,Q6K00372_N04,Q6K00372_N05
Q6K00373,Q6K00373_N01,Q6K00373_N03
Q6K00373,Q6K00373_N03,Q6K00373_N07
Q6K00373,Q6K00373_N04,Q6K00373_N07
Q6K00373,Q6K00373_N06,Q6K00373_N07
Q6K00374,Q6K00374_N01,Q6K00374_N03
Q6K00374,Q6K00374_N02,Q6K00374_N03
Q6K00374,Q6K00374_N02,Q6K00374_N04
Q6K00374,Q6K00374_N04,Q6K00374_N05
Q6K00375,Q6K00375_N02,Q6K00375_N07
Q6K00375,Q6K00375_N03,Q6K00375_N07
Q6K00375,Q6K00375_N05,Q6K00375_N07
Q6K00375,Q6K00375_N06,Q6K00375_N07
Q6K00376,Q6K00376_N02,Q6K00376_N03
Q6K00376,Q6K00376_N02,Q6K00376_N05
Q6K00376,Q6K00376_N04,Q6K00376_N06
Q6K00376,Q6K00376_N05,Q6K00376_N06
Q6K00377,Q6K00377_N01,Q6K00377_N07
Q6K00377,Q6K00377_N02,Q6K00377_N07
Q6K00377,Q6K00377_N04,Q6K00377_N07
Q6K00377,Q6K00377_N05,Q6K00377_N07
Q6K00378,Q6K00378_N01,Q6K00378_N04
Q6K00378,Q6K00378_N02,Q6K00378_N07
Q6K00378,Q6K00378_N04,Q6K00378_N07
Q6K00378,Q6K00378_N05,Q6K00378_N07
Q6K00379,Q6K00379_N01,Q6K00379_N06
Q6K00379,Q6K00379_N03,Q6K00379_N05
Q6K00379,Q6K00379_N04,Q6K00379_N05
Q6K00379,Q6K00379_N05,Q6K00379_N06
Q6K00380,Q6K00380_N02,Q6K00380_N03
Q6K00380,Q6K00380_N02,Q6K00380_N05
Q6K00380,Q6K00380_N02,Q6K00380_N06
Q6K00380,Q6K00380_N03,Q6K00380_N04
Q6K00381,Q6K00381_N01,Q6K00381_N05
Q6K00381,Q6K00381_N01,Q6K00381_N07
Q6K00381,Q6K00381_N02,Q6K00381_N07
Q6K00381,Q6K00381_N04,Q6K00381_N07
Q6K00382,Q6K00382_N01,Q6K00382_N03
Q6K00382,Q6K00382_N02,Q6K00382_N07
Q6K00382,Q6K00382_N03,Q6K00382_N07
Q6K00382,Q6K00382_N04,Q6K00382_N07
Q6K00383,Q6K00383_N02,Q6K00383_N05
Q6K00383,Q6K00383_N02,Q6K00383_N07
Q6K00383,Q6K00383_N04,Q6K00383_N06
Q6K00383,Q6K00383_N06,Q6K00383_N07
Q6K00384,Q6K00384_N01,Q6K00384_N04
Q6K00384,Q6K00384_N02,Q6K00384_N06
Q6K00384,Q6K00384_N04,Q6K00384_N06
Q6K00384,Q6K00384_N06,Q6K00384_N07
Q6K00385,Q6K00385_N01,Q6K00385_N06
Q6K00385,Q6K00385_N02,Q6K00385_N06
Q6K00385,Q6K00385_N03,Q6K00385_N05
Q6K00385,Q6K00385_N05,Q6K00385_N06
Q6K00386,Q6K00386_N01,Q6K00386_N03
Q6K00386,Q6K00386_N01,Q6K00386_N04
Q6K00386,Q6K00386_N01,Q6K00386_N05
Q6K00386,Q6K00386_N03,Q6K00386_N06
Q6K00387,Q6K00387_N01,Q6K00387_N03
Q6K00387,Q6K00387_N03,Q6K00387_N06
Q6K00387,Q6K00387_N03,Q6K00387_N07
Q6K00387,Q6K00387_N04,Q6K00387_N06
Q6K00388,Q6K00388_N01,Q6K00388_N03
Q6K00388,Q6K00388_N01,Q6K00388_N07
Q6K00388,Q6K00388_N03,Q6K00388_N05
Q6K00388,Q6K00388_N03,Q6K00388_N06
Q6K00389,Q6K00389_N01,Q6K00389_N02
Q6K00389,Q6K00389_N01,Q6K00389_N04
Q6K00389,Q6K00389_N02,Q6K00389_N03
Q6K00389,Q6K00389_N04,Q6K00389_N05
Q6K00390,Q6K00390_N01,Q6K00390_N03
Q6K00390,Q6K00390_N02,Q6K00390_N03
Q6K00390,Q6K00390_N03,Q6K00390_N05
Q6K00390,Q6K00390_N03,Q6K00390_N06
Q6K00391,Q6K00391_N01,Q6K00391_N06
Q6K00391,Q6K00391_N02,Q6K00391_N03
Q6K00391,Q6K00391_N03,Q6K00391_N05
Q6K00391,Q6K00391_N05,Q6K00391_N06
Q6K00392,Q6K00392_N02,Q6K00392_N05
Q6K00392,Q6K00392_N03,Q6K00392_N06
Q6K00392,Q6K00392_N05,Q6K00392_N06
Q6K00392,Q6K00392_N05,Q6K00392_N07
Q6K00393,Q6K00393_N02,Q6K00393_N03
Q6K00393,Q6K00393_N02,Q6K00393_N05
Q6K00393,Q6K00393_N03,Q6K00393_N04
Q6K00393,Q6K00393_N04,Q6K00393_N06
Q6K00394,Q6K00394_N01,Q6K00394_N05
Q6K00394,Q6K00394_N02,Q6K00394_N06
Q6K00394,Q6K00394_N03,Q6K00394_N06
Q6K00394,Q6K00394_N05,Q6K00394_N06
Q6K00395,Q6K00395_N01,Q6K00395_N03
Q6K00395,Q6K00395_N03,Q6K00395_N04
Q6K00395,Q6K00395_N03,Q6K00395_N05
Q6K00395,Q6K00395_N03,Q6K00395_N06
Q6K00396,Q6K00396_N01,Q6K00396_N02
Q6K00396,Q6K00396_N02,Q6K00396_N07
Q6K00396,Q6K00396_N03,Q6K00396_N05
Q6K00396,Q6K00396_N03,Q6K00396_N07
Q6K00396,Q6K00396_N05,Q6K00396_N07
Q6K00397,Q6K00397_N02,Q6K00397_N03
Q6K00397,Q6K00397_N02,Q6K00397_N06
Q6K00397,Q6K00397_N03,Q6K00397_N04
Q6K00397,Q6K00397_N03,Q6K00397_N07
Q6K00398,Q6K00398_N01,Q6K00398_N07
Q6K00398,Q6K00398_N04,Q6K00398_N05
Q6K00398,Q6K00398_N04,Q6K00398_N06
Q6K00398,Q6K00398_N04,Q6K00398_N07
Q6K00399,Q6K00399_N01,Q6K00399_N07
Q6K00399,Q6K00399_N03,Q6K00399_N07
Q6K00399,Q6K00399_N04,Q6K00399_N06
Q6K00399,Q6K00399_N06,Q6K00399_N07
Q6K00400,Q6K00400_N01,Q6K00400_N03
Q6K00400,Q6K00400_N02,Q6K00400_N03
Q6K00400,Q6K00400_N03,Q6K00400_N06
Q6K00400,Q6K00400_N06,Q6K00400_N07
Q6K00401,Q6K00401_N01,Q6K00401_N06
Q6K00401,Q6K00401_N03,Q6K00401_N05
Q6K00401,Q6K00401_N03,Q6K00401_N06
Q6K00401,Q6K00401_N06,Q6K00401_N07
Q6K00402,Q6K00402_N01,Q6K00402_N03
Q6K00402,Q6K00402_N01,Q6K00402_N05
Q6K00402,Q6K00402_N02,Q6K00402_N07
Q6K00402,Q6K00402_N05,Q6K00402_N07
Q6K00403,Q6K00403_N01,Q6K00403_N04
Q6K00403,Q6K00403_N02,Q6K00403_N04
Q6K00403,Q6K00403_N04,Q6K00403_N05
Q6K00403,Q6K00403_N04,Q6K00403_N07
Q6K00404,Q6K00404_N03,Q6K00404_N05
Q6K00404,Q6K00404_N03,Q6K00404_N07
Q6K00404,Q6K00404_N04,Q6K00404_N05
Q6K00404,Q6K00404_N04,Q6K00404_N06
Q6K00404,Q6K00404_N05,Q6K00404_N07
Q6K00405,Q6K00405_N01,Q6K00405_N07
Q6K00405,Q6K00405_N02,Q6K00405_N07
Q6K00405,Q6K00405_N05,Q6K00405_N06
Q6K00405,Q6K00405_N05,Q6K00405_N07
Q6K00406,Q6K00406_N01,Q6K00406_N03
Q6K00406,Q6K00406_N03,Q6K00406_N06
Q6K00406,Q6K00406_N03,Q6K00406_N07
Q6K00406,Q6K00406_N05,Q6K00406_N07
Q6K00407,Q6K00407_N03,Q6K00407_N05
Q6K00407,Q6K00407_N04,Q6K00407_N07
Q6K00407,Q6K00407_N05,Q6K00407_N06
Q6K00407,Q6K00407_N06,Q6K00407_N07
Q6K00408,Q6K00408_N01,Q6K00408_N04
Q6K00408,Q6K00408_N04,Q6K00408_N06
Q6K00408,Q6K00408_N04,Q6K00408_N07
Q6K00408,Q6K00408_N05,Q6K00408_N07
Q6K00409,Q6K00409_N03,Q6K00409_N07
Q6K00409,Q6K00409_N04,Q6K00409_N06
Q6K00409,Q6K00409_N05,Q6K00409_N06
Q6K00409,Q6K00409_N05,Q6K00409_N07
Q6K00410,Q6K00410_N01,Q6K00410_N04
Q6K00410,Q6K00410_N03,Q6K00410_N04
Q6K00410,Q6K00410_N03,Q6K00410_N05
Q6K00410,Q6K00410_N03,Q6K00410_N06
Q6K00411,Q6K00411_N01,Q6K00411_N02
Q6K00411,Q6K00411_N02,Q6K00411_N03
Q6K00411,Q6K00411_N02,Q6K00411_N04
Q6K00411,Q6K00411_N02,Q6K00411_N05
Q6K00412,Q6K00412_N01,Q6K00412_N03
Q6K00412,Q6K00412_N02,Q6K00412_N07
Q6K00412,Q6K00412_N03,Q6K00412_N07
Q6K00412,Q6K00412_N04,Q6K00412_N07
Q6K00413,Q6K00413_N01,Q6K00413_N03
Q6K00413,Q6K00413_N01,Q6K00413_N06
Q6K00413,Q6K00413_N02,Q6K00413_N06
Q6K00413,Q6K00413_N04,Q6K00413_N06
Q6K00414,Q6K00414_N02,Q6K00414_N03
Q6K00414,Q6K00414_N03,Q6K00414_N05
Q6K00414,Q6K00414_N03,Q6K00414_N06
Q6K00414,Q6K00414_N03,Q6K00414_N07
Q6K00415,Q6K00415_N02,Q6K00415_N06
Q6K00415,Q6K00415_N03,Q6K00415_N04
Q6K00415,Q6K00415_N03,Q6K00415_N06
Q6K00415,Q6K00415_N04,Q6K00415_N07
Q6K00416,Q6K00416_N02,Q6K00416_N05
Q6K00416,Q6K00416_N02,Q6K00416_N07
Q6K00416,Q6K00416_N03,Q6K00416_N07
Q6K00416,Q6K00416_N06,Q6K00416_N07
Q6K00417,Q6K00417_N01,Q6K00417_N06
Q6K00417,Q6K00417_N04,Q6K00417_N06
Q6K00417,Q6K00417_N05,Q6K00417_N06
Q6K00417,Q6K00417_N06,Q6K00417_N07
Q6K00418,Q6K00418_N02,Q6K00418_N04
Q6K00418,Q6K00418_N04,Q6K00418_N05
Q6K00418,Q6K00418_N04,Q6K00418_N06
Q6K00418,Q6K00418_N04,Q6K00418_N07
Q6K00419,Q6K00419_N01,Q6K00419_N04
Q6K00419,Q6K00419_N02,Q6K00419_N04
Q6K00419,Q6K00419_N04,Q6K00419_N06
Q6K00419,Q6K00419_N04,Q6K00419_N07
Q6K00420,Q6K00420_N02,Q6K00420_N05
Q6K00420,Q6K00420_N03,Q6K00420_N05
Q6K00420,Q6K00420_N05,Q6K00420_N06
Q6K00420,Q6K00420_N05,Q6K00420_N07
Q6K00421,Q6K00421_N01,Q6K00421_N03
Q6K00421,Q6K00421_N01,Q6K00421_N04
Q6K00421,Q6K00421_N01,Q6K00421_N06
Q6K00421,Q6K00421_N03,Q6K00421_N05
Q6K00422,Q6K00422_N01,Q6K00422_N04
Q6K00422,Q6K00422_N03,Q6K00422_N06
Q6K00422,Q6K00422_N04,Q6K00422_N05
Q6K00422,Q6K00422_N04,Q6K00422_N06
Q6K00423,Q6K00423_N02,Q6K00423_N03
Q6K00423,Q6K00423_N02,Q6K00423_N06
Q6K00423,Q6K00423_N04,Q6K00423_N06
Q6K00423,Q6K00423_N05,Q6K00423_N06
Q6K00424,Q6K00424_N01,Q6K00424_N02
Q6K00424,Q6K00424_N02,Q6K00424_N03
Q6K00424,Q6K00424_N02,Q6K00424_N05
Q6K00424,Q6K00424_N04,Q6K00424_N05
Q6K00425,Q6K00425_N01,Q6K00425_N07
Q6K00425,Q6K00425_N03,Q6K00425_N07
Q6K00425,Q6K00425_N04,Q6K00425_N06
Q6K00425,Q6K00425_N06,Q6K00425_N07
Q6K00426,Q6K00426_N01,Q6K00426_N04
Q6K00426,Q6K00426_N01,Q6K00426_N05
Q6K00426,Q6K00426_N02,Q6K00426_N04
Q6K00426,Q6K00426_N03,Q6K00426_N04
Q6K00427,Q6K00427_N01,Q6K00427_N03
Q6K00427,Q6K00427_N01,Q6K00427_N04
Q6K00427,Q6K00427_N01,Q6K00427_N05
Q6K00427,Q6K00427_N01,Q6K00427_N07
Q6K00428,Q6K00428_N01,Q6K00428_N02
Q6K00428,Q6K00428_N02,Q6K00428_N03
Q6K00428,Q6K00428_N02,Q6K00428_N05
Q6K00428,Q6K00428_N02,Q6K00428_N06
Q6K00429,Q6K00429_N01,Q6K00429_N03
Q6K00429,Q6K00429_N02,Q6K00429_N03
Q6K00429,Q6K00429_N02,Q6K00429_N05
Q6K00429,Q6K00429_N03,Q6K00429_N04
Q6K00430,Q6K00430_N01,Q6K00430_N04
Q6K00430,Q6K00430_N02,Q6K00430_N03
Q6K00430,Q6K00430_N02,Q6K00430_N05
Q6K00430,Q6K00430_N04,Q6K00430_N05
Q6K00431,Q6K00431_N01,Q6K00431_N07
Q6K00431,Q6K00431_N03,Q6K00431_N06
Q6K00431,Q6K00431_N04,Q6K00431_N06
Q6K00431,Q6K00431_N06,Q6K00431_N07
Q6K00432,Q6K00432_N01,Q6K00432_N02
Q6K00432,Q6K00432_N01,Q6K00432_N04
Q6K00432,Q6K00432_N01,Q6K00432_N07
Q6K00432,Q6K00432_N03,Q6K00432_N07
Q6K00433,Q6K00433_N02,Q6K00433_N03
Q6K00433,Q6K00433_N03,Q6K00433_N05
Q6K00433,Q6K00433_N03,Q6K00433_N07
Q6K00433,Q6K00433_N04,Q6K00433_N05
Q6K00434,Q6K00434_N01,Q6K00434_N06
Q6K00434,Q6K00434_N02,Q6K00434_N03
Q6K00434,Q6K00434_N02,Q6K00434_N06
Q6K00434,Q6K00434_N04,Q6K00434_N06
Q6K00435,Q6K00435_N02,Q6K00435_N04
Q6K00435,Q6K00435_N02,Q6K00435_N05
Q6K00435,Q6K00435_N02,Q6K00435_N07
Q6K00435,Q6K00435_N03,Q6K00435_N07
Q6K00436,Q6K00436_N01,Q6K00436_N03
Q6K00436,Q6K00436_N03,Q6K00436_N04
Q6K00436,Q6K00436_N03,Q6K00436_N05
Q6K00436,Q6K00436_N03,Q6K00436_N07
Q6K00437,Q6K00437_N01,Q6K00437_N04
Q6K00437,Q6K00437_N01,Q6K00437_N05
Q6K00437,Q6K00437_N01,Q6K00437_N06
Q6K00437,Q6K00437_N04,Q6K00437_N07
Q6K00438,Q6K00438_N01,Q6K00438_N06
Q6K00438,Q6K00438_N04,Q6K00438_N06
Q6K00438,Q6K00438_N04,Q6K00438_N07
Q6K00438,Q6K00438_N05,Q6K00438_N06
Q6K00439,Q6K00439_N01,Q6K00439_N04
Q6K00439,Q6K00439_N01,Q6K00439_N06
Q6K00439,Q6K00439_N02,Q6K00439_N03
Q6K00439,Q6K00439_N02,Q6K00439_N04
Q6K00440,Q6K00440_N01,Q6K00440_N05
Q6K00440,Q6K00440_N01,Q6K00440_N07
Q6K00440,Q6K00440_N02,Q6K00440_N05
Q6K00440,Q6K00440_N05,Q6K00440_N06
Q6K00441,Q6K00441_N01,Q6K00441_N02
Q6K00441,Q6K00441_N01,Q6K00441_N03
Q6K00441,Q6K00441_N01,Q6K00441_N05
Q6K00441,Q6K00441_N03,Q6K00441_N06
Q6K00442,Q6K00442_N02,Q6K00442_N05
Q6K00442,Q6K00442_N03,Q6K00442_N05
Q6K00442,Q6K00442_N05,Q6K00442_N06
Q6K00442,Q6K00442_N05,Q6K00442_N07
Q6K00443,Q6K00443_N01,Q6K00443_N06
Q6K00443,Q6K00443_N02,Q6K00443_N06
Q6K00443,Q6K00443_N03,Q6K00443_N04
Q6K00443,Q6K00443_N03,Q6K00443_N06
Q6K00444,Q6K00444_N01,Q6K00444_N02
Q6K00444,Q6K00444_N01,Q6K00444_N03
Q6K00444,Q6K00444_N01,Q6K00444_N05
Q6K00444,Q6K00444_N02,Q6K00444_N07
Q6K00445,Q6K00445_N01,Q6K00445_N02
Q6K00445,Q6K00445_N02,Q6K00445_N03
Q6K00445,Q6K00445_N03,Q6K00445_N05
Q6K00445,Q6K00445_N05,Q6K00445_N07
Q6K00446,Q6K00446_N03,Q6K00446_N04
Q6K00446,Q6K00446_N03,Q6K00446_N05
Q6K00446,Q6K00446_N03,Q6K00446_N06
Q6K00446,Q6K00446_N03,Q6K00446_N07
Q6K00447,Q6K00447_N02,Q6K00447_N03
Q6K00447,Q6K00447_N03,Q6K00447_N06
Q6K00447,Q6K00447_N03,Q6K00447_N07
Q6K00447,Q6K00447_N04,Q6K00447_N07
Q6K00448,Q6K00448_N01,Q6K00448_N06
Q6K00448,Q6K00448_N03,Q6K00448_N07
Q6K00448,Q6K00448_N04,Q6K00448_N06
Q6K00448,Q6K00448_N04,Q6K00448_N07
Q6K00449,Q6K00449_N01,Q6K00449_N02
Q6K00449,Q6K00449_N02,Q6K00449_N03
Q6K00449,Q6K00449_N02,Q6K00449_N06
Q6K00449,Q6K00449_N03,Q6K00449_N07
Q6K00450,Q6K00450_N02,Q6K00450_N07
Q6K00450,Q6K00450_N03,Q6K00450_N05
Q6K00450,Q6K00450_N05,Q6K00450_N06
Q6K00450,Q6K00450_N05,Q6K00450_N07
Q6K00451,Q6K00451_N01,Q6K00451_N02
Q6K00451,Q6K00451_N02,Q6K00451_N06
Q6K00451,Q6K00451_N03,Q6K00451_N06
Q6K00451,Q6K00451_N04,Q6K00451_N06
Q6K00452,Q6K00452_N02,Q6K00452_N05
Q6K00452,Q6K00452_N04,Q6K00452_N05
Q6K00452,Q6K00452_N05,Q6K00452_N07
Q6K00452,Q6K00452_N06,Q6K00452_N07
Q6K00453,Q6K00453_N02,Q6K00453_N04
Q6K00453,Q6K00453_N02,Q6K00453_N07
Q6K00453,Q6K00453_N03,Q6K00453_N05
Q6K00453,Q6K00453_N03,Q6K00453_N07
Q6K00454,Q6K00454_N01,Q6K00454_N03
Q6K00454,Q6K00454_N02,Q6K00454_N03
Q6K00454,Q6K00454_N03,Q6K00454_N04
Q6K00454,Q6K00454_N03,Q6K00454_N05
Q6K00455,Q6K00455_N02,Q6K00455_N04
Q6K00455,Q6K00455_N04,Q6K00455_N05
Q6K00455,Q6K00455_N04,Q6K00455_N06
Q6K00455,Q6K00455_N06,Q6K00455_N07
Q6K00456,Q6K00456_N02,Q6K00456_N03
Q6K00456,Q6K00456_N02,Q6K00456_N05
Q6K00456,Q6K00456_N03,Q6K00456_N04
Q6K00456,Q6K00456_N03,Q6K00456_N06
Q6K00457,Q6K00457_N01,Q6K00457_N02
Q6K00457,Q6K00457_N02,Q6K00457_N03
Q6K00457,Q6K00457_N02,Q6K00457_N04
Q6K00457,Q6K00457_N04,Q6K00457_N06
Q6K00458,Q6K00458_N02,Q6K00458_N04
Q6K00458,Q6K00458_N02,Q6K00458_N06
Q6K00458,Q6K00458_N03,Q6K00458_N06
Q6K00458,Q6K00458_N04,Q6K00458_N05
Q6K00459,Q6K00459_N02,Q6K00459_N04
Q6K00459,Q6K00459_N04,Q6K00459_N05
Q6K00459,Q6K00459_N04,Q6K00459_N06
Q6K00459,Q6K00459_N04,Q6K00459_N07
Q6K00460,Q6K00460_N02,Q6K00460_N04
Q6K00460,Q6K00460_N02,Q6K00460_N05
Q6K00460,Q6K00460_N02,Q6K00460_N07
Q6K00460,Q6K00460_N03,Q6K00460_N05
Q6K00461,Q6K00461_N01,Q6K00461_N02
Q6K00461,Q6K00461_N02,Q6K00461_N03
Q6K00461,Q6K00461_N02,Q6K00461_N04
Q6K00461,Q6K00461_N02,Q6K00461_N06
Q6K00462,Q6K00462_N01,Q6K00462_N03
Q6K00462,Q6K00462_N02,Q6K00462_N03
Q6K00462,Q6K00462_N03,Q6K00462_N05
Q6K00462,Q6K00462_N03,Q6K00462_N07
Q6K00463,Q6K00463_N02,Q6K00463_N03
Q6K00463,Q6K00463_N03,Q6K00463_N06
Q6K00463,Q6K00463_N04,Q6K00463_N06
Q6K00463,Q6K00463_N06,Q6K00463_N07
Q6K00464,Q6K00464_N01,Q6K00464_N04
Q6K00464,Q6K00464_N02,Q6K00464_N04
Q6K00464,Q6K00464_N04,Q6K00464_N05
Q6K00464,Q6K00464_N04,Q6K00464_N06
Q6K00465,Q6K00465_N01,Q6K00465_N02
Q6K00465,Q6K00465_N02,Q6K00465_N04
Q6K00465,Q6K00465_N04,Q6K00465_N07
Q6K00465,Q6K00465_N06,Q6K00465_N07
Q6K00466,Q6K00466_N01,Q6K00466_N04
Q6K00466,Q6K00466_N02,Q6K00466_N04
Q6K00466,Q6K00466_N04,Q6K00466_N05
Q6K00466,Q6K00466_N04,Q6K00466_N06
Q6K00467,Q6K00467_N02,Q6K00467_N05
Q6K00467,Q6K00467_N04,Q6K00467_N05
Q6K00467,Q6K00467_N04,Q6K00467_N06
Q6K00467,Q6K00467_N04,Q6K00467_N07
Q6K00468,Q6K00468_N02,Q6K00468_N04
Q6K00468,Q6K00468_N03,Q6K00468_N04
Q6K00468,Q6K00468_N04,Q6K00468_N05
Q6K00468,Q6K00468_N04,Q6K00468_N06
Q6K00469,Q6K00469_N01,Q6K00469_N07
Q6K00469,Q6K00469_N02,Q6K00469_N07
Q6K00469,Q6K00469_N04,Q6K00469_N07
Q6K00469,Q6K00469_N05,Q6K00469_N07
Q6K00470,Q6K00470_N01,Q6K00470_N05
Q6K00470,Q6K00470_N02,Q6K00470_N03
Q6K00470,Q6K00470_N03,Q6K00470_N05
Q6K00470,Q6K00470_N05,Q6K00470_N07
Q6K00471,Q6K00471_N02,Q6K00471_N04
Q6K00471,Q6K00471_N02,Q6K00471_N06
Q6K00471,Q6K00471_N02,Q6K00471_N07
Q6K00471,Q6K00471_N03,Q6K00471_N04
Q6K00472,Q6K00472_N01,Q6K00472_N05
Q6K00472,Q6K00472_N02,Q6K00472_N04
Q6K00472,Q6K00472_N03,Q6K00472_N05
Q6K00472,Q6K00472_N04,Q6K00472_N05
Q6K00473,Q6K00473_N01,Q6K00473_N04
Q6K00473,Q6K00473_N03,Q6K00473_N05
Q6K00473,Q6K00473_N04,Q6K00473_N05
Q6K00473,Q6K00473_N05,Q6K00473_N07
Q6K00474,Q6K00474_N01,Q6K00474_N04
Q6K00474,Q6K00474_N01,Q6K00474_N07
Q6K00474,Q6K00474_N03,Q6K00474_N07
Q6K00474,Q6K00474_N05,Q6K00474_N07
Q6K00475,Q6K00475_N01,Q6K00475_N02
Q6K00475,Q6K00475_N02,Q6K00475_N04
Q6K00475,Q6K00475_N02,Q6K00475_N05
Q6K00475,Q6K00475_N03,Q6K00475_N05
Q6K00476,Q6K00476_N01,Q6K00476_N05
Q6K00476,Q6K00476_N02,Q6K00476_N05
Q6K00476,Q6K00476_N05,Q6K00476_N06
Q6K00476,Q6K00476_N05,Q6K00476_N07
Q6K00477,Q6K00477_N01,Q6K00477_N07
Q6K00477,Q6K00477_N04,Q6K00477_N06
Q6K00477,Q6K00477_N05,Q6K00477_N06
Q6K00477,Q6K00477_N06,Q6K00477_N07
Q6K00478,Q6K00478_N01,Q6K00478_N06
Q6K00478,Q6K00478_N01,Q6K00478_N07
Q6K00478,Q6K00478_N03,Q6K00478_N06
Q6K00478,Q6K00478_N04,Q6K00478_N06
Q6K00479,Q6K00479_N01,Q6K00479_N02
Q6K00479,Q6K00479_N01,Q6K00479_N04
Q6K00479,Q6K00479_N02,Q6K00479_N06
Q6K00479,Q6K00479_N04,Q6K00479_N05
Q6K00480,Q6K00480_N01,Q6K00480_N02
Q6K00480,Q6K00480_N02,Q6K00480_N04
Q6K00480,Q6K00480_N03,Q6K00480_N04
Q6K00480,Q6K00480_N04,Q6K00480_N06
Q6K00481,Q6K00481_N03,Q6K00481_N06
Q6K00481,Q6K00481_N03,Q6K00481_N07
Q6K00481,Q6K00481_N04,Q6K00481_N05
Q6K00481,Q6K00481_N04,Q6K00481_N07
Q6K00481,Q6K00481_N06,Q6K00481_N07
Q6K00482,Q6K00482_N01,Q6K00482_N05
Q6K00482,Q6K00482_N03,Q6K00482_N07
Q6K00482,Q6K00482_N05,Q6K00482_N07
Q6K00482,Q6K00482_N06,Q6K00482_N07
Q6K00483,Q6K00483_N01,Q6K00483_N03
Q6K00483,Q6K00483_N01,Q6K00483_N04
Q6K00483,Q6K00483_N01,Q6K00483_N07
Q6K00483,Q6K00483_N03,Q6K00483_N07
Q6K00483,Q6K00483_N04,Q6K00483_N07
Q6K00483,Q6K00483_N06,Q6K00483_N07
Q6K00484,Q6K00484_N01,Q6K00484_N04
Q6K00484,Q6K00484_N01,Q6K00484_N05
Q6K00484,Q6K00484_N01,Q6K00484_N06
Q6K00484,Q6K00484_N02,Q6K00484_N04
Q6K00484,Q6K00484_N02,Q6K00484_N05
Q6K00484,Q6K00484_N02,Q6K00484_N06
Q6K00485,Q6K00485_N01,Q6K00485_N02
Q6K00485,Q6K00485_N01,Q6K00485_N05
Q6K00485,Q6K00485_N02,Q6K00485_N05
Q6K00485,Q6K00485_N02,Q6K00485_N07
Q6K00485,Q6K00485_N04,Q6K00485_N07
Q6K00486,Q6K00486_N02,Q6K00486_N07
Q6K00486,Q6K00486_N03,Q6K00486_N04
Q6K00486,Q6K00486_N03,Q6K00486_N07
Q6K00486,Q6K00486_N06,Q6K00486_N07
Q6K00487,Q6K00487_N01,Q6K00487_N04
Q6K00487,Q6K00487_N01,Q6K00487_N06
Q6K00487,Q6K00487_N02,Q6K00487_N04
Q6K00487,Q6K00487_N04,Q6K00487_N06
Q6K00487,Q6K00487_N04,Q6K00487_N07
Q6K00488,Q6K00488_N01,Q6K00488_N02
Q6K00488,Q6K00488_N02,Q6K00488_N05
Q6K00488,Q6K00488_N02,Q6K00488_N07
Q6K00488,Q6K00488_N04,Q6K00488_N07
Q6K00489,Q6K00489_N01,Q6K00489_N03
Q6K00489,Q6K00489_N01,Q6K00489_N04
Q6K00489,Q6K00489_N01,Q6K00489_N05
Q6K00489,Q6K00489_N01,Q6K00489_N07
Q6K00490,Q6K00490_N01,Q6K00490_N03
Q6K00490,Q6K00490_N01,Q6K00490_N04
Q6K00490,Q6K00490_N01,Q6K00490_N05
Q6K00490,Q6K00490_N05,Q6K00490_N07
Q6K00491,Q6K00491_N03,Q6K00491_N04
Q6K00491,Q6K00491_N04,Q6K00491_N06
Q6K00491,Q6K00491_N04,Q6K00491_N07
Q6K00491,Q6K00491_N05,Q6K00491_N07
Q6K00492,Q6K00492_N01,Q6K00492_N06
Q6K00492,Q6K00492_N03,Q6K00492_N06
Q6K00492,Q6K00492_N05,Q6K00492_N06
Q6K00492,Q6K00492_N06,Q6K00492_N07
Q6K00493,Q6K00493_N01,Q6K00493_N05
Q6K00493,Q6K00493_N01,Q6K00493_N06
Q6K00493,Q6K00493_N04,Q6K00493_N05
Q6K00493,Q6K00493_N04,Q6K00493_N07
Q6K00493,Q6K00493_N05,Q6K00493_N06
Q6K00493,Q6K00493_N06,Q6K00493_N07
Q6K00494,Q6K00494_N02,Q6K00494_N05
Q6K00494,Q6K00494_N02,Q6K00494_N07
Q6K00494,Q6K00494_N03,Q6K00494_N04
Q6K00494,Q6K00494_N04,Q6K00494_N05
Q6K00495,Q6K00495_N01,Q6K00495_N04
Q6K00495,Q6K00495_N02,Q6K00495_N03
Q6K00495,Q6K00495_N02,Q6K00495_N04
Q6K00495,Q6K00495_N03,Q6K00495_N04
Q6K00495,Q6K00495_N03,Q6K00495_N05
Q6K00496,Q6K00496_N01,Q6K00496_N03
Q6K00496,Q6K00496_N03,Q6K00496_N05
Q6K00496,Q6K00496_N04,Q6K00496_N05
Q6K00496,Q6K00496_N05,Q6K00496_N06
Q6K00497,Q6K00497_N01,Q6K00497_N03
Q6K00497,Q6K00497_N01,Q6K00497_N07
Q6K00497,Q6K00497_N02,Q6K00497_N03
Q6K00497,Q6K00497_N02,Q6K00497_N07
Q6K00497,Q6K00497_N03,Q6K00497_N07
Q6K00497,Q6K00497_N04,Q6K00497_N07
Q6K00498,Q6K00498_N01,Q6K00498_N06
Q6K00498,Q6K00498_N03,Q6K00498_N06
Q6K00498,Q6K00498_N03,Q6K00498_N07
Q6K00498,Q6K00498_N04,Q6K00498_N06
Q6K00498,Q6K00498_N06,Q6K00498_N07
Q6K00499,Q6K00499_N02,Q6K00499_N06
Q6K00499,Q6K00499_N02,Q6K00499_N07
Q6K00499,Q6K00499_N03,Q6K00499_N06
Q6K00499,Q6K00499_N04,Q6K00499_N06
Q6K00500,Q6K00500_N02,Q6K00500_N07
Q6K00500,Q6K00500_N03,Q6K00500_N07
Q6K00500,Q6K00500_N04,Q6K00500_N07
Q6K00500,Q6K00500_N05,Q6K00500_N07
Q6K00501,Q6K00501_N01,Q6K00501_N05
Q6K00501,Q6K00501_N01,Q6K00501_N06
Q6K00501,Q6K00501_N02,Q6K00501_N06
Q6K00501,Q6K00501_N05,Q6K00501_N06
Q6K00501,Q6K00501_N06,Q6K00501_N07
Q6K00502,Q6K00502_N01,Q6K00502_N04
Q6K00502,Q6K00502_N03,Q6K00502_N07
Q6K00502,Q6K00502_N04,Q6K00502_N07
Q6K00502,Q6K00502_N06,Q6K00502_N07
Q6K00503,Q6K00503_N01,Q6K00503_N05
Q6K00503,Q6K00503_N02,Q6K00503_N05
Q6K00503,Q6K00503_N03,Q6K00503_N04
Q6K00503,Q6K00503_N03,Q6K00503_N05
Q6K00503,Q6K00503_N04,Q6K00503_N05
Q6K00504,Q6K00504_N01,Q6K00504_N06
Q6K00504,Q6K00504_N02,Q6K00504_N06
Q6K00504,Q6K00504_N04,Q6K00504_N06
Q6K00504,Q6K00504_N06,Q6K00504_N07
Q6K00505,Q6K00505_N01,Q6K00505_N03
Q6K00505,Q6K00505_N02,Q6K00505_N03
Q6K00505,Q6K00505_N03,Q6K00505_N04
Q6K00505,Q6K00505_N03,Q6K00505_N05
Q6K00506,Q6K00506_N02,Q6K00506_N03
Q6K00506,Q6K00506_N02,Q6K00506_N04
Q6K00506,Q6K00506_N02,Q6K00506_N07
Q6K00506,Q6K00506_N06,Q6K00506_N07
Q6K00507,Q6K00507_N03,Q6K00507_N04
Q6K00507,Q6K00507_N03,Q6K00507_N05
Q6K00507,Q6K00507_N04,Q6K00507_N06
Q6K00507,Q6K00507_N04,Q6K00507_N07
Q6K00507,Q6K00507_N05,Q6K00507_N06
Q6K00507,Q6K00507_N05,Q6K00507_N07
Q6K00508,Q6K00508_N02,Q6K00508_N05
Q6K00508,Q6K00508_N03,Q6K00508_N05
Q6K00508,Q6K00508_N05,Q6K00508_N06
Q6K00508,Q6K00508_N06,Q6K00508_N07
Q6K00509,Q6K00509_N02,Q6K00509_N04
Q6K00509,Q6K00509_N03,Q6K00509_N06
Q6K00509,Q6K00509_N03,Q6K00509_N07
Q6K00509,Q6K00509_N04,Q6K00509_N06
Q6K00509,Q6K00509_N04,Q6K00509_N07
Q6K00510,Q6K00510_N01,Q6K00510_N06
Q6K00510,Q6K00510_N03,Q6K00510_N06
Q6K00510,Q6K00510_N04,Q6K00510_N07
Q6K00510,Q6K00510_N06,Q6K00510_N07
Q6K00511,Q6K00511_N01,Q6K00511_N05
Q6K00511,Q6K00511_N03,Q6K00511_N05
Q6K00511,Q6K00511_N04,Q6K00511_N05
Q6K00511,Q6K00511_N04,Q6K00511_N06
Q6K00511,Q6K00511_N05,Q6K00511_N06
Q6K00512,Q6K00512_N02,Q6K00512_N04
Q6K00512,Q6K00512_N03,Q6K00512_N04
Q6K00512,Q6K00512_N04,Q6K00512_N05
Q6K00512,Q6K00512_N04,Q6K00512_N06
Q6K00513,Q6K00513_N01,Q6K00513_N03
Q6K00513,Q6K00513_N01,Q6K00513_N04
Q6K00513,Q6K00513_N01,Q6K00513_N06
Q6K00513,Q6K00513_N01,Q6K00513_N07
Q6K00513,Q6K00513_N04,Q6K00513_N07
Q6K00514,Q6K00514_N01,Q6K00514_N07
Q6K00514,Q6K00514_N03,Q6K00514_N07
Q6K00514,Q6K00514_N04,Q6K00514_N07
Q6K00514,Q6K00514_N06,Q6K00514_N07
Q6K00515,Q6K00515_N01,Q6K00515_N02
Q6K00515,Q6K00515_N02,Q6K00515_N03
Q6K00515,Q6K00515_N02,Q6K00515_N04
Q6K00515,Q6K00515_N04,Q6K00515_N05
Q6K00516,Q6K00516_N01,Q6K00516_N02
Q6K00516,Q6K00516_N02,Q6K00516_N06
Q6K00516,Q6K00516_N02,Q6K00516_N07
Q6K00516,Q6K00516_N03,Q6K00516_N07
Q6K00517,Q6K00517_N01,Q6K00517_N03
Q6K00517,Q6K00517_N03,Q6K00517_N04
Q6K00517,Q6K00517_N03,Q6K00517_N05
Q6K00517,Q6K00517_N03,Q6K00517_N07
Q6K00518,Q6K00518_N01,Q6K00518_N02
Q6K00518,Q6K00518_N01,Q6K00518_N06
Q6K00518,Q6K00518_N02,Q6K00518_N06
Q6K00518,Q6K00518_N03,Q6K00518_N05
Q6K00518,Q6K00518_N05,Q6K00518_N06
Q6K00519,Q6K00519_N01,Q6K00519_N03
Q6K00519,Q6K00519_N01,Q6K00519_N05
Q6K00519,Q6K00519_N01,Q6K00519_N06
Q6K00519,Q6K00519_N02,Q6K00519_N06
Q6K00519,Q6K00519_N03,Q6K00519_N06
Q6K00520,Q6K00520_N02,Q6K00520_N03
Q6K00520,Q6K00520_N02,Q6K00520_N06
Q6K00520,Q6K00520_N05,Q6K00520_N06
Q6K00520,Q6K00520_N06,Q6K00520_N07
Q6K00521,Q6K00521_N01,Q6K00521_N06
Q6K00521,Q6K00521_N03,Q6K00521_N04
Q6K00521,Q6K00521_N03,Q6K00521_N06
Q6K00521,Q6K00521_N04,Q6K00521_N06
Q6K00521,Q6K00521_N06,Q6K00521_N07
Q6K00522,Q6K00522_N01,Q6K00522_N03
Q6K00522,Q6K00522_N01,Q6K00522_N07
Q6K00522,Q6K00522_N02,Q6K00522_N03
Q6K00522,Q6K00522_N03,Q6K00522_N05
Q6K00523,Q6K00523_N01,Q6K00523_N05
Q6K00523,Q6K00523_N03,Q6K00523_N05
Q6K00523,Q6K00523_N04,Q6K00523_N05
Q6K00523,Q6K00523_N05,Q6K00523_N06
Q6K00524,Q6K00524_N01,Q6K00524_N03
Q6K00524,Q6K00524_N02,Q6K00524_N03
Q6K00524,Q6K00524_N02,Q6K00524_N04
Q6K00524,Q6K00524_N02,Q6K00524_N07
Q6K00525,Q6K00525_N02,Q6K00525_N03
Q6K00525,Q6K00525_N02,Q6K00525_N07
Q6K00525,Q6K00525_N03,Q6K00525_N05
Q6K00525,Q6K00525_N03,Q6K00525_N06
Q6K00525,Q6K00525_N03,Q6K00525_N07
Q6K00526,Q6K00526_N02,Q6K00526_N07
Q6K00526,Q6K00526_N03,Q6K00526_N06
Q6K00526,Q6K00526_N04,Q6K00526_N06
Q6K00526,Q6K00526_N04,Q6K00526_N07
Q6K00526,Q6K00526_N06,Q6K00526_N07
Q6K00527,Q6K00527_N02,Q6K00527_N04
Q6K00527,Q6K00527_N02,Q6K00527_N06
Q6K00527,Q6K00527_N03,Q6K00527_N04
Q6K00527,Q6K00527_N04,Q6K00527_N06
Q6K00527,Q6K00527_N04,Q6K00527_N07
Q6K00528,Q6K00528_N01,Q6K00528_N02
Q6K00528,Q6K00528_N01,Q6K00528_N04
Q6K00528,Q6K00528_N01,Q6K00528_N05
Q6K00528,Q6K00528_N01,Q6K00528_N06
Q6K00528,Q6K00528_N02,Q6K00528_N04
Q6K00528,Q6K00528_N02,Q6K00528_N05
Q6K00529,Q6K00529_N01,Q6K00529_N02
Q6K00529,Q6K00529_N01,Q6K00529_N07
Q6K00529,Q6K00529_N02,Q6K00529_N05
Q6K00529,Q6K00529_N03,Q6K00529_N05
Q6K00530,Q6K00530_N01,Q6K00530_N03
Q6K00530,Q6K00530_N01,Q6K00530_N04
Q6K00530,Q6K00530_N01,Q6K00530_N06
Q6K00530,Q6K00530_N04,Q6K00530_N07
Q6K00531,Q6K00531_N01,Q6K00531_N03
Q6K00531,Q6K00531_N01,Q6K00531_N04
Q6K00531,Q6K00531_N01,Q6K00531_N05
Q6K00531,Q6K00531_N01,Q6K00531_N06
Q6K00532,Q6K00532_N01,Q6K00532_N02
Q6K00532,Q6K00532_N01,Q6K00532_N03
Q6K00532,Q6K00532_N01,Q6K00532_N05
Q6K00532,Q6K00532_N02,Q6K00532_N05
Q6K00532,Q6K00532_N03,Q6K00532_N07
Q6K00533,Q6K00533_N02,Q6K00533_N06
Q6K00533,Q6K00533_N03,Q6K00533_N05
Q6K00533,Q6K00533_N04,Q6K00533_N05
Q6K00533,Q6K00533_N05,Q6K00533_N06
Q6K00534,Q6K00534_N02,Q6K00534_N04
Q6K00534,Q6K00534_N04,Q6K00534_N05
Q6K00534,Q6K00534_N04,Q6K00534_N06
Q6K00534,Q6K00534_N06,Q6K00534_N07
Q6K00535,Q6K00535_N01,Q6K00535_N02
Q6K00535,Q6K00535_N02,Q6K00535_N04
Q6K00535,Q6K00535_N02,Q6K00535_N06
Q6K00535,Q6K00535_N03,Q6K00535_N04
Q6K00536,Q6K00536_N01,Q6K00536_N07
Q6K00536,Q6K00536_N02,Q6K00536_N07
Q6K00536,Q6K00536_N03,Q6K00536_N07
Q6K00536,Q6K00536_N06,Q6K00536_N07
Q6K00537,Q6K00537_N01,Q6K00537_N03
Q6K00537,Q6K00537_N01,Q6K00537_N05
Q6K00537,Q6K00537_N01,Q6K00537_N06
Q6K00537,Q6K00537_N01,Q6K00537_N07
Q6K00538,Q6K00538_N02,Q6K00538_N06
Q6K00538,Q6K00538_N03,Q6K00538_N06
Q6K00538,Q6K00538_N04,Q6K00538_N05
Q6K00538,Q6K00538_N04,Q6K00538_N06
Q6K00538,Q6K00538_N05,Q6K00538_N06
Q6K00539,Q6K00539_N01,Q6K00539_N06
Q6K00539,Q6K00539_N02,Q6K00539_N04
Q6K00539,Q6K00539_N04,Q6K00539_N06
Q6K00539,Q6K00539_N06,Q6K00539_N07
Q6K00540,Q6K00540_N01,Q6K00540_N03
Q6K00540,Q6K00540_N03,Q6K00540_N04
Q6K00540,Q6K00540_N03,Q6K00540_N06
Q6K00540,Q6K00540_N04,Q6K00540_N07
