query_id,scenario,k_true,phase7h_k_pred,server_k_pred,parent_set_match,k_match,selected_subset_match,candidate_pool_match,component_matches,component_expected,all_components_match,full_query_match,client_roundtrip_ms,server_internal_total_ms
Q6K00181,TEST_KNOWN_K1,1,1,1,True,True,True,True,7,7,True,True,124.08969999887631,1.1404
Q6K00182,TEST_KNOWN_K1,1,2,2,True,True,True,True,7,7,True,True,30.609400000685127,0.983
Q6K00183,TEST_KNOWN_K1,1,2,2,True,True,True,True,7,7,True,True,44.529200000397395,1.0978
Q6K00184,TEST_KNOWN_K1,1,2,2,True,True,True,True,7,7,True,True,33.733599997503916,0.9899
Q6K00185,TEST_KNOWN_K1,1,2,2,True,True,True,True,7,7,True,True,11.940799999138108,0.9124
Q6K00186,TEST_KNOWN_K1,1,1,1,True,True,True,True,7,7,True,True,12.064000002283137,0.9407
Q6K00187,TEST_KNOWN_K1,1,1,1,True,True,True,True,7,7,True,True,38.75830000106362,0.9412
Q6K00188,TEST_KNOWN_K1,1,3,3,True,True,True,True,7,7,True,True,12.19889999993029,0.9422
Q6K00189,TEST_KNOWN_K1,1,1,1,True,True,True,True,7,7,True,True,12.132600000768434,0.9377
Q6K00190,TEST_KNOWN_K1,1,2,2,True,True,True,True,7,7,True,True,12.221200002386468,1.1468
Q6K00191,TEST_KNOWN_K1,1,1,1,True,True,True,True,7,7,True,True,34.27229999942938,1.0555
Q6K00192,TEST_KNOWN_K1,1,2,2,True,True,True,True,7,7,True,True,30.07889999935287,0.9414
Q6K00193,TEST_KNOWN_K1,1,2,2,True,True,True,True,7,7,True,True,11.118999998871004,0.9879
Q6K00194,TEST_KNOWN_K1,1,1,1,True,True,True,True,7,7,True,True,34.27500000179862,0.9293
Q6K00195,TEST_KNOWN_K1,1,1,1,True,True,True,True,7,7,True,True,30.75899999748799,0.9333
Q6K00196,TEST_KNOWN_K1,1,1,1,True,True,True,True,7,7,True,True,12.01980000041658,1.1272
Q6K00197,TEST_KNOWN_K1,1,2,2,True,True,True,True,7,7,True,True,12.027500000840519,1.0837
Q6K00198,TEST_KNOWN_K1,1,1,1,True,True,True,True,7,7,True,True,12.072500001522712,1.0331
Q6K00199,TEST_KNOWN_K1,1,2,2,True,True,True,True,7,7,True,True,11.509899999509798,0.969
Q6K00200,TEST_KNOWN_K1,1,2,2,True,True,True,True,7,7,True,True,28.355700000247452,0.8755
Q6K00201,TEST_KNOWN_K1,1,2,2,True,True,True,True,7,7,True,True,11.680399999022484,0.9062
Q6K00202,TEST_KNOWN_K1,1,2,2,True,True,True,True,7,7,True,True,12.239600000611972,0.9124
Q6K00203,TEST_KNOWN_K1,1,2,2,True,True,True,True,7,7,True,True,35.209899997425964,1.0228
Q6K00204,TEST_KNOWN_K1,1,2,2,True,True,True,True,7,7,True,True,32.88629999951809,1.0934
Q6K00205,TEST_KNOWN_K1,1,2,2,True,True,True,True,7,7,True,True,11.5215999976499,0.944
Q6K00206,TEST_KNOWN_K1,1,2,2,True,True,True,True,7,7,True,True,12.324200000875862,0.9692
Q6K00207,TEST_KNOWN_K1,1,1,1,True,True,True,True,7,7,True,True,13.032500002736924,0.9657
Q6K00208,TEST_KNOWN_K1,1,3,3,True,True,True,True,7,7,True,True,35.364000003028195,0.9352
Q6K00209,TEST_KNOWN_K1,1,2,2,True,True,True,True,7,7,True,True,12.021999998978572,0.9195
Q6K00210,TEST_KNOWN_K1,1,2,2,True,True,True,True,7,7,True,True,12.3901000006299,0.899
Q6K00211,TEST_KNOWN_K1,1,1,1,True,True,True,True,7,7,True,True,39.05680000025313,0.919
Q6K00212,TEST_KNOWN_K1,1,2,2,True,True,True,True,7,7,True,True,11.813299999630544,0.9399
Q6K00213,TEST_KNOWN_K1,1,2,2,True,True,True,True,7,7,True,True,28.921599998284364,0.9721
Q6K00214,TEST_KNOWN_K1,1,2,2,True,True,True,True,7,7,True,True,30.55049999966286,1.0287
Q6K00215,TEST_KNOWN_K1,1,1,1,True,True,True,True,7,7,True,True,30.96949999962817,0.9943
Q6K00216,TEST_KNOWN_K1,1,2,2,True,True,True,True,7,7,True,True,30.026899999938905,0.8584
Q6K00217,TEST_KNOWN_K1,1,2,2,True,True,True,True,7,7,True,True,29.14740000051097,0.8814
Q6K00218,TEST_KNOWN_K1,1,2,2,True,True,True,True,7,7,True,True,11.684200002491707,0.877
Q6K00219,TEST_KNOWN_K1,1,2,2,True,True,True,True,7,7,True,True,34.62740000031772,0.8949
Q6K00220,TEST_KNOWN_K1,1,1,1,True,True,True,True,7,7,True,True,29.83459999813931,0.9287
Q6K00221,TEST_KNOWN_K1,1,2,2,True,True,True,True,7,7,True,True,30.16589999970165,1.0206
Q6K00222,TEST_KNOWN_K1,1,1,1,True,True,True,True,7,7,True,True,11.720000002242159,0.9207
Q6K00223,TEST_KNOWN_K1,1,1,1,True,True,True,True,7,7,True,True,12.146799999754876,0.9846
Q6K00224,TEST_KNOWN_K1,1,2,2,True,True,True,True,7,7,True,True,36.235000003216555,0.9302
Q6K00225,TEST_KNOWN_K1,1,1,1,True,True,True,True,7,7,True,True,30.0937999963935,0.9475
Q6K00226,TEST_KNOWN_K1,1,2,2,True,True,True,True,7,7,True,True,29.896899999585003,0.9238
Q6K00227,TEST_KNOWN_K1,1,2,2,True,True,True,True,7,7,True,True,29.74280000125873,0.8688
Q6K00228,TEST_KNOWN_K1,1,2,2,True,True,True,True,7,7,True,True,12.740199999825563,0.9308
Q6K00229,TEST_KNOWN_K1,1,1,1,True,True,True,True,7,7,True,True,11.937300001591211,0.9584
Q6K00230,TEST_KNOWN_K1,1,2,2,True,True,True,True,7,7,True,True,11.682399999699555,0.8933
Q6K00231,TEST_KNOWN_K1,1,3,3,True,True,True,True,7,7,True,True,23.46889999898849,0.9659
Q6K00232,TEST_KNOWN_K1,1,2,2,True,True,True,True,7,7,True,True,12.318000000959728,0.9782
Q6K00233,TEST_KNOWN_K1,1,2,2,True,True,True,True,7,7,True,True,11.806899998191511,0.8626
Q6K00234,TEST_KNOWN_K1,1,2,2,True,True,True,True,7,7,True,True,12.554000000818633,1.02
Q6K00235,TEST_KNOWN_K1,1,2,2,True,True,True,True,7,7,True,True,22.86370000001625,0.8913
Q6K00236,TEST_KNOWN_K1,1,2,2,True,True,True,True,7,7,True,True,11.849999998958083,0.881
Q6K00237,TEST_KNOWN_K1,1,2,2,True,True,True,True,7,7,True,True,33.56490000078338,0.9279
Q6K00238,TEST_KNOWN_K1,1,3,3,True,True,True,True,7,7,True,True,29.269500002556015,1.0285
Q6K00239,TEST_KNOWN_K1,1,2,2,True,True,True,True,7,7,True,True,30.419200000324054,0.8978
Q6K00240,TEST_KNOWN_K1,1,2,2,True,True,True,True,7,7,True,True,12.735899999825051,1.0161
Q6K00241,TEST_KNOWN_K2,2,3,3,True,True,True,True,7,7,True,True,11.471199999505188,0.8756
Q6K00242,TEST_KNOWN_K2,2,2,2,True,True,True,True,7,7,True,True,12.081400000170106,1.0677
Q6K00243,TEST_KNOWN_K2,2,3,3,True,True,True,True,7,7,True,True,12.582100000145147,0.8935
Q6K00244,TEST_KNOWN_K2,2,3,3,True,True,True,True,7,7,True,True,23.940200000652112,0.9765
Q6K00245,TEST_KNOWN_K2,2,2,2,True,True,True,True,7,7,True,True,29.02149999863468,0.9293
Q6K00246,TEST_KNOWN_K2,2,3,3,True,True,True,True,7,7,True,True,30.9573000013188,0.9304
Q6K00247,TEST_KNOWN_K2,2,2,2,True,True,True,True,7,7,True,True,12.473300001147436,1.0039
Q6K00248,TEST_KNOWN_K2,2,3,3,True,True,True,True,7,7,True,True,13.920199999120086,0.9422
Q6K00249,TEST_KNOWN_K2,2,2,2,True,True,True,True,7,7,True,True,13.109400002576876,0.9651
Q6K00250,TEST_KNOWN_K2,2,3,3,True,True,True,True,7,7,True,True,11.795700000220677,0.9027
Q6K00251,TEST_KNOWN_K2,2,3,3,True,True,True,True,7,7,True,True,11.91599999947357,1.2632
Q6K00252,TEST_KNOWN_K2,2,2,2,True,True,True,True,7,7,True,True,25.36070000132895,1.0187
Q6K00253,TEST_KNOWN_K2,2,3,3,True,True,True,True,7,7,True,True,32.58339999956661,1.0723
Q6K00254,TEST_KNOWN_K2,2,3,3,True,True,True,True,7,7,True,True,11.31119999990915,1.0218
Q6K00255,TEST_KNOWN_K2,2,2,2,True,True,True,True,7,7,True,True,30.355899998539826,0.8859
Q6K00256,TEST_KNOWN_K2,2,3,3,True,True,True,True,7,7,True,True,31.106799997360213,1.0035
Q6K00257,TEST_KNOWN_K2,2,3,3,True,True,True,True,7,7,True,True,11.641299999610055,0.8962
Q6K00258,TEST_KNOWN_K2,2,3,3,True,True,True,True,7,7,True,True,33.20199999870965,0.9401
Q6K00259,TEST_KNOWN_K2,2,2,2,True,True,True,True,7,7,True,True,12.287900000956142,0.9638
Q6K00260,TEST_KNOWN_K2,2,3,3,True,True,True,True,7,7,True,True,11.614099999860628,0.8891
Q6K00261,TEST_KNOWN_K2,2,2,2,True,True,True,True,7,7,True,True,44.97370000171941,1.3147
Q6K00262,TEST_KNOWN_K2,2,3,3,True,True,True,True,7,7,True,True,11.625999999523629,1.001
Q6K00263,TEST_KNOWN_K2,2,3,3,True,True,True,True,7,7,True,True,25.429900000744965,0.952
Q6K00264,TEST_KNOWN_K2,2,2,2,True,True,True,True,7,7,True,True,11.493400001199916,0.9501
Q6K00265,TEST_KNOWN_K2,2,2,2,True,True,True,True,7,7,True,True,33.334200001263525,0.9241
Q6K00266,TEST_KNOWN_K2,2,3,3,True,True,True,True,7,7,True,True,30.196800002158852,0.8853
Q6K00267,TEST_KNOWN_K2,2,2,2,True,True,True,True,7,7,True,True,29.274299999087816,0.9541
Q6K00268,TEST_KNOWN_K2,2,2,2,True,True,True,True,7,7,True,True,30.552000000170665,0.9898
Q6K00269,TEST_KNOWN_K2,2,2,2,True,True,True,True,7,7,True,True,13.521000000764616,1.0332
Q6K00270,TEST_KNOWN_K2,2,3,3,True,True,True,True,7,7,True,True,12.162300001364201,1.0266
Q6K00271,TEST_KNOWN_K2,2,3,3,True,True,True,True,7,7,True,True,34.86880000127712,0.9349
Q6K00272,TEST_KNOWN_K2,2,2,2,True,True,True,True,7,7,True,True,29.743799997959286,1.0196
Q6K00273,TEST_KNOWN_K2,2,3,3,True,True,True,True,7,7,True,True,11.54550000137533,0.9292
Q6K00274,TEST_KNOWN_K2,2,3,3,True,True,True,True,7,7,True,True,11.457399999926565,0.8972
Q6K00275,TEST_KNOWN_K2,2,3,3,True,True,True,True,7,7,True,True,11.239899999054614,1.0242
Q6K00276,TEST_KNOWN_K2,2,2,2,True,True,True,True,7,7,True,True,25.069700001040474,0.929
Q6K00277,TEST_KNOWN_K2,2,2,2,True,True,True,True,7,7,True,True,11.701200000970857,0.9739
Q6K00278,TEST_KNOWN_K2,2,3,3,True,True,True,True,7,7,True,True,11.222100001759827,0.8817
Q6K00279,TEST_KNOWN_K2,2,2,2,True,True,True,True,7,7,True,True,22.180400002980605,0.8969
Q6K00280,TEST_KNOWN_K2,2,3,3,True,True,True,True,7,7,True,True,11.809899999207119,0.95
Q6K00281,TEST_KNOWN_K2,2,3,3,True,True,True,True,7,7,True,True,11.58930000019609,0.9034
Q6K00282,TEST_KNOWN_K2,2,3,3,True,True,True,True,7,7,True,True,39.57530000116094,0.9625
Q6K00283,TEST_KNOWN_K2,2,3,3,True,True,True,True,7,7,True,True,27.916500002902467,0.905
Q6K00284,TEST_KNOWN_K2,2,3,3,True,True,True,True,7,7,True,True,30.757199998333817,0.9169
Q6K00285,TEST_KNOWN_K2,2,2,2,True,True,True,True,7,7,True,True,11.56309999714722,0.9242
Q6K00286,TEST_KNOWN_K2,2,3,3,True,True,True,True,7,7,True,True,12.290400001802482,0.9484
Q6K00287,TEST_KNOWN_K2,2,3,3,True,True,True,True,7,7,True,True,36.208900000929134,0.9802
Q6K00288,TEST_KNOWN_K2,2,2,2,True,True,True,True,7,7,True,True,11.167299999215174,0.9959
Q6K00289,TEST_KNOWN_K2,2,2,2,True,True,True,True,7,7,True,True,33.32799999770941,0.9641
Q6K00290,TEST_KNOWN_K2,2,3,3,True,True,True,True,7,7,True,True,11.646599999949103,0.8888
Q6K00291,TEST_KNOWN_K2,2,3,3,True,True,True,True,7,7,True,True,37.26889999961713,0.9257
Q6K00292,TEST_KNOWN_K2,2,2,2,True,True,True,True,7,7,True,True,11.101700001745485,0.8958
Q6K00293,TEST_KNOWN_K2,2,2,2,True,True,True,True,7,7,True,True,11.459400000603637,0.9698
Q6K00294,TEST_KNOWN_K2,2,3,3,True,True,True,True,7,7,True,True,11.437600001954706,0.9741
Q6K00295,TEST_KNOWN_K2,2,3,3,True,True,True,True,7,7,True,True,11.046200001146644,0.9703
Q6K00296,TEST_KNOWN_K2,2,3,3,True,True,True,True,7,7,True,True,27.63279999999213,0.845
Q6K00297,TEST_KNOWN_K2,2,2,2,True,True,True,True,7,7,True,True,30.22719999717083,0.8217
Q6K00298,TEST_KNOWN_K2,2,3,3,True,True,True,True,7,7,True,True,11.52130000264151,0.9678
Q6K00299,TEST_KNOWN_K2,2,3,3,True,True,True,True,7,7,True,True,11.542300002474803,0.8806
Q6K00300,TEST_KNOWN_K2,2,3,3,True,True,True,True,7,7,True,True,21.357600002374966,0.8944
Q6K00301,TEST_KNOWN_K3,3,2,2,True,True,True,True,7,7,True,True,11.126800000056392,0.9582
Q6K00302,TEST_KNOWN_K3,3,4,4,True,True,True,True,7,7,True,True,10.962000000290573,0.9316
Q6K00303,TEST_KNOWN_K3,3,4,4,True,True,True,True,7,7,True,True,23.7643999971624,0.9689
Q6K00304,TEST_KNOWN_K3,3,4,4,True,True,True,True,7,7,True,True,30.72959999917657,0.913
Q6K00305,TEST_KNOWN_K3,3,3,3,True,True,True,True,7,7,True,True,30.075700000452343,0.9888
Q6K00306,TEST_KNOWN_K3,3,4,4,True,True,True,True,7,7,True,True,11.94259999829228,0.889
Q6K00307,TEST_KNOWN_K3,3,4,4,True,True,True,True,7,7,True,True,11.175199997524032,1.0303
Q6K00308,TEST_KNOWN_K3,3,2,2,True,True,True,True,7,7,True,True,11.860599999636179,1.6923
Q6K00309,TEST_KNOWN_K3,3,3,3,True,True,True,True,7,7,True,True,24.294799997733207,1.0432
Q6K00310,TEST_KNOWN_K3,3,3,3,True,True,True,True,7,7,True,True,38.41459999966901,1.3887
Q6K00311,TEST_KNOWN_K3,3,4,4,True,True,True,True,7,7,True,True,24.82589999999618,0.8894
Q6K00312,TEST_KNOWN_K3,3,4,4,True,True,True,True,7,7,True,True,30.83100000003469,0.998
Q6K00313,TEST_KNOWN_K3,3,4,4,True,True,True,True,7,7,True,True,11.272400002781069,0.9824
Q6K00314,TEST_KNOWN_K3,3,4,4,True,True,True,True,7,7,True,True,10.927499999525025,0.9367
Q6K00315,TEST_KNOWN_K3,3,3,3,True,True,True,True,7,7,True,True,37.76309999739169,0.8874
Q6K00316,TEST_KNOWN_K3,3,4,4,True,True,True,True,7,7,True,True,11.842600000818493,0.9119
Q6K00317,TEST_KNOWN_K3,3,4,4,True,True,True,True,7,7,True,True,11.334899998473702,0.8966
Q6K00318,TEST_KNOWN_K3,3,3,3,True,True,True,True,7,7,True,True,35.95810000115307,0.9138
Q6K00319,TEST_KNOWN_K3,3,4,4,True,True,True,True,7,7,True,True,11.447200002294267,0.9259
Q6K00320,TEST_KNOWN_K3,3,3,3,True,True,True,True,7,7,True,True,11.132499999803258,0.8726
Q6K00321,TEST_KNOWN_K3,3,4,4,True,True,True,True,7,7,True,True,21.624299999530194,0.9836
Q6K00322,TEST_KNOWN_K3,3,4,4,True,True,True,True,7,7,True,True,31.306699998822296,0.9226
Q6K00323,TEST_KNOWN_K3,3,4,4,True,True,True,True,7,7,True,True,24.369799997657537,1.0528
Q6K00324,TEST_KNOWN_K3,3,4,4,True,True,True,True,7,7,True,True,12.91510000010021,1.1315
Q6K00325,TEST_KNOWN_K3,3,4,4,True,True,True,True,7,7,True,True,27.37360000173794,0.9356
Q6K00326,TEST_KNOWN_K3,3,4,4,True,True,True,True,7,7,True,True,29.323400001885602,0.8583
Q6K00327,TEST_KNOWN_K3,3,4,4,True,True,True,True,7,7,True,True,31.278599999495782,1.1174
Q6K00328,TEST_KNOWN_K3,3,3,3,True,True,True,True,7,7,True,True,11.132600000564707,0.9666
Q6K00329,TEST_KNOWN_K3,3,3,3,True,True,True,True,7,7,True,True,11.24310000159312,0.9523
Q6K00330,TEST_KNOWN_K3,3,3,3,True,True,True,True,7,7,True,True,32.51300000192714,0.8963
Q6K00331,TEST_KNOWN_K3,3,2,2,True,True,True,True,7,7,True,True,11.287400000583148,0.8918
Q6K00332,TEST_KNOWN_K3,3,3,3,True,True,True,True,7,7,True,True,11.491299999761395,0.8961
Q6K00333,TEST_KNOWN_K3,3,4,4,True,True,True,True,7,7,True,True,11.556299999938346,0.9545
Q6K00334,TEST_KNOWN_K3,3,3,3,True,True,True,True,7,7,True,True,25.423200000659563,0.982
Q6K00335,TEST_KNOWN_K3,3,4,4,True,True,True,True,7,7,True,True,31.25259999796981,0.9768
Q6K00336,TEST_KNOWN_K3,3,3,3,True,True,True,True,7,7,True,True,30.469799999991665,0.9506
Q6K00337,TEST_KNOWN_K3,3,3,3,True,True,True,True,7,7,True,True,28.53069999764557,0.9564
Q6K00338,TEST_KNOWN_K3,3,4,4,True,True,True,True,7,7,True,True,32.12809999968158,1.1039
Q6K00339,TEST_KNOWN_K3,3,4,4,True,True,True,True,7,7,True,True,11.475399998744251,0.965
Q6K00340,TEST_KNOWN_K3,3,4,4,True,True,True,True,7,7,True,True,36.83210000235704,0.9093
Q6K00341,TEST_KNOWN_K3,3,3,3,True,True,True,True,7,7,True,True,11.476400002720766,0.8817
Q6K00342,TEST_KNOWN_K3,3,3,3,True,True,True,True,7,7,True,True,31.233599998813588,0.9886
Q6K00343,TEST_KNOWN_K3,3,4,4,True,True,True,True,7,7,True,True,31.66380000038771,0.9465
Q6K00344,TEST_KNOWN_K3,3,4,4,True,True,True,True,7,7,True,True,11.511500000779051,0.8951
Q6K00345,TEST_KNOWN_K3,3,4,4,True,True,True,True,7,7,True,True,32.22520000053919,0.8883
Q6K00346,TEST_KNOWN_K3,3,4,4,True,True,True,True,7,7,True,True,30.883200000971556,0.9631
Q6K00347,TEST_KNOWN_K3,3,4,4,True,True,True,True,7,7,True,True,30.05049999774201,0.9586
Q6K00348,TEST_KNOWN_K3,3,3,3,True,True,True,True,7,7,True,True,12.553100001241546,1.1159
Q6K00349,TEST_KNOWN_K3,3,4,4,True,True,True,True,7,7,True,True,14.759999998204876,0.9814
Q6K00350,TEST_KNOWN_K3,3,3,3,True,True,True,True,7,7,True,True,11.988099999143742,0.9243
Q6K00351,TEST_KNOWN_K3,3,4,4,True,True,True,True,7,7,True,True,36.45700000197394,0.9356
Q6K00352,TEST_KNOWN_K3,3,4,4,True,True,True,True,7,7,True,True,29.436799999530194,1.0458
Q6K00353,TEST_KNOWN_K3,3,3,3,True,True,True,True,7,7,True,True,11.225299997022375,0.9199
Q6K00354,TEST_KNOWN_K3,3,3,3,True,True,True,True,7,7,True,True,34.725499997875886,0.9169
Q6K00355,TEST_KNOWN_K3,3,4,4,True,True,True,True,7,7,True,True,29.737299999396782,0.9957
Q6K00356,TEST_KNOWN_K3,3,4,4,True,True,True,True,7,7,True,True,11.611400001129368,0.9252
Q6K00357,TEST_KNOWN_K3,3,3,3,True,True,True,True,7,7,True,True,35.21889999683481,0.9373
Q6K00358,TEST_KNOWN_K3,3,4,4,True,True,True,True,7,7,True,True,28.851600000052713,0.9602
Q6K00359,TEST_KNOWN_K3,3,4,4,True,True,True,True,7,7,True,True,30.4415999999037,0.9569
Q6K00360,TEST_KNOWN_K3,3,4,4,True,True,True,True,7,7,True,True,12.089599997125333,1.0281
Q6K00361,TEST_MIXED_1K1U,2,2,2,True,True,True,True,7,7,True,True,11.675699999614153,0.8911
Q6K00362,TEST_MIXED_1K1U,2,2,2,True,True,True,True,7,7,True,True,37.97299999860115,0.8482
Q6K00363,TEST_MIXED_1K1U,2,3,3,True,True,True,True,7,7,True,True,29.236599999421742,1.0051
Q6K00364,TEST_MIXED_1K1U,2,2,2,True,True,True,True,7,7,True,True,29.862499999580905,0.8625
Q6K00365,TEST_MIXED_1K1U,2,2,2,True,True,True,True,7,7,True,True,12.122700001782505,1.077
Q6K00366,TEST_MIXED_1K1U,2,2,2,True,True,True,True,7,7,True,True,32.57600000142702,0.8634
Q6K00367,TEST_MIXED_1K1U,2,2,2,True,True,True,True,7,7,True,True,11.334099999658065,0.8629
Q6K00368,TEST_MIXED_1K1U,2,2,2,True,True,True,True,7,7,True,True,11.20920000175829,1.0197
Q6K00369,TEST_MIXED_1K1U,2,3,3,True,True,True,True,7,7,True,True,11.613000002398621,1.2484
Q6K00370,TEST_MIXED_1K1U,2,2,2,True,True,True,True,7,7,True,True,11.589099998673191,0.9031
Q6K00371,TEST_MIXED_1K1U,2,1,1,True,True,True,True,7,7,True,True,11.532799999258714,0.8334
Q6K00372,TEST_MIXED_1K1U,2,3,3,True,True,True,True,7,7,True,True,11.47310000305879,0.8739
Q6K00373,TEST_MIXED_1K1U,2,2,2,True,True,True,True,7,7,True,True,35.91640000013285,1.0634
Q6K00374,TEST_MIXED_1K1U,2,2,2,True,True,True,True,7,7,True,True,12.243299999681767,0.8991
Q6K00375,TEST_MIXED_1K1U,2,3,3,True,True,True,True,7,7,True,True,12.267599999177037,1.0125
Q6K00376,TEST_MIXED_1K1U,2,2,2,True,True,True,True,7,7,True,True,11.351699999067932,0.9408
Q6K00377,TEST_MIXED_1K1U,2,3,3,True,True,True,True,7,7,True,True,11.142900002596434,0.9616
Q6K00378,TEST_MIXED_1K1U,2,3,3,True,True,True,True,7,7,True,True,11.647400002402719,1.0424
Q6K00379,TEST_MIXED_1K1U,2,3,3,True,True,True,True,7,7,True,True,30.254000001150416,0.9178
Q6K00380,TEST_MIXED_1K1U,2,2,2,True,True,True,True,7,7,True,True,11.5165999995952,0.9483
Q6K00381,TEST_MIXED_1K1U,2,3,3,True,True,True,True,7,7,True,True,11.852400002680952,0.9065
Q6K00382,TEST_MIXED_1K1U,2,2,2,True,True,True,True,7,7,True,True,21.275099999911617,0.8799
Q6K00383,TEST_MIXED_1K1U,2,2,2,True,True,True,True,7,7,True,True,11.946700000407873,0.8951
Q6K00384,TEST_MIXED_1K1U,2,2,2,True,True,True,True,7,7,True,True,11.654000001726672,0.8414
Q6K00385,TEST_MIXED_1K1U,2,2,2,True,True,True,True,7,7,True,True,11.48280000052182,0.8971
Q6K00386,TEST_MIXED_1K1U,2,3,3,True,True,True,True,7,7,True,True,11.021600003005005,0.8972
Q6K00387,TEST_MIXED_1K1U,2,2,2,True,True,True,True,7,7,True,True,11.461599999165628,0.9133
Q6K00388,TEST_MIXED_1K1U,2,3,3,True,True,True,True,7,7,True,True,11.053400001401315,0.9575
Q6K00389,TEST_MIXED_1K1U,2,2,2,True,True,True,True,7,7,True,True,35.811899997497676,0.8774
Q6K00390,TEST_MIXED_1K1U,2,3,3,True,True,True,True,7,7,True,True,11.711600000126055,1.0111
Q6K00391,TEST_MIXED_1K1U,2,2,2,True,True,True,True,7,7,True,True,34.5722999991267,0.9701
Q6K00392,TEST_MIXED_1K1U,2,2,2,True,True,True,True,7,7,True,True,28.366700000333367,0.8614
Q6K00393,TEST_MIXED_1K1U,2,1,1,True,True,True,True,7,7,True,True,31.88919999956852,0.8257
Q6K00394,TEST_MIXED_1K1U,2,3,3,True,True,True,True,7,7,True,True,30.68600000187871,1.1362
Q6K00395,TEST_MIXED_1K1U,2,2,2,True,True,True,True,7,7,True,True,11.488299998745788,0.9283
Q6K00396,TEST_MIXED_1K1U,2,2,2,True,True,True,True,7,7,True,True,32.61960000236286,0.9308
Q6K00397,TEST_MIXED_1K1U,2,2,2,True,True,True,True,7,7,True,True,30.759699999180157,0.8743
Q6K00398,TEST_MIXED_1K1U,2,2,2,True,True,True,True,7,7,True,True,11.425499997130828,1.0316
Q6K00399,TEST_MIXED_1K1U,2,2,2,True,True,True,True,7,7,True,True,33.43709999899147,0.9008
Q6K00400,TEST_MIXED_1K1U,2,3,3,True,True,True,True,7,7,True,True,12.164799998572562,1.1011
Q6K00401,TEST_MIXED_1K1U,2,3,3,True,True,True,True,7,7,True,True,11.344400001689792,0.9646
Q6K00402,TEST_MIXED_1K1U,2,2,2,True,True,True,True,7,7,True,True,37.74569999950472,0.8843
Q6K00403,TEST_MIXED_1K1U,2,2,2,True,True,True,True,7,7,True,True,30.951500000810483,0.9698
Q6K00404,TEST_MIXED_1K1U,2,2,2,True,True,True,True,7,7,True,True,28.920799999468727,0.8525
Q6K00405,TEST_MIXED_1K1U,2,2,2,True,True,True,True,7,7,True,True,10.924100002739578,0.9287
Q6K00406,TEST_MIXED_1K1U,2,2,2,True,True,True,True,7,7,True,True,11.12719999946421,0.9337
Q6K00407,TEST_MIXED_1K1U,2,2,2,True,True,True,True,7,7,True,True,22.112700000434415,0.875
Q6K00408,TEST_MIXED_1K1U,2,2,2,True,True,True,True,7,7,True,True,42.46409999905154,0.8751
Q6K00409,TEST_MIXED_1K1U,2,2,2,True,True,True,True,7,7,True,True,33.72680000029504,0.9165
Q6K00410,TEST_MIXED_1K1U,2,2,2,True,True,True,True,7,7,True,True,29.69690000099945,0.8954
Q6K00411,TEST_MIXED_1K1U,2,2,2,True,True,True,True,7,7,True,True,11.584100000618491,1.0415
Q6K00412,TEST_MIXED_1K1U,2,2,2,True,True,True,True,7,7,True,True,34.890099999756785,0.8871
Q6K00413,TEST_MIXED_1K1U,2,2,2,True,True,True,True,7,7,True,True,11.541500000021188,0.8579
Q6K00414,TEST_MIXED_1K1U,2,2,2,True,True,True,True,7,7,True,True,11.518600000272272,0.8913
Q6K00415,TEST_MIXED_1K1U,2,2,2,True,True,True,True,7,7,True,True,11.620000001130393,1.0053
Q6K00416,TEST_MIXED_1K1U,2,2,2,True,True,True,True,7,7,True,True,23.731900000711903,0.9669
Q6K00417,TEST_MIXED_1K1U,2,2,2,True,True,True,True,7,7,True,True,11.058100000809645,0.878
Q6K00418,TEST_MIXED_1K1U,2,2,2,True,True,True,True,7,7,True,True,11.330600002111169,0.9278
Q6K00419,TEST_MIXED_1K1U,2,3,3,True,True,True,True,7,7,True,True,11.686699999700068,0.8898
Q6K00420,TEST_MIXED_1K1U,2,2,2,True,True,True,True,7,7,True,True,11.492199999338482,0.9707
Q6K00421,TEST_MIXED_2K1U,3,3,3,True,True,True,True,7,7,True,True,11.813400000391994,0.9474
Q6K00422,TEST_MIXED_2K1U,3,2,2,True,True,True,True,7,7,True,True,11.217600000236416,0.8653
Q6K00423,TEST_MIXED_2K1U,3,3,3,True,True,True,True,7,7,True,True,11.540200001036283,1.2763
Q6K00424,TEST_MIXED_2K1U,3,2,2,True,True,True,True,7,7,True,True,11.214599999220809,0.9188
Q6K00425,TEST_MIXED_2K1U,3,3,3,True,True,True,True,7,7,True,True,28.77280000029714,0.8727
Q6K00426,TEST_MIXED_2K1U,3,3,3,True,True,True,True,7,7,True,True,11.256800000410294,0.9184
Q6K00427,TEST_MIXED_2K1U,3,3,3,True,True,True,True,7,7,True,True,11.40799999848241,0.953
Q6K00428,TEST_MIXED_2K1U,3,3,3,True,True,True,True,7,7,True,True,22.712000001774868,0.8753
Q6K00429,TEST_MIXED_2K1U,3,3,3,True,True,True,True,7,7,True,True,11.426799999753712,0.9022
Q6K00430,TEST_MIXED_2K1U,3,3,3,True,True,True,True,7,7,True,True,33.980000000156,0.877
Q6K00431,TEST_MIXED_2K1U,3,3,3,True,True,True,True,7,7,True,True,28.70900000198162,0.8994
Q6K00432,TEST_MIXED_2K1U,3,3,3,True,True,True,True,7,7,True,True,11.58209999994142,0.8724
Q6K00433,TEST_MIXED_2K1U,3,3,3,True,True,True,True,7,7,True,True,34.935800002131145,0.9877
Q6K00434,TEST_MIXED_2K1U,3,2,2,True,True,True,True,7,7,True,True,31.315900003392017,0.8728
Q6K00435,TEST_MIXED_2K1U,3,3,3,True,True,True,True,7,7,True,True,29.404400000203168,0.9016
Q6K00436,TEST_MIXED_2K1U,3,2,2,True,True,True,True,7,7,True,True,32.20090000104392,0.897
Q6K00437,TEST_MIXED_2K1U,3,4,4,True,True,True,True,7,7,True,True,31.904800001939293,0.9638
Q6K00438,TEST_MIXED_2K1U,3,3,3,True,True,True,True,7,7,True,True,11.854399999720044,0.9101
Q6K00439,TEST_MIXED_2K1U,3,3,3,True,True,True,True,7,7,True,True,31.831600001169136,0.8855
Q6K00440,TEST_MIXED_2K1U,3,4,4,True,True,True,True,7,7,True,True,30.423499996686587,0.9495
Q6K00441,TEST_MIXED_2K1U,3,4,4,True,True,True,True,7,7,True,True,11.144399999466259,0.9004
Q6K00442,TEST_MIXED_2K1U,3,2,2,True,True,True,True,7,7,True,True,34.640500001842156,0.8607
Q6K00443,TEST_MIXED_2K1U,3,3,3,True,True,True,True,7,7,True,True,11.179199998878175,0.8934
Q6K00444,TEST_MIXED_2K1U,3,3,3,True,True,True,True,7,7,True,True,11.291299997537863,0.8753
Q6K00445,TEST_MIXED_2K1U,3,2,2,True,True,True,True,7,7,True,True,11.22370000302908,0.8639
Q6K00446,TEST_MIXED_2K1U,3,4,4,True,True,True,True,7,7,True,True,23.34300000075018,0.8959
Q6K00447,TEST_MIXED_2K1U,3,3,3,True,True,True,True,7,7,True,True,31.613700000889366,0.9192
Q6K00448,TEST_MIXED_2K1U,3,3,3,True,True,True,True,7,7,True,True,30.6812999988324,0.9029
Q6K00449,TEST_MIXED_2K1U,3,4,4,True,True,True,True,7,7,True,True,11.454100000264589,0.9571
Q6K00450,TEST_MIXED_2K1U,3,3,3,True,True,True,True,7,7,True,True,33.88510000149836,1.0272
Q6K00451,TEST_MIXED_2K1U,3,3,3,True,True,True,True,7,7,True,True,31.1266999997315,1.0187
Q6K00452,TEST_MIXED_2K1U,3,4,4,True,True,True,True,7,7,True,True,29.70379999896977,1.0066
Q6K00453,TEST_MIXED_2K1U,3,3,3,True,True,True,True,7,7,True,True,11.00380000207224,0.8755
Q6K00454,TEST_MIXED_2K1U,3,3,3,True,True,True,True,7,7,True,True,36.407200001121964,1.4032
Q6K00455,TEST_MIXED_2K1U,3,3,3,True,True,True,True,7,7,True,True,16.079400000307942,1.1844
Q6K00456,TEST_MIXED_2K1U,3,3,3,True,True,True,True,7,7,True,True,26.097599999047816,1.0099
Q6K00457,TEST_MIXED_2K1U,3,2,2,True,True,True,True,7,7,True,True,31.195899999147514,1.0019
Q6K00458,TEST_MIXED_2K1U,3,2,2,True,True,True,True,7,7,True,True,14.070699999138014,1.0197
Q6K00459,TEST_MIXED_2K1U,3,3,3,True,True,True,True,7,7,True,True,30.344099999638274,1.1078
Q6K00460,TEST_MIXED_2K1U,3,3,3,True,True,True,True,7,7,True,True,13.777799998933915,1.0579
Q6K00461,TEST_MIXED_2K1U,3,3,3,True,True,True,True,7,7,True,True,13.944499998615356,1.0354
Q6K00462,TEST_MIXED_2K1U,3,3,3,True,True,True,True,7,7,True,True,13.576500001363456,1.0084
Q6K00463,TEST_MIXED_2K1U,3,3,3,True,True,True,True,7,7,True,True,13.771300000371411,0.969
Q6K00464,TEST_MIXED_2K1U,3,3,3,True,True,True,True,7,7,True,True,13.925400002335664,1.0095
Q6K00465,TEST_MIXED_2K1U,3,3,3,True,True,True,True,7,7,True,True,32.73239999907673,0.9023
Q6K00466,TEST_MIXED_2K1U,3,3,3,True,True,True,True,7,7,True,True,13.747600001806859,1.0201
Q6K00467,TEST_MIXED_2K1U,3,3,3,True,True,True,True,7,7,True,True,32.078500000352506,0.9679
Q6K00468,TEST_MIXED_2K1U,3,3,3,True,True,True,True,7,7,True,True,13.813999998092186,1.0171
Q6K00469,TEST_MIXED_2K1U,3,2,2,True,True,True,True,7,7,True,True,12.881700000434648,0.9048
Q6K00470,TEST_MIXED_2K1U,3,3,3,True,True,True,True,7,7,True,True,16.238200001680525,1.0498
Q6K00471,TEST_MIXED_2K1U,3,3,3,True,True,True,True,7,7,True,True,13.2975999986229,0.9583
Q6K00472,TEST_MIXED_2K1U,3,4,4,True,True,True,True,7,7,True,True,32.0878000020457,0.9871
Q6K00473,TEST_MIXED_2K1U,3,4,4,True,True,True,True,7,7,True,True,30.310000001918525,1.0492
Q6K00474,TEST_MIXED_2K1U,3,3,3,True,True,True,True,7,7,True,True,11.726000000635395,0.94
Q6K00475,TEST_MIXED_2K1U,3,4,4,True,True,True,True,7,7,True,True,12.347799998678965,1.0486
Q6K00476,TEST_MIXED_2K1U,3,2,2,True,True,True,True,7,7,True,True,35.10420000020531,0.9201
Q6K00477,TEST_MIXED_2K1U,3,3,3,True,True,True,True,7,7,True,True,12.894200001028366,0.9185
Q6K00478,TEST_MIXED_2K1U,3,3,3,True,True,True,True,7,7,True,True,11.825599998701364,0.8817
Q6K00479,TEST_MIXED_2K1U,3,3,3,True,True,True,True,7,7,True,True,13.05080000020098,0.9871
Q6K00480,TEST_MIXED_2K1U,3,3,3,True,True,True,True,7,7,True,True,12.597399996593595,0.9996
Q6K00481,TEST_UNKNOWN_K1,1,1,1,True,True,True,True,7,7,True,True,12.449499998183455,1.027
Q6K00482,TEST_UNKNOWN_K1,1,1,1,True,True,True,True,7,7,True,True,12.566400000650901,0.9471
Q6K00483,TEST_UNKNOWN_K1,1,1,1,True,True,True,True,7,7,True,True,27.779599997302284,0.8493
Q6K00484,TEST_UNKNOWN_K1,1,1,1,True,True,True,True,7,7,True,True,31.32740000000922,0.9075
Q6K00485,TEST_UNKNOWN_K1,1,2,2,True,True,True,True,7,7,True,True,29.228100000182167,0.9164
Q6K00486,TEST_UNKNOWN_K1,1,2,2,True,True,True,True,7,7,True,True,30.98410000166041,0.8567
Q6K00487,TEST_UNKNOWN_K1,1,2,2,True,True,True,True,7,7,True,True,29.531500000302913,0.8847
Q6K00488,TEST_UNKNOWN_K1,1,1,1,True,True,True,True,7,7,True,True,11.40769999983604,0.8386
Q6K00489,TEST_UNKNOWN_K1,1,2,2,True,True,True,True,7,7,True,True,11.727900000551017,0.8762
Q6K00490,TEST_UNKNOWN_K1,1,1,1,True,True,True,True,7,7,True,True,12.408299997332506,1.0963
Q6K00491,TEST_UNKNOWN_K1,1,1,1,True,True,True,True,7,7,True,True,13.397099999565398,0.8197
Q6K00492,TEST_UNKNOWN_K1,1,2,2,True,True,True,True,7,7,True,True,13.830100000632228,0.9429
Q6K00493,TEST_UNKNOWN_K1,1,2,2,True,True,True,True,7,7,True,True,26.64560000266647,0.9817
Q6K00494,TEST_UNKNOWN_K1,1,2,2,True,True,True,True,7,7,True,True,30.750400001124945,0.8931
Q6K00495,TEST_UNKNOWN_K1,1,2,2,True,True,True,True,7,7,True,True,13.783399997919332,0.9358
Q6K00496,TEST_UNKNOWN_K1,1,1,1,True,True,True,True,7,7,True,True,13.758399996731896,1.1188
Q6K00497,TEST_UNKNOWN_K1,1,1,1,True,True,True,True,7,7,True,True,33.097499999712454,0.9734
Q6K00498,TEST_UNKNOWN_K1,1,2,2,True,True,True,True,7,7,True,True,13.205200000811601,0.9876
Q6K00499,TEST_UNKNOWN_K1,1,2,2,True,True,True,True,7,7,True,True,13.420399998722132,0.9166
Q6K00500,TEST_UNKNOWN_K1,1,2,2,True,True,True,True,7,7,True,True,13.56600000144681,0.961
Q6K00501,TEST_UNKNOWN_K1,1,1,1,True,True,True,True,7,7,True,True,13.312999999470776,0.8571
Q6K00502,TEST_UNKNOWN_K1,1,1,1,True,True,True,True,7,7,True,True,13.337100001081126,0.8476
Q6K00503,TEST_UNKNOWN_K1,1,2,2,True,True,True,True,7,7,True,True,37.00260000186972,0.9167
Q6K00504,TEST_UNKNOWN_K1,1,1,1,True,True,True,True,7,7,True,True,32.65490000194404,0.9518
Q6K00505,TEST_UNKNOWN_K1,1,1,1,True,True,True,True,7,7,True,True,15.647100000933278,0.9657
Q6K00506,TEST_UNKNOWN_K1,1,2,2,True,True,True,True,7,7,True,True,15.043100000184495,0.9611
Q6K00507,TEST_UNKNOWN_K1,1,2,2,True,True,True,True,7,7,True,True,30.6471000003512,1.0081
Q6K00508,TEST_UNKNOWN_K1,1,1,1,True,True,True,True,7,7,True,True,30.285199998616008,1.0218
Q6K00509,TEST_UNKNOWN_K1,1,1,1,True,True,True,True,7,7,True,True,29.011399998125853,0.9595
Q6K00510,TEST_UNKNOWN_K1,1,1,1,True,True,True,True,7,7,True,True,14.596400000300491,1.0671
Q6K00511,TEST_UNKNOWN_K1,1,2,2,True,True,True,True,7,7,True,True,14.5870999986073,1.4089
Q6K00512,TEST_UNKNOWN_K1,1,2,2,True,True,True,True,7,7,True,True,24.682699997356394,0.925
Q6K00513,TEST_UNKNOWN_K1,1,3,3,True,True,True,True,7,7,True,True,11.919699998543365,0.912
Q6K00514,TEST_UNKNOWN_K1,1,2,2,True,True,True,True,7,7,True,True,36.801199999899836,1.0591
Q6K00515,TEST_UNKNOWN_K1,1,1,1,True,True,True,True,7,7,True,True,27.75380000093719,0.8767
Q6K00516,TEST_UNKNOWN_K1,1,1,1,True,True,True,True,7,7,True,True,37.04370000195922,0.8915
Q6K00517,TEST_UNKNOWN_K1,1,1,1,True,True,True,True,7,7,True,True,26.085400000738446,0.8447
Q6K00518,TEST_UNKNOWN_K1,1,2,2,True,True,True,True,7,7,True,True,12.842899999668589,1.0753
Q6K00519,TEST_UNKNOWN_K1,1,2,2,True,True,True,True,7,7,True,True,13.193700000556419,1.1105
Q6K00520,TEST_UNKNOWN_K1,1,1,1,True,True,True,True,7,7,True,True,12.308800000027986,0.8193
Q6K00521,TEST_UNKNOWN_K1,1,1,1,True,True,True,True,7,7,True,True,12.100299998564878,0.8267
Q6K00522,TEST_UNKNOWN_K1,1,1,1,True,True,True,True,7,7,True,True,36.402599998837104,0.8324
Q6K00523,TEST_UNKNOWN_K1,1,1,1,True,True,True,True,7,7,True,True,12.833100001444109,1.0989
Q6K00524,TEST_UNKNOWN_K1,1,2,2,True,True,True,True,7,7,True,True,13.342600002943072,0.9052
Q6K00525,TEST_UNKNOWN_K1,1,1,1,True,True,True,True,7,7,True,True,13.227999999799067,0.9352
Q6K00526,TEST_UNKNOWN_K1,1,1,1,True,True,True,True,7,7,True,True,12.166799999249633,0.9851
Q6K00527,TEST_UNKNOWN_K1,1,2,2,True,True,True,True,7,7,True,True,22.42110000224784,0.9509
Q6K00528,TEST_UNKNOWN_K1,1,1,1,True,True,True,True,7,7,True,True,33.024799999111565,0.8629
Q6K00529,TEST_UNKNOWN_K1,1,1,1,True,True,True,True,7,7,True,True,11.901099998794962,0.8395
Q6K00530,TEST_UNKNOWN_K1,1,2,2,True,True,True,True,7,7,True,True,35.98090000014054,0.9606
Q6K00531,TEST_UNKNOWN_K1,1,1,1,True,True,True,True,7,7,True,True,11.803100001998246,0.8914
Q6K00532,TEST_UNKNOWN_K1,1,2,2,True,True,True,True,7,7,True,True,11.515900001541013,0.9726
Q6K00533,TEST_UNKNOWN_K1,1,1,1,True,True,True,True,7,7,True,True,11.69110000046203,0.8212
Q6K00534,TEST_UNKNOWN_K1,1,1,1,True,True,True,True,7,7,True,True,11.033499999030028,0.8213
Q6K00535,TEST_UNKNOWN_K1,1,2,2,True,True,True,True,7,7,True,True,21.478399998159148,0.9668
Q6K00536,TEST_UNKNOWN_K1,1,2,2,True,True,True,True,7,7,True,True,32.06279999722028,0.8957
Q6K00537,TEST_UNKNOWN_K1,1,2,2,True,True,True,True,7,7,True,True,11.464200000773417,0.8599
Q6K00538,TEST_UNKNOWN_K1,1,2,2,True,True,True,True,7,7,True,True,34.55179999946267,0.8741
Q6K00539,TEST_UNKNOWN_K1,1,2,2,True,True,True,True,7,7,True,True,30.4757999983849,0.8944
Q6K00540,TEST_UNKNOWN_K1,1,1,1,True,True,True,True,7,7,True,True,27.774999998655403,0.8757
