query_id,package_path,package_size_bytes,package_sha256,component_count
Q6K00181,results\phase9e_packages\Q6K00181.zip,65985,b620fe643a9e5b193a0f0cdf06d07191e4a12b4d97ede1f3be25c92a77058484,7
Q6K00182,results\phase9e_packages\Q6K00182.zip,16082,f4e93289eb24d0314918a51d2403dfed292a3dc998c6a0cadeede2e6dd6589d7,7
Q6K00183,results\phase9e_packages\Q6K00183.zip,45073,e6a19dd18b75538ce7af6658001ecae278fe952cd21e9fbf33fca2d174769c07,7
Q6K00184,results\phase9e_packages\Q6K00184.zip,1941223,e047adea10e6fd405942741595acbc2b2e2b65dc0faca4a87f567d5ef290b31b,7
Q6K00185,results\phase9e_packages\Q6K00185.zip,54497,7ca97f025daf8508862175dd19bd30845179d2d842c2c7824ae6a3f1873c2a3f,7
Q6K00186,results\phase9e_packages\Q6K00186.zip,66499,d87ef5165ad31be7cfd69269c5e05f10d21a0143370ec8013f74d0ef5609d9f7,7
Q6K00187,results\phase9e_packages\Q6K00187.zip,87908,5c40118cb78f6acb2a05a76ff5c963d6ed03786e70d38b153ba62e1de938de34,7
Q6K00188,results\phase9e_packages\Q6K00188.zip,16057,82fe4e7a50273fa9ba77708785f687481e03bcb8a4227cb0fc4e9ac761cc20e1,7
Q6K00189,results\phase9e_packages\Q6K00189.zip,28845,917bb9d6461350a9d25d84e0819be627b2236b2137f401ab59ce8075fc850c35,7
Q6K00190,results\phase9e_packages\Q6K00190.zip,35342,50674e6bdf81fb35e8abc935dcbfb781242de024f88e399d4cca424e08336705,7
Q6K00191,results\phase9e_packages\Q6K00191.zip,75876,c291617a1cc061a44b2b4f7378445652ea263e5e6b04f93a2b2938998b53eccf,7
Q6K00192,results\phase9e_packages\Q6K00192.zip,52600,0809f8ae292a5fc6d90933ea9b09a969aa78c791809ec7f6ac92f252ebed711a,7
Q6K00193,results\phase9e_packages\Q6K00193.zip,40864,fc05993f65704628faef41c78f2e0820a34bbe80ad5e6939c12e386616d7222f,7
Q6K00194,results\phase9e_packages\Q6K00194.zip,84275,179d4c9eec4c75edb0943fcc4bb63ee8bae4f46edcbfba47cd139ee30f7699f7,7
Q6K00195,results\phase9e_packages\Q6K00195.zip,37127,cf55d950b6487e7cbe3a2d39433c2d2e955f9d0b02e592d8595c2311b5c7ecdf,7
Q6K00196,results\phase9e_packages\Q6K00196.zip,15373,502da7d0dded31124307a17c729fa7cfcdc1c3fffe01f947bea815c5be1333d5,7
Q6K00197,results\phase9e_packages\Q6K00197.zip,68988,5baa4de3c719d80b37621111bb7d4e92331b7c96a41c2f54b5183a44e167b030,7
Q6K00198,results\phase9e_packages\Q6K00198.zip,41933,7bb163b66194236f48ccba0e8fca337ceda3ce79e8a8f676505ddb3cb258adf7,7
Q6K00199,results\phase9e_packages\Q6K00199.zip,73892,1e14728887535ab1f6b8d78693d1548efa55ab6290b8cd256305acfe9fbbc04a,7
Q6K00200,results\phase9e_packages\Q6K00200.zip,30371,9e63284e8df1e092937bc89c8d12d4c44958b32c9e4431d0b692f85f5f56a875,7
Q6K00201,results\phase9e_packages\Q6K00201.zip,47146,c6fc7ede5c799e5cc8889510fe7655403ebdbb329cfe40dc243157f2d370efb2,7
Q6K00202,results\phase9e_packages\Q6K00202.zip,28249,5e03ae2162f2b88ee974a7df2fa816646624ad8a91904e5a37120db20cbcaf81,7
Q6K00203,results\phase9e_packages\Q6K00203.zip,30533,24192c2da938117efe38cf10713a83a3961cb9784e87c5369dc57c9be712bfca,7
Q6K00204,results\phase9e_packages\Q6K00204.zip,30004,524aeca5e1d56dd3ca59f224c7f72211736ea810ab22d9964f85494969d4a06c,7
Q6K00205,results\phase9e_packages\Q6K00205.zip,23655,48a7cecdf68fde30278387caa97b8f37882aafa23fa75c8d197d168de50b6ea0,7
Q6K00206,results\phase9e_packages\Q6K00206.zip,25679,12b17d8de58effa648b0ab513cd8bcccc3f13cf18f712f2fddee08dd535d3689,7
Q6K00207,results\phase9e_packages\Q6K00207.zip,37321,805a8503064eeef1810a5ce408cb9e0eb444361fa2f618b2eeecf71edfeab173,7
Q6K00208,results\phase9e_packages\Q6K00208.zip,35560,81ffb53017f5239b2aa3067e4e3b830bfb8b408c03f2fe1ddc4f82b6092be65a,7
Q6K00209,results\phase9e_packages\Q6K00209.zip,25901,185855cd74df5c0a45f8e0c42facf35c6e85e2ab84dfe4106e42c4d7bba91126,7
Q6K00210,results\phase9e_packages\Q6K00210.zip,45374,14f826ae2c45254820759a66e1049cd8b967c4bcf9751ad5fc555ba7ae9e4269,7
Q6K00211,results\phase9e_packages\Q6K00211.zip,64169,a58651ad267279a404dca0843440f61afe21cdeca7573231158683e2e8a98ac7,7
Q6K00212,results\phase9e_packages\Q6K00212.zip,20116,46f3a60d87067b69edaddec902e602d727bb68d0fe9f13872aad57ed7ed9ee8a,7
Q6K00213,results\phase9e_packages\Q6K00213.zip,35472,1e2162d5a9719a56744cdbc5633b7e73997c930a00aed4994ba22f81bb73b40e,7
Q6K00214,results\phase9e_packages\Q6K00214.zip,56806,c7397bbd6528eb0de6c675182cce47094876739999a0bf2a78f4b7f2180b28fd,7
Q6K00215,results\phase9e_packages\Q6K00215.zip,131765,898af02a57affb939801584532bb465b6c7added75e13ad3d7a2e23ed057dfaa,7
Q6K00216,results\phase9e_packages\Q6K00216.zip,29680,fa254215f0db03df4387dd6f660cd569abfe374d018702b42044643ac860ba62,7
Q6K00217,results\phase9e_packages\Q6K00217.zip,29993,3bdee82e45d7732781b3f61b6b5f1406e13256101756a1a2a14bd60653f3ee5e,7
Q6K00218,results\phase9e_packages\Q6K00218.zip,67683,c0059566f928f9d6be52f375ac97ee0e1bb9b99e69294d759642913080f2c321,7
Q6K00219,results\phase9e_packages\Q6K00219.zip,15692,f435fe427b232954a9b1840745f5a59480cccbcc264287c1218492845535fb62,7
Q6K00220,results\phase9e_packages\Q6K00220.zip,38683,7839edfcbf59dd62a2d099fb798ec39b12a8167b5a4fb09bd4cd82fc846dfb90,7
Q6K00221,results\phase9e_packages\Q6K00221.zip,31951,8cb6ebfb2f1d8d6ee06c316dc44f6c762894d37099e594bf2b2c50175e0444bf,7
Q6K00222,results\phase9e_packages\Q6K00222.zip,38211,8eff1afa0d21d2244d87d15513e7a0d49e032dc573023cf2e2eb24dc4ce70cc5,7
Q6K00223,results\phase9e_packages\Q6K00223.zip,30437,54f43990aa39f11d2ea2bf72f89041a70f65e9dd29fd1d02257a9465d9b947f3,7
Q6K00224,results\phase9e_packages\Q6K00224.zip,37313,e22760f51df862b49e27c5d7bcaf3cb44d518ebc78c0580d2197e8f7bc0cae9e,7
Q6K00225,results\phase9e_packages\Q6K00225.zip,23168,407fe8c82b423cc87e32222bee338044ab9cc946be74aba2bfcf7d297704dba1,7
Q6K00226,results\phase9e_packages\Q6K00226.zip,64913,a6a650a5b876b9ccbe51191ec7bf93f530caf29ea688e44f39f67f12e244f0b9,7
Q6K00227,results\phase9e_packages\Q6K00227.zip,70448,f952cba221565bee81cbd53409dcfa094bfc39ff1fb25d5e0571b09ac34dae66,7
Q6K00228,results\phase9e_packages\Q6K00228.zip,21296,07348ff6736488dc1ac0a610f0808bf952f907a51c6794eccdefe067ad8ea2fe,7
Q6K00229,results\phase9e_packages\Q6K00229.zip,90055,d35aea46d846552c0c48b36ff5dc7526d692cfacb0696146237f90a546cf0844,7
Q6K00230,results\phase9e_packages\Q6K00230.zip,104756,fc02a553db134342b29bf9ce352e7a66e101c35657f61046bdfaf38fb09467ab,7
Q6K00231,results\phase9e_packages\Q6K00231.zip,35777,cfbd335b722e76488cf03a796170c25cc217ba61f0b30045ea526d173e1571aa,7
Q6K00232,results\phase9e_packages\Q6K00232.zip,36421,3b4fc4ba4cb8d9a6eb8af6a1f5a25e5500fb8b371442c3dda5deb9938968aea1,7
Q6K00233,results\phase9e_packages\Q6K00233.zip,95838,a806ad0ea2e009376fe83049f986a08227bd1ddfc79a8b3e48cb5aed07ef141d,7
Q6K00234,results\phase9e_packages\Q6K00234.zip,16670,6c0158992f4d6d59b22b8e5adfcec185d91441df7c914c5e1772ce3a4b2141d6,7
Q6K00235,results\phase9e_packages\Q6K00235.zip,63577,59d7d369e95a25fdfb55dd6a302dc21b7085ebafc6039fc752e68ae7187673b1,7
Q6K00236,results\phase9e_packages\Q6K00236.zip,102539,936477f45bc2411a9db9e4503cd352568d299e00d8ec0ac21668c0b35a2d4cc5,7
Q6K00237,results\phase9e_packages\Q6K00237.zip,105395,0902ecdb113d9e7211f0942640af4bc70aec7d88fae6d701991ca0a0a4f5c97f,7
Q6K00238,results\phase9e_packages\Q6K00238.zip,35389,668d84b12eccf2bc00598a711315fd316f6ffb26bb629331efe6cfc1fe76ca8a,7
Q6K00239,results\phase9e_packages\Q6K00239.zip,90649,3d5500ef2ea13ad82113040c02f1e795ff486bde6f47ed91e9393c4a53e032fa,7
Q6K00240,results\phase9e_packages\Q6K00240.zip,8917,2f8d68f45fda06ec3edf6a87ca96757d41663363b169ca6304c0f7d2887a5f84,7
Q6K00241,results\phase9e_packages\Q6K00241.zip,36891,991935bd4097bb90daca0f32f58066331c18d23cdf08a6d637bcdf9810ba5cae,7
Q6K00242,results\phase9e_packages\Q6K00242.zip,20518,1f0bf2da08d568ebae2e88b222a589a5227e4711c7528b6c01943f2fa7d152fc,7
Q6K00243,results\phase9e_packages\Q6K00243.zip,74070,8937027440f66f0a3d48e52d9056bf0c68fa3a4bb6674b91e9ac47600b749aed,7
Q6K00244,results\phase9e_packages\Q6K00244.zip,24132,e2f4e98072b75b137afb8b8bc3dc33afe67c6693205cb17e2c1ef1fc7cdef273,7
Q6K00245,results\phase9e_packages\Q6K00245.zip,52119,af9e6ca33684079de5d2403abc884c51c21fd20e9348676695fd8cc2f3137d30,7
Q6K00246,results\phase9e_packages\Q6K00246.zip,40723,3f2c5a4c7edbd178ff4a0c52f97f9e53201c8602900b9014d0ea79b45c43d2c2,7
Q6K00247,results\phase9e_packages\Q6K00247.zip,34868,997d23397d82e19ab9a3633ac3992f632be992783d0bb0f67e47431b5a03d327,7
Q6K00248,results\phase9e_packages\Q6K00248.zip,19345,9229af94980f48f17948319e2772d527db2e2a0d973ded29091a22691bf0a546,7
Q6K00249,results\phase9e_packages\Q6K00249.zip,24211,82dd93d3c3875c780157dab9af0f39e880611fc4dd5d2e5ea3ac92fa24a46fd4,7
Q6K00250,results\phase9e_packages\Q6K00250.zip,65228,bce22a717686c4e3a963922166a5e5d3c430e255db87f42b25206a58e7d3accc,7
Q6K00251,results\phase9e_packages\Q6K00251.zip,89512,fb275f621f5e385cbe782c0ad1a08b5ca5788d2e35db93029ad12b6bcbe0cf73,7
Q6K00252,results\phase9e_packages\Q6K00252.zip,59777,b85222bff9400430da6e177a7a4a2031623aaa07f74b939cbb3454defc14ce68,7
Q6K00253,results\phase9e_packages\Q6K00253.zip,28093,7137d4f3405ad99aa99548f12d96b1eeb9beea4ac057b48f61ec413ef823310d,7
Q6K00254,results\phase9e_packages\Q6K00254.zip,49280,e0fccec4cc15bc320fa8f0a109bcd43f22c99ea533101eb9d078e4bf7b7834f8,7
Q6K00255,results\phase9e_packages\Q6K00255.zip,47338,f161b2ffae3e45f931757e3e3f26c7ef8bd9e930344df2951eae87285e2f3be1,7
Q6K00256,results\phase9e_packages\Q6K00256.zip,35388,5b1c90f4f44a916cc7ee78409a61a69887f7300d9fc07e4c3e696cd6da8fb20e,7
Q6K00257,results\phase9e_packages\Q6K00257.zip,64428,da44b3ab22e00bd12c95889f41fb0b7ff54be0625f72f7bf39741d14f411c629,7
Q6K00258,results\phase9e_packages\Q6K00258.zip,40940,5bdafae8d6a6591c5e4d3a2847392ccf8926aa073ae87903da933090bdc78e1a,7
Q6K00259,results\phase9e_packages\Q6K00259.zip,46752,4e72297e55c6c44b6e0c59d2e1cff5eed05938fcc704279527470e90d156aae6,7
Q6K00260,results\phase9e_packages\Q6K00260.zip,23467,700e06f83f13208cf06778d5cd15748e0399dd3899de688d1d495567038e415c,7
Q6K00261,results\phase9e_packages\Q6K00261.zip,36162,703bd16f0d893114036846267fc455313a91bc0f6aca1f77166b5052d7306dd6,7
Q6K00262,results\phase9e_packages\Q6K00262.zip,38865,1f6ba7b98cf3b0d9227dc21610c16f7cac11c00ec2bc76a54e92b8a8535d01e9,7
Q6K00263,results\phase9e_packages\Q6K00263.zip,56391,3add851f0dee217fa4d370c0b0f160d4858d4c488b3acdb7fb9581f2e51d5a75,7
Q6K00264,results\phase9e_packages\Q6K00264.zip,90754,6bea3336747ba2db2cf0ab6c17b5292a41d19866e98b95ae64c1116c94f8e8a6,7
Q6K00265,results\phase9e_packages\Q6K00265.zip,1921101,d46d6f6df6ba6a5a1e9dd5e9a273413275727535694e40c1643f593e45e1034e,7
Q6K00266,results\phase9e_packages\Q6K00266.zip,33734,8e7deca3abf1f523693832a05d4632aecf6d423d4f9ab949d7cea8a790b0b51a,7
Q6K00267,results\phase9e_packages\Q6K00267.zip,31881,1400281122ad6b2ca6b1838c7aaab0ade59afa47cae9f921a2e3792c79eebc36,7
Q6K00268,results\phase9e_packages\Q6K00268.zip,51425,edacf45b558c7347f6c35b1704df9856ff49cd21f4d7f862d88c5227732c8294,7
Q6K00269,results\phase9e_packages\Q6K00269.zip,57850,53c260309a1438b03214603c870d5eb2b115949c3961ecedf0e76f935be4d7c7,7
Q6K00270,results\phase9e_packages\Q6K00270.zip,72035,00a255f894e89bb280f7533f57cb083f773574599d29b7b06c646db3b958e48c,7
Q6K00271,results\phase9e_packages\Q6K00271.zip,67886,8d40b134a1a46fdd01db3d005b2fd51670989101c082021612592112edb6e2c2,7
Q6K00272,results\phase9e_packages\Q6K00272.zip,101320,d71a1b2c8ddb99d4d073e168251276fc4b60d568f42218b225464d059b702252,7
Q6K00273,results\phase9e_packages\Q6K00273.zip,35835,f6518c7b4539247f480103b21cc1af820a41b583d8f430af9f48d06105976f28,7
Q6K00274,results\phase9e_packages\Q6K00274.zip,41611,99b8fc3eccafc363b8cf7797b35a8757da85514003a1d098d5c98490616634e1,7
Q6K00275,results\phase9e_packages\Q6K00275.zip,47822,3e0b78645e5d4f69af102af6f81c10a3ee4c35feaae74b3c654cb048217d81df,7
Q6K00276,results\phase9e_packages\Q6K00276.zip,42802,0c52742f5e249f20769b41818338cc669e5c74313ec220182c60b361d7c4bd4d,7
Q6K00277,results\phase9e_packages\Q6K00277.zip,119672,a28f4417295c929e22981747b2e33c100ed6fa28e8c810462a84d4d92dfa9bff,7
Q6K00278,results\phase9e_packages\Q6K00278.zip,50322,d1f6b81e9e295a778769ea2d1e16984cce1b539ae4a14456be84a4ac4a539886,7
Q6K00279,results\phase9e_packages\Q6K00279.zip,29096,951b694cb6b293f1447945d801655783b2bc301b0550f111007d599701fcdddb,7
Q6K00280,results\phase9e_packages\Q6K00280.zip,37247,00904cf0043abe42c36df3ae342785a2022711a65fab90d984de901f0b6e3723,7
Q6K00281,results\phase9e_packages\Q6K00281.zip,68737,4586b8a505989a165ab5f6b07e86320f88ae7f4843883b58dfa8a24023bda512,7
Q6K00282,results\phase9e_packages\Q6K00282.zip,26870,fd0180fac5ec83dc6cd2b3bc53d4eb2ccfa48309ef3debc9ea6e883f7ef742fb,7
Q6K00283,results\phase9e_packages\Q6K00283.zip,33784,6cc51d018e2dc3fb75b39be3945dfba8858e1d95e563c22e6b8c80b6f79023d6,7
Q6K00284,results\phase9e_packages\Q6K00284.zip,56091,7c97b689625049b3be6a5057bbbb75fa78f71a4e375fddb9f9f48ea9103080e3,7
Q6K00285,results\phase9e_packages\Q6K00285.zip,54497,4b2b41e6eedb4cd39095a62e0719d48c1a0e963dc24c9133aba8349a756028d5,7
Q6K00286,results\phase9e_packages\Q6K00286.zip,24274,fd32503eee8b41856ed60589ad90f534ef42b0bc3c483b503afc438dfc217f55,7
Q6K00287,results\phase9e_packages\Q6K00287.zip,31989,3df3fcf250d245ada4c9abe790807ddc1a7e90b5adfde38112ab5481befa6bb2,7
Q6K00288,results\phase9e_packages\Q6K00288.zip,56788,e221507db3dad8f5eee569b8da7db89a41b127d365c64399d9a91fed5e5f9983,7
Q6K00289,results\phase9e_packages\Q6K00289.zip,39611,f65d2ccf95d0ba894cde53e05915bb38c3392ba780d624950e4aad63ea69ddf7,7
Q6K00290,results\phase9e_packages\Q6K00290.zip,34479,e9e269d28201d733852af82035c7745b69b2751c34faf70303091db4f8364132,7
Q6K00291,results\phase9e_packages\Q6K00291.zip,26602,2b2a9a90a8783aeaf7ec77ae89b3b9f39fbe9c5c67ca2ac8826211fc8634c39d,7
Q6K00292,results\phase9e_packages\Q6K00292.zip,37807,225d1f836fc27392f890b0c327d0ca53180faefc7ec348ecb8de077bec62d354,7
Q6K00293,results\phase9e_packages\Q6K00293.zip,56279,f6dab40c63607b176af38de3c951edc0fdd269046cd130421c0687be065aef3c,7
Q6K00294,results\phase9e_packages\Q6K00294.zip,55243,48162fbf0a8543245490e533bfd9f6f2c148aebfc60615d4cc8fb61d73f9c673,7
Q6K00295,results\phase9e_packages\Q6K00295.zip,45550,94a9f743f8673e83923f88dcf0b833e5a7c34bdf1c625127f3da4cd132cdcdeb,7
Q6K00296,results\phase9e_packages\Q6K00296.zip,23191,5cf52e6792927a1e040c2b424bb29c047bfe8959c20f0918c6b750ae1da2ebb4,7
Q6K00297,results\phase9e_packages\Q6K00297.zip,56983,83c0b1cbe5f827bbda3adba83710d626dd83b1560ff95c961de1789b4790f8fd,7
Q6K00298,results\phase9e_packages\Q6K00298.zip,32077,aed53047bc185161647d00c38b6fec60a5e58cd150dcae5f1dd77ce91e745575,7
Q6K00299,results\phase9e_packages\Q6K00299.zip,23638,87b2aabde4cefcb03d7503944b3586860d735d059bce3075c28cc43342e203e0,7
Q6K00300,results\phase9e_packages\Q6K00300.zip,43289,37def4974d6c14314289520f20e55b3c0c2c186b20a60c4b4d8712191e005296,7
Q6K00301,results\phase9e_packages\Q6K00301.zip,44411,0859cb60b23cbb00e535cef48d283dc46aafc928aee3fb26d2b5558b57e554ce,7
Q6K00302,results\phase9e_packages\Q6K00302.zip,15337,5caef61e4810c255665bb12b4da324eea905dd13f9f36f72abf8ed9d1864014d,7
Q6K00303,results\phase9e_packages\Q6K00303.zip,54747,a6ce42df6b2be66a6ca91fd48d4f651ac94a7533b88bab261dc56c4608f22e8b,7
Q6K00304,results\phase9e_packages\Q6K00304.zip,49489,e20eb7091296c9ff348b2d8ecd7144c1431db4e82ca9fa846f57beaad5d91cdd,7
Q6K00305,results\phase9e_packages\Q6K00305.zip,76353,0b3e7fd7f2802e174d33599a0da9fe451c290e01f170ef4542900927df17ddd8,7
Q6K00306,results\phase9e_packages\Q6K00306.zip,40200,0ebab623df13a981803bc83a6ce0c813f263b3581450b78b62320bb25c0a8866,7
Q6K00307,results\phase9e_packages\Q6K00307.zip,67392,66ab02921fdca7de0b1df5c91d38825f19d56af59002a64c12e22093cd595965,7
Q6K00308,results\phase9e_packages\Q6K00308.zip,56780,f6a4a24a972034eaaa2db718b9f5e9c0ef8e779c2a1e2c5ef54db42ed7a420a1,7
Q6K00309,results\phase9e_packages\Q6K00309.zip,27013,c979c57edccc9618cf61dd68e997b0c65cfdcbcdfbd3a30a423a5c881dbb4d12,7
Q6K00310,results\phase9e_packages\Q6K00310.zip,25217,b079be4fee8965e08940be3bc9cbe9b4a8216e403a52d28a42547099fbfcf5f0,7
Q6K00311,results\phase9e_packages\Q6K00311.zip,86927,17eb68552d5eb85b017f3509ec1f0b21e18dcf693a04f25ed3f8b61739367291,7
Q6K00312,results\phase9e_packages\Q6K00312.zip,43106,b7c3e661fce72fe7d80796f1cc076c887b9ecd69d6c326f83d7a0d87ad79198c,7
Q6K00313,results\phase9e_packages\Q6K00313.zip,64632,5742162362c298b564ff8563f036486bd4fe61249c7b8b42188f6e612003bf29,7
Q6K00314,results\phase9e_packages\Q6K00314.zip,24077,1ea370960ed91d86d18b165d967713469f7a441a7f5fbfc5e8fd6706cc88c39a,7
Q6K00315,results\phase9e_packages\Q6K00315.zip,36650,4ad786491f6e09d592fb1e3f5fc398cb31bb01bb0151f82b63eecf0dd92e4aa1,7
Q6K00316,results\phase9e_packages\Q6K00316.zip,30609,595e30cc0e2da8462b784b67168a8f8d8d32133aa531c8c8908cfa32175aea2f,7
Q6K00317,results\phase9e_packages\Q6K00317.zip,61279,a2ffb7f415179da4f5b45fbb89fea544ea86c47f0d9aa9311e4f61ee3894c10d,7
Q6K00318,results\phase9e_packages\Q6K00318.zip,23216,2e425c2030bf4b81d3447081b9d0ad91a8a9bd24e65b575fecd36d93493ab4da,7
Q6K00319,results\phase9e_packages\Q6K00319.zip,38829,6ddd58fc2af2ec5e8ff20d9c0bbf40abc1ecf96f4047eb71c3c718b5dcd9bca9,7
Q6K00320,results\phase9e_packages\Q6K00320.zip,30898,a22a0f545303335a7ab8ae206df06d3042a73da9e1503038c8bba5e5b5ec6230,7
Q6K00321,results\phase9e_packages\Q6K00321.zip,46013,3585c172ebd0f3db20ac58cbe4d88bca0ba028c85701b94f6f1929e19b8d1ac7,7
Q6K00322,results\phase9e_packages\Q6K00322.zip,25324,c9f5fdbd3e8eb632b3accc7a8ba22f6f5f35590cd7da405ea682eb992d6f10af,7
Q6K00323,results\phase9e_packages\Q6K00323.zip,47659,476562a52db81bd2b0d64df2d4fec8276416788b0e50d77097a193b629a71ec6,7
Q6K00324,results\phase9e_packages\Q6K00324.zip,65729,3c36335eb694ffd98493e9cd9a4e8632162344666dc6d104aabab45f1f1def70,7
Q6K00325,results\phase9e_packages\Q6K00325.zip,57587,3c8f18b6469c65d211351e953d63ebc55d55e2cbfe6e1ef05e0e9572294ea849,7
Q6K00326,results\phase9e_packages\Q6K00326.zip,35432,e00e63bf4321b4e8d8c9ad97de9151f04c054b852daa69df34001feef89223bf,7
Q6K00327,results\phase9e_packages\Q6K00327.zip,21016,727499647175a296cc1bcd94e3a51782efe93ddc914be1f919eb41a8b72a12ea,7
Q6K00328,results\phase9e_packages\Q6K00328.zip,41746,42c93708c714d7302d83c79abc326758010a589411cf7f5a923c636d395b3e94,7
Q6K00329,results\phase9e_packages\Q6K00329.zip,46127,2fdb401058de3ad5e93c001a0326362c868165f0c90b0dd99cef1f6b57e6554e,7
Q6K00330,results\phase9e_packages\Q6K00330.zip,30747,14735be2b62745b8b8c7ce006e350d532a1d8269d4669310bd69984dd7a3d637,7
Q6K00331,results\phase9e_packages\Q6K00331.zip,25268,6a8516b026a145db9393e47393b01a3504625ffcc8a1f8e606038502908a305b,7
Q6K00332,results\phase9e_packages\Q6K00332.zip,48434,bcb06878c01fd5e3143feab62f25b5a0782cd38edcd5217913b5f2c4251100cd,7
Q6K00333,results\phase9e_packages\Q6K00333.zip,36066,9853539ad64fa62209d504190933bbb8fff62a80fd55dfc1a22b596d46c98583,7
Q6K00334,results\phase9e_packages\Q6K00334.zip,72347,7c8fdbbd5f3d094f4e53118cd8ea447ad91957dbe6d1722fac9de71c85211bc9,7
Q6K00335,results\phase9e_packages\Q6K00335.zip,41277,69ba5f59b170f35799013d903af807cfec5e1c8d41d32f656529f1ed0718f537,7
Q6K00336,results\phase9e_packages\Q6K00336.zip,19413,47bac45e3707e671d513ee68d80f6c87be0df749f02eb241022652fb2c709f26,7
Q6K00337,results\phase9e_packages\Q6K00337.zip,70539,3f5fdbc4ad7835d8027d53c89657494d88a7a727b2a2277950763170f8b54e21,7
Q6K00338,results\phase9e_packages\Q6K00338.zip,64950,715ba0359b5f95c731631035bd9e75809716a1bac3ce2c84ebf6d46790542a14,7
Q6K00339,results\phase9e_packages\Q6K00339.zip,35358,2613214ad8112a14f01069a0adc798c9718b66ff3f82fbec95df65a87768d141,7
Q6K00340,results\phase9e_packages\Q6K00340.zip,66674,541f44e894f9d85451b49cb4de3fcb1be96f8fb0dc69062b4daac8b8d6395714,7
Q6K00341,results\phase9e_packages\Q6K00341.zip,95092,2c8568de66f8217653716510fb71ec8bf2668173a4409864bc1c282839a15d59,7
Q6K00342,results\phase9e_packages\Q6K00342.zip,57447,eeab9cc66925fcf3de824b61008083431e71c69e060cf7d9d522e727ea25b93a,7
Q6K00343,results\phase9e_packages\Q6K00343.zip,32523,d0c0ae8a293dfa24ef86bb739384d73dba27211a7b6670ddc7f79884a28d70e1,7
Q6K00344,results\phase9e_packages\Q6K00344.zip,84345,e4f7301ca2121139f32526216f2c61444a0e9990723b43d600ca6c92d32077de,7
Q6K00345,results\phase9e_packages\Q6K00345.zip,35463,4fd091f7bff1f7adf0b8ce94599eccd43d4982c365f8562510a934891e830374,7
Q6K00346,results\phase9e_packages\Q6K00346.zip,54592,dac55cdf3a5bd9e7bb1f0843509fdd9f8d63e279cbb8998666419a1ad2a6a888,7
Q6K00347,results\phase9e_packages\Q6K00347.zip,38528,52238f6ecffec67fe721f74fdd3491df05ae8da8f1a5511bab3ce3baf62d618f,7
Q6K00348,results\phase9e_packages\Q6K00348.zip,30441,f3fafd83983c38f78cb97f82ebdf8261ff8c73f831f1f49ab2c2c097cdbc93c0,7
Q6K00349,results\phase9e_packages\Q6K00349.zip,27784,5577b72c7e6f3d9dd59ddfb536f046bc15d87a880d84c93f2a54be40d79277b4,7
Q6K00350,results\phase9e_packages\Q6K00350.zip,40906,ce00fb6411348d4c08e08c33c3b00c4b425698139add2511180e757cb7ef05a2,7
Q6K00351,results\phase9e_packages\Q6K00351.zip,43357,375ffee92e51057837e531f4280a6343420322ec37ada7d71deed89a919d4fc8,7
Q6K00352,results\phase9e_packages\Q6K00352.zip,60952,a79304a1e861c81571fdeaf532be7102977293322d8ff61c217e5a6d6d8d5311,7
Q6K00353,results\phase9e_packages\Q6K00353.zip,28872,d946cdc6a3d412c3c837746e485ace3bfbbe686e392175e4175f84443e3b9c2e,7
Q6K00354,results\phase9e_packages\Q6K00354.zip,33063,d28145c35560601e52f6ca8d903c8d0a9eb951b02c6255a63fe1cd6cc881711e,7
Q6K00355,results\phase9e_packages\Q6K00355.zip,18761,78067e1b2efb07a3423b64739dbd77ec36b758744130f2ebecd17e26594aa36e,7
Q6K00356,results\phase9e_packages\Q6K00356.zip,54894,336bb9e0dd0b3a2abefaac8ab2d610a656f493c7da9565ff37130494b8788adc,7
Q6K00357,results\phase9e_packages\Q6K00357.zip,29758,ec02fbf2273dbd18a4e6186f1d167df2edc0f374ec35dbcf1173e0b21add7e0e,7
Q6K00358,results\phase9e_packages\Q6K00358.zip,26357,e7cdb1ff020def76aab9cf5bad55b82d7863938ab9a9eaad5aa941d0f65a47fd,7
Q6K00359,results\phase9e_packages\Q6K00359.zip,53612,ba00c34565386606223025828c22bfc5b3744c03a07e95d4e424bf9b3913eea6,7
Q6K00360,results\phase9e_packages\Q6K00360.zip,46174,fb51e5340d3f15b0835d11fbcfd4d025712fedd5432d76a38acfb53304569d63,7
Q6K00361,results\phase9e_packages\Q6K00361.zip,67230,37808a4644a6d351f259194ed160a2426b44731c63a0546bbb782eb5276a7023,7
Q6K00362,results\phase9e_packages\Q6K00362.zip,30293,97b41930b26566429d9e8523ca4b31c6d691efb1c57e7053659d745fc915e962,7
Q6K00363,results\phase9e_packages\Q6K00363.zip,53888,f26e16601f7feba1139872968ebed66dcdc111b8c6ee99510e04ed3f8441e724,7
Q6K00364,results\phase9e_packages\Q6K00364.zip,55702,31d98f92a3a1bb39c6fdc7570b6634571edd5d5bace477887e80ba9fc501a5dc,7
Q6K00365,results\phase9e_packages\Q6K00365.zip,27298,9079e52e0d6cd93a646e3e41b728dcaee07704629adefc5e526d3a3915657e66,7
Q6K00366,results\phase9e_packages\Q6K00366.zip,18223,6a9825364bf4638e7e767933455a2a942690dff92349d99776d8eddabc437ddc,7
Q6K00367,results\phase9e_packages\Q6K00367.zip,20314,2b5e17b7e4493ff0bb7b926b2467142aa2af0ded339d34294a34e9be1b5408b6,7
Q6K00368,results\phase9e_packages\Q6K00368.zip,59605,d5d7c1de7e62e132e25c82979391fd93a3fa96f386ba2d318c2a0f5df472368b,7
Q6K00369,results\phase9e_packages\Q6K00369.zip,21253,cae7a62f51506685af65518009481023a76ef79f84bb45240ca815edc99ec30c,7
Q6K00370,results\phase9e_packages\Q6K00370.zip,50539,eac96fa8ad128d6915324d83a10b4a3fe151da69d0653e270d35891064241cc9,7
Q6K00371,results\phase9e_packages\Q6K00371.zip,24411,3a754d4379b4d20d87eb094065f4b91c5eaace5aaf0d0646a98e2d378db8158d,7
Q6K00372,results\phase9e_packages\Q6K00372.zip,32137,99cef474c2acd62674c9f628ca6e5412ab1f01d089df8aaf7a1acd2639cd5597,7
Q6K00373,results\phase9e_packages\Q6K00373.zip,87592,ffd4979d475aea00f5a2d46fc8520922f3fd81c15f56168a4588328d1d4784d5,7
Q6K00374,results\phase9e_packages\Q6K00374.zip,20007,b0900fe4aa045393738d47456e6809720d0403535f8eeec0828acc39a4db5fab,7
Q6K00375,results\phase9e_packages\Q6K00375.zip,32360,2becdd2045c174db223c7dabec69be46ba27ae0d3673c0b180b51b9173af1f99,7
Q6K00376,results\phase9e_packages\Q6K00376.zip,31449,2ed76ebbfa0d5b2bd06de642c1174d63a5727ba40f74a53fcfe961dcefcdd09e,7
Q6K00377,results\phase9e_packages\Q6K00377.zip,65599,5eae7f1bc5aaf5386beb7d7dcf7874199888656136f0117cfcd1a935b76cf792,7
Q6K00378,results\phase9e_packages\Q6K00378.zip,47057,2bc1ce245bcd6c0ededa080f826e3c92fbed5df06fdf19330451e24186cfd1f4,7
Q6K00379,results\phase9e_packages\Q6K00379.zip,45466,acac05df056eb0cb5d97654df32fbdc574649dec25a37c71f0d3edb22139a735,7
Q6K00380,results\phase9e_packages\Q6K00380.zip,45223,8cfd30990b9cfa82219f36cda36df27168ea1c4fd49b7f22508206aa7c826901,7
Q6K00381,results\phase9e_packages\Q6K00381.zip,38095,4f1eb59ab7cf9c5fb292953296990f1811faa77bf9af4f841dd7a0cc29e53849,7
Q6K00382,results\phase9e_packages\Q6K00382.zip,27991,536752c7823e621239fdf5459fdff4774704d537b23c8069c92fd01329a05436,7
Q6K00383,results\phase9e_packages\Q6K00383.zip,28969,ce5c9310926cc9461fa267d22eb3636692c6bc04d81f43f85be6deef36da75b9,7
Q6K00384,results\phase9e_packages\Q6K00384.zip,59237,4f041777ac43cc330ec6167904dfa4472b72c1bb1b32509a8152f5d35fb5a336,7
Q6K00385,results\phase9e_packages\Q6K00385.zip,45378,bafd7b83b88adebe2cca04852187406a87b5718b3b6b6b7a17f8e3e8639d519b,7
Q6K00386,results\phase9e_packages\Q6K00386.zip,56364,b3cc004f1b6762b41eb492262dae38b9a9858366bcec26623725f57d127e3e86,7
Q6K00387,results\phase9e_packages\Q6K00387.zip,926534,350c9bf17ae11948e8466bddd152e51f0c109def8e6bbe75b871760c2fb8ba22,7
Q6K00388,results\phase9e_packages\Q6K00388.zip,19786,8b0db7677165ee908ef77459d10c8a201eb59f7ae8548d7705d14e33dec6d35d,7
Q6K00389,results\phase9e_packages\Q6K00389.zip,106125,4c4ea1e405eb1b65857e2cbd6aab0d3db0376489950e40f55cd559e7571fa26f,7
Q6K00390,results\phase9e_packages\Q6K00390.zip,61103,b3608fc75b2dfaa71a43acbe90bde5d801a2430441be2d300da3727912135d1a,7
Q6K00391,results\phase9e_packages\Q6K00391.zip,65843,f5e3f646ec57dd26029d91f507bfca4c0709fbfa1151a6cc086a66d9643b06c7,7
Q6K00392,results\phase9e_packages\Q6K00392.zip,42927,e07ee595247f4376653a5ed484a7561b581463c6cfd9eb6c8a1880806fad37ad,7
Q6K00393,results\phase9e_packages\Q6K00393.zip,88309,5bc09d0dd642c3a29b20523c33d6f600781f4b7ca280d20899a7388e63d3168c,7
Q6K00394,results\phase9e_packages\Q6K00394.zip,22912,0937765ca376c90832c29badafcb5998a6aafca4155049896113ff9c9da75087,7
Q6K00395,results\phase9e_packages\Q6K00395.zip,44758,d38c179afa026fbf5c8d64b7dc7463c7d3c38008485a93d698b1007d720541d2,7
Q6K00396,results\phase9e_packages\Q6K00396.zip,28738,5fc217d469a629f71001287377c57c24cd37c043f0dbb050119804371c20f312,7
Q6K00397,results\phase9e_packages\Q6K00397.zip,62709,2ffeb11433e955ca8245e0535868c19a8c7f889160d04b46eb6b42a7012a0d28,7
Q6K00398,results\phase9e_packages\Q6K00398.zip,51803,f13e9509258650584031917e548818277a72a15aeac51174a35ff72aa0f4554a,7
Q6K00399,results\phase9e_packages\Q6K00399.zip,47120,a715534ad389d547e50aa50a03acf3e2d14cd31117d873218898ca83851a4609,7
Q6K00400,results\phase9e_packages\Q6K00400.zip,42084,1375ced69365605a8b131fb63ae8cda8dbffe6c3b0a00f05da987aeadc903dbf,7
Q6K00401,results\phase9e_packages\Q6K00401.zip,55005,182875b651fdf529732413955659824e746ca6ec465225d6bb9ed50555148349,7
Q6K00402,results\phase9e_packages\Q6K00402.zip,50920,2594f900e580d49d86674e2f7a99aef383dee6b1241f9511c7e0d9adad8d4037,7
Q6K00403,results\phase9e_packages\Q6K00403.zip,89129,97acab798b2aaf18cf74f8f7050770ee4dee29581b70d6c8d90a1227b5f0a7bb,7
Q6K00404,results\phase9e_packages\Q6K00404.zip,54328,8ac90b12f647d99881ce27220ac36c8f58b2b28ce6386d9e4aac0764a2d0d5dc,7
Q6K00405,results\phase9e_packages\Q6K00405.zip,17704,414f8ba246eade991c4a6a8bd662649d0d9587b99062fa0d36fd63f985c2f4e8,7
Q6K00406,results\phase9e_packages\Q6K00406.zip,25959,7a5f019e93fd38b55487ab6aeb88bf7d2ba7aa31c8b864667d240b862eeb2e9b,7
Q6K00407,results\phase9e_packages\Q6K00407.zip,49299,b078c228192acb05403e53e75b776a0c00044fa0c97a565f56b51bc3b2119ebc,7
Q6K00408,results\phase9e_packages\Q6K00408.zip,30439,666aa0b38020cb20a25e33966a97bc11f7040a479eea9875e9e33c77ef6512b6,7
Q6K00409,results\phase9e_packages\Q6K00409.zip,42904,4a075da069ef43ef0f198827fe18e6d975b52a47cf8ed2f638e91453240a291e,7
Q6K00410,results\phase9e_packages\Q6K00410.zip,30528,e569aed51d00e8b4119fe0d98d94046e6bb345b71747a3af03f2c90ddd26c59f,7
Q6K00411,results\phase9e_packages\Q6K00411.zip,10109,892052567ad29ae69a6de846e50e92fa8773c08dcf26ff11fe1e84345dd62674,7
Q6K00412,results\phase9e_packages\Q6K00412.zip,96855,7880d691343b908f596477d4f0954cf1b7118b554a0a2b673d7008177799a053,7
Q6K00413,results\phase9e_packages\Q6K00413.zip,16485,84e0167c0db77cf18e0e5ee0f04bd4a4558502be96ad2f99b070e8a3e4c035c3,7
Q6K00414,results\phase9e_packages\Q6K00414.zip,942567,5922a21d4aa5dde502196d59f0e2f3dd37c0f5c64caa572648f724bdb6db7d4d,7
Q6K00415,results\phase9e_packages\Q6K00415.zip,64409,753777a4c38f7e8ea2577811038e344ec271aba381542642e321994a7c483a54,7
Q6K00416,results\phase9e_packages\Q6K00416.zip,19378,fd67f22c06349f6ec3e4a7dc9a5594025cfde171d3357c8b1f504724db70577a,7
Q6K00417,results\phase9e_packages\Q6K00417.zip,16209,dd612552aa19ea685bc4a1c4f8c355900f35b3923a2039eca979f6d5ec537ab1,7
Q6K00418,results\phase9e_packages\Q6K00418.zip,60937,411e5f10ab3fa4f140ec17fb3770567afe5ddd0a9b903c28f35822c1f6ca661d,7
Q6K00419,results\phase9e_packages\Q6K00419.zip,47344,ac363de220e8b430979cd9f8f82964995a65a844d2678f3c835c2532425e06ef,7
Q6K00420,results\phase9e_packages\Q6K00420.zip,26893,c234825b8aed85fbf1b6e9bffff5bb679331d98b73c883717d8ce5387728c4d5,7
Q6K00421,results\phase9e_packages\Q6K00421.zip,100453,f198c8bcdac5771ab1a96e68b2414ae4ca6bc8dd86a74f5295666592cc67154c,7
Q6K00422,results\phase9e_packages\Q6K00422.zip,25891,a7c75ac4f4c392eaaeeaccf77cf3a59b30593fe7f99eafa7bf9842273a8f0bb1,7
Q6K00423,results\phase9e_packages\Q6K00423.zip,41506,3f1a89e8e272a970829ed1749593189221adf8535b92453e39d04722d2d0a73c,7
Q6K00424,results\phase9e_packages\Q6K00424.zip,58783,635b403675aad636e5584d9121fecae52799338009b92b6e4a16569e165d7c51,7
Q6K00425,results\phase9e_packages\Q6K00425.zip,28646,f7f9a15a16fe6a2d4773cdb85c669ba03512ecd89bd7b76a9ead66de98826765,7
Q6K00426,results\phase9e_packages\Q6K00426.zip,124371,2b24f026d77dd32f9971dbf1ef64d6ad262c1c37e22ed5db00641e3083f8881e,7
Q6K00427,results\phase9e_packages\Q6K00427.zip,19456,0f6acd0f6e2b040336d6a627636f90bd6d42dc09c1a6466645812dc80d6a78f7,7
Q6K00428,results\phase9e_packages\Q6K00428.zip,57432,5a48c7e7d3d166f78326335c596459a3c46cf4b27da25c4718123a876491d65d,7
Q6K00429,results\phase9e_packages\Q6K00429.zip,103452,e371da650bd829d1cc7ba68fe96f9029c20a67929587af43dc85a2ce4fc8d8bb,7
Q6K00430,results\phase9e_packages\Q6K00430.zip,37452,82f1aafb3a9da4b552c005ee50829010b1483a8454bb0e2896848f24d16c0cc2,7
Q6K00431,results\phase9e_packages\Q6K00431.zip,52653,6be532d55e8e6bbd1383482d916ff283b32493db4045c36eb5f65b6ae5db36a3,7
Q6K00432,results\phase9e_packages\Q6K00432.zip,80174,e4f83698b2e29ed6d85574412af5847ea5a45f7be437485637e8260f8b9e1ac1,7
Q6K00433,results\phase9e_packages\Q6K00433.zip,13193,83ca3b3869968fe8704bf8d5fde293f2af877252cca7c95d0fca7604bb6ecb48,7
Q6K00434,results\phase9e_packages\Q6K00434.zip,35451,db5645c81bc8f91f5170afd3e0c6c23a3c6d72da63da19e37e5954277c325642,7
Q6K00435,results\phase9e_packages\Q6K00435.zip,32932,53051cf54d10f4c9f64cb86fcb2eb7e47106e08d3b29c7c4578a350ebdb76088,7
Q6K00436,results\phase9e_packages\Q6K00436.zip,65521,4812cbf9d39adbe2dbae4d842d35fbb7e3cd7039500d2b0c85a3486e6f5678bd,7
Q6K00437,results\phase9e_packages\Q6K00437.zip,18319,6bdab3b9702fcd6ba5b41d7806c4f8612e4c20397dbeb6a67bd9a39844e155d9,7
Q6K00438,results\phase9e_packages\Q6K00438.zip,33032,5f0076addaf221cf51a378efca36459bea4669409d8d2421acb9d69f485fcf1f,7
Q6K00439,results\phase9e_packages\Q6K00439.zip,32742,d97e01f34355f923700c312a1d43e8ff589f53b3a884a66e9556151ae130049d,7
Q6K00440,results\phase9e_packages\Q6K00440.zip,51475,be4d7be972146b06dc312c85ebece23f07a8dba280e64ff46426de1f58816f33,7
Q6K00441,results\phase9e_packages\Q6K00441.zip,976331,591b1596f7f95898af035dbfaee460c694ccef88feca371d4fd34b36d92cada1,7
Q6K00442,results\phase9e_packages\Q6K00442.zip,30858,8f9bd75b5d5c9d4ad2a84cf24e7fa7a32a19a2fd4ec33b6768cccbbd6ee6c0ca,7
Q6K00443,results\phase9e_packages\Q6K00443.zip,88138,e0185332c0993a4c31aabcfb659973d4507c67f7aa4ec1d60c099f7c379439fb,7
Q6K00444,results\phase9e_packages\Q6K00444.zip,46895,050c7bb123df073f70c994f8197634e4e73b2651b3139a7ac56cb85017e6b359,7
Q6K00445,results\phase9e_packages\Q6K00445.zip,26869,5bc627c14c5cf1f0f058012d332de1c94d3786ce6617cf6576a79b57f047aa18,7
Q6K00446,results\phase9e_packages\Q6K00446.zip,47994,51ce1ef38ea00cdaf63587ed87e34f40022b41a4206ae55a0b9f195534b29561,7
Q6K00447,results\phase9e_packages\Q6K00447.zip,31530,022c5cc139ebdb390c502ed6b30d393a6389e26147034cb4e6da050d1111b6d7,7
Q6K00448,results\phase9e_packages\Q6K00448.zip,26239,6c9da78bbeae5c232f40d9197c76b474e9801ae41ab5f92937298b02585d6ab3,7
Q6K00449,results\phase9e_packages\Q6K00449.zip,47366,a3da61c2b8c7ad178be2205138022ab525b0505a37d505128f7d9bba60f6d336,7
Q6K00450,results\phase9e_packages\Q6K00450.zip,58884,8b13feb071b5fec69d5876be234597d33ef13cff9396c1a07937ad8a090d1c0f,7
Q6K00451,results\phase9e_packages\Q6K00451.zip,1960343,1db91aa9e8e0cb1fef7135c2b31e5ee358de8436bdeb6a9b203d69f54d5a2257,7
Q6K00452,results\phase9e_packages\Q6K00452.zip,98714,7f5f36ba29bd17427d71daafd553e26094d8d3cbb7303c9532ed115453ac17a1,7
Q6K00453,results\phase9e_packages\Q6K00453.zip,36718,fb770b00182d92046cd2ae70271c94c2541a74bf5eeddcacc4593ad2dc7ea5e2,7
Q6K00454,results\phase9e_packages\Q6K00454.zip,72603,da823e3c5a6349fffb497b00dc13274dbff65dd287403b1d2fce597d8c7c4a5f,7
Q6K00455,results\phase9e_packages\Q6K00455.zip,40113,979f6bc2b09f944aa60696dc909d6b7fdf0ec81c0b8ce54e2430679bdc711e08,7
Q6K00456,results\phase9e_packages\Q6K00456.zip,31903,eabe708bad154bd75d6e5bf52952269fc9992ae38673c6001def924b7c80b738,7
Q6K00457,results\phase9e_packages\Q6K00457.zip,46706,bfe302586aba613f22a1eca8c2a551ed161b6a5cd936755d37497cef38c9b02a,7
Q6K00458,results\phase9e_packages\Q6K00458.zip,64945,261969706b026549efa76ce01d7262218fc211ccdcc15723f56c773dc7057730,7
Q6K00459,results\phase9e_packages\Q6K00459.zip,23680,544d524e78a29f1fbfb2fe0640e8520ef39893ff28ba9bb1d50bc9f1e653a903,7
Q6K00460,results\phase9e_packages\Q6K00460.zip,47929,ade59316720dab1ec604118f95896da677d876abe2c00a397f605040c9b5c8b8,7
Q6K00461,results\phase9e_packages\Q6K00461.zip,36426,5007dfa7c4c6ef722458c837a07be3972284271b0b4a4450e161c1cd0c33493b,7
Q6K00462,results\phase9e_packages\Q6K00462.zip,23771,949e17b82c27904ab45ecbb41822d93eb880914175635eff090e5c6369386346,7
Q6K00463,results\phase9e_packages\Q6K00463.zip,91871,35a51da9108d773deaaec7e228849d442fb2d436075a7df7dba5fd7dc6a8d967,7
Q6K00464,results\phase9e_packages\Q6K00464.zip,111411,5dccdc28d4b016fe9999832ec0f6244ebd73dca4acf5093d8be25720b415796d,7
Q6K00465,results\phase9e_packages\Q6K00465.zip,76514,e56192f6d336dac143489eb6c3bdc65b99678a702af0bf97149cf0315e6553fe,7
Q6K00466,results\phase9e_packages\Q6K00466.zip,41195,a836c9443b9bdb2f5c2f4936edf79ff8874dec2fc68e48f9d683e339cfdd09b4,7
Q6K00467,results\phase9e_packages\Q6K00467.zip,82873,e98b178fdb85983a3c86d7433a59b3654cd20f51ca30380b1556a2473adbbe24,7
Q6K00468,results\phase9e_packages\Q6K00468.zip,31197,799ea4c7185da4a274567b60e63cadbc31d92f37faa8cb04b395162244ced2fd,7
Q6K00469,results\phase9e_packages\Q6K00469.zip,80771,61cbd5b356e8c567052db60e7d18ee572b7a7d6139f09381d49717ef33439941,7
Q6K00470,results\phase9e_packages\Q6K00470.zip,13939,a54a7296ee79b8e0cdcd214c3f904a20dc883e419452d002eb8f589a9b6f3458,7
Q6K00471,results\phase9e_packages\Q6K00471.zip,71531,aff00cf307224e7c2f0a86b1b8f454dbd4810708b7553508a90f490eb4c659d3,7
Q6K00472,results\phase9e_packages\Q6K00472.zip,39374,88bd322092bc06cb40a26eaa3fb40b8ba098c1917219db550a4e398caee9745b,7
Q6K00473,results\phase9e_packages\Q6K00473.zip,30869,53e44ebe74602c912503b3059d6fbbf6f24c0419878deac95e1afa0ac34123b3,7
Q6K00474,results\phase9e_packages\Q6K00474.zip,24074,e82a717023c84045764db89a7d4fb0758944e14be3dc45cd13b50b5bad78f281,7
Q6K00475,results\phase9e_packages\Q6K00475.zip,109572,39ffceed368ecca1211c86d7605f44dc17bad0833487d011f8dd57da4971ee73,7
Q6K00476,results\phase9e_packages\Q6K00476.zip,29241,f1aa2967d1f02dccf642ce42a7e773702362d3c27cad8e810ad582f70e49ad61,7
Q6K00477,results\phase9e_packages\Q6K00477.zip,51749,c10042b9854d4421f69da2ba6fa9b487eaace84f5f0157ea44a51e213b945e6d,7
Q6K00478,results\phase9e_packages\Q6K00478.zip,81084,040adc82525ab7852a506e5b3b017296637724724ed9a834d5373ded88265ae1,7
Q6K00479,results\phase9e_packages\Q6K00479.zip,934812,00c6c307eb8129e18370f0bbfc7c8bb62da32a35bbeb43a41c9285ce03d85208,7
Q6K00480,results\phase9e_packages\Q6K00480.zip,73191,8593ec2c2342b2623339d3adef689d5fd9fdbccb84124404faae652d1642ee17,7
Q6K00481,results\phase9e_packages\Q6K00481.zip,29491,80dd4f98a7e82be9e89f81336bf99f6a3de3a7f62eb743dfa024174aad63e16c,7
Q6K00482,results\phase9e_packages\Q6K00482.zip,18577,236a013f444aeb5c9a85d598e4d40ec4f59ac4fc4c74dacdb6bb2ca660eef4ad,7
Q6K00483,results\phase9e_packages\Q6K00483.zip,54043,4bd8ec93f892073559972cfa0e5b9d06c143e4ab9e1729b2387a4670f6804818,7
Q6K00484,results\phase9e_packages\Q6K00484.zip,31400,2a620c4444b4b5e81c072a3c307e2c2246cbb6c3e054c349f1723ddffd820bb4,7
Q6K00485,results\phase9e_packages\Q6K00485.zip,23403,67b934eb16d27cd9ef82e20d5efa2a52f69f947e7cdc2696b870a19b1804a704,7
Q6K00486,results\phase9e_packages\Q6K00486.zip,33762,45a80f45b83151cbc12b51ef5eef6392dc38bf26c2fe408f39bc543f884ef360,7
Q6K00487,results\phase9e_packages\Q6K00487.zip,46956,8027d0a5cd62e8f6e8d201a62e294f44c396d669aacc343b14afa4570e5bf3de,7
Q6K00488,results\phase9e_packages\Q6K00488.zip,18958,54656b414cb0e2fa6ad9bfb888d4bfb9d5e39d19e90beeff36a81d4038458ab7,7
Q6K00489,results\phase9e_packages\Q6K00489.zip,924976,8c4244074b96f15aaf39b5b32d839f930abd93edccf82f9227534acfb2013684,7
Q6K00490,results\phase9e_packages\Q6K00490.zip,21391,cb6330a79832c8c41d501407e778c20f988a59094e8e33d6245bc1f76b7528fd,7
Q6K00491,results\phase9e_packages\Q6K00491.zip,222368,cf4a3ee001da107de9218b5e51223ae82285be98a40a27f87359e3b9f43026a2,7
Q6K00492,results\phase9e_packages\Q6K00492.zip,29507,cc16b2e9094aac60657d39c2b942cbf37cc9ea2e8b3e0f33c060083888554b61,7
Q6K00493,results\phase9e_packages\Q6K00493.zip,931850,d6ebfcb525469c3880c2e1274d8f1f5095d1ad6b34ad30839b1341eab959ff3c,7
Q6K00494,results\phase9e_packages\Q6K00494.zip,93336,e7c185b35487de660a0edd1acebf5e415b3af2c221017a702b850f340742976c,7
Q6K00495,results\phase9e_packages\Q6K00495.zip,14006,a161ce0bcb011ddffd5651441e8229cd4dea7eff4219a58f048ca0c13d6f235f,7
Q6K00496,results\phase9e_packages\Q6K00496.zip,25061,99e48010dc76700e8654afd592117efafd9785f089601c6a7633aa8156004534,7
Q6K00497,results\phase9e_packages\Q6K00497.zip,22025,e255665f368418c78bd61c97ebb773b7af12840b6c580be33c90e7376dabe82a,7
Q6K00498,results\phase9e_packages\Q6K00498.zip,45256,0f02d6a9abc142becddc404e47737a49ef7ce91c4eebfea6790e08c1bb7e0ef0,7
Q6K00499,results\phase9e_packages\Q6K00499.zip,50487,ae2e0d795513660dc8ed33ed20da97cc957af575fe20f87d471c766c3636d7a1,7
Q6K00500,results\phase9e_packages\Q6K00500.zip,34411,021025ba056bd3f648bf92b1771802a043d78a957d4aad2ccb730ca8c6ffb792,7
Q6K00501,results\phase9e_packages\Q6K00501.zip,193163,f10742a5eea88dbf8727f1ea855025780a1259d77a4d90293c8080038ff0b79a,7
Q6K00502,results\phase9e_packages\Q6K00502.zip,51175,e4944a2e2fb47b6120ea095fed254a48d2d4bf7c26115b16275457b4a53e0943,7
Q6K00503,results\phase9e_packages\Q6K00503.zip,29184,b472e38de2424ce86301704c39513169b4e503ea1f21bcc5a5003cafb3ecf7ab,7
Q6K00504,results\phase9e_packages\Q6K00504.zip,108024,f3e0704dbfad20744fb85f3bd727a95d5c7202680497e147bc623372f840d132,7
Q6K00505,results\phase9e_packages\Q6K00505.zip,72180,f55ab67f94fe34589371a1c2775c4301b5ff3a27c5cf271f7cc5da11c4e1adf7,7
Q6K00506,results\phase9e_packages\Q6K00506.zip,20727,5eac731a812dd68e0b4930976c7233613676ef46333ba1acf8f4ba4d5f2b1d59,7
Q6K00507,results\phase9e_packages\Q6K00507.zip,51703,6eb3c4296de7894f4ea62a01c767b44bbaed71b70e8d9ee423cd532c8d00255e,7
Q6K00508,results\phase9e_packages\Q6K00508.zip,33297,3b7b871f6736e294198657649c267d9b1c599e9135ecf583dcfaa55abe021dc7,7
Q6K00509,results\phase9e_packages\Q6K00509.zip,28765,3a722517b34833fe3b6c71e172616b7ab0a364d81c5cdca8a765db2f3e36579c,7
Q6K00510,results\phase9e_packages\Q6K00510.zip,27327,177b616b8a78491162b6567107c51b7fce87c6c5dfc9a4bcbbeb4406a3410a3d,7
Q6K00511,results\phase9e_packages\Q6K00511.zip,49648,6484d271e22c76f3a14ac5e2c4a9696cd36bb50c0c6ac7ee9b7875b81d3d45f5,7
Q6K00512,results\phase9e_packages\Q6K00512.zip,34343,34f435fafb4f96883979dd43c57b9f30f8281911dc5e00faee0865c775a71460,7
Q6K00513,results\phase9e_packages\Q6K00513.zip,20233,ffaa5e83f4a79833ecafa99b640dfd39674328711f3dc4951dca898d829a87d9,7
Q6K00514,results\phase9e_packages\Q6K00514.zip,55361,bea0264bda187ef222649936a50b91bed8b42c6841a5869bd288193b970abb4f,7
Q6K00515,results\phase9e_packages\Q6K00515.zip,931170,e902b55464bac1c4ead438dad91b5c3b5ad0f08c5695b71e48941d2d9326ef33,7
Q6K00516,results\phase9e_packages\Q6K00516.zip,222817,0dc90f1fbac5a68adf6e5afb7d133295c0d30c7e5a08a11c8567d0ebf2ad5cb7,7
Q6K00517,results\phase9e_packages\Q6K00517.zip,67237,fe64f8cd29b5c21cb987885ca6057b9d5879403d12a256f3d1660b0d99d32378,7
Q6K00518,results\phase9e_packages\Q6K00518.zip,20281,9619d5cebc441253295830c8252508756ced11feb13f7f04d3d921a5da178209,7
Q6K00519,results\phase9e_packages\Q6K00519.zip,19471,11c0150cc4d480b1818c5bf211a27e03a0f903dba977658f499765a335dda303,7
Q6K00520,results\phase9e_packages\Q6K00520.zip,26595,3b4e3d92341820900a7b6bb74a63026899f11d511259224ce881f600e9106bdd,7
Q6K00521,results\phase9e_packages\Q6K00521.zip,193199,a4cc5c29fea0fa2e5a622276dabad3069b7093ad5f22dcf5f4db90243bc53109,7
Q6K00522,results\phase9e_packages\Q6K00522.zip,70737,b82d34cd57269db5cd0c28e9b5a08b9b2d546b6cec3df9b8561c97d7bd6d4ae1,7
Q6K00523,results\phase9e_packages\Q6K00523.zip,56542,bfc2799a6173627e10b0267c51ea7d84f310d6f2547a1fde9b7fd04402fde2d8,7
Q6K00524,results\phase9e_packages\Q6K00524.zip,32862,e9f5fbe0fbbe1cf1dea14ab8842d20beededca274182f740c6f372be511266ec,7
Q6K00525,results\phase9e_packages\Q6K00525.zip,193278,dffd56b66cd0528d4b45819af9ffc74096062a79e39be0308486d0a446fca492,7
Q6K00526,results\phase9e_packages\Q6K00526.zip,28779,bfa7f9b6f48e568cd776086e2abf7a8bc986e3cc76077794a725b4e8fbfdb768,7
Q6K00527,results\phase9e_packages\Q6K00527.zip,83346,134ac196263da668c50d0e87c454486c4c194c710aaba781c91b89556160df9a,7
Q6K00528,results\phase9e_packages\Q6K00528.zip,22206,309b7f9e51d60011287a1cff47b64ccb1da3cd18544c91f52f42beec80742cd2,7
Q6K00529,results\phase9e_packages\Q6K00529.zip,216507,a79bbde054293553b865daaab8fda266e8a6b9fd5b5d770a502cf99b965a8c27,7
Q6K00530,results\phase9e_packages\Q6K00530.zip,74939,1edb69aaab146128cfe0ab4ea45be5394fd559bf2a37627a37c0333d2e871f07,7
Q6K00531,results\phase9e_packages\Q6K00531.zip,72569,361577e0725987fb7c7336d46baa6cb8d106ccd0b576d97e0213a85801b3c861,7
Q6K00532,results\phase9e_packages\Q6K00532.zip,41644,5ed2c3258b7ebd3f384c3e162848f2749c2a7fba87bc14d47c638ff72fd19e0d,7
Q6K00533,results\phase9e_packages\Q6K00533.zip,924790,3844cf2fdd0ceac7ff6c40a09ce43d672e77262b51be0cc30546f709ace4f4a2,7
Q6K00534,results\phase9e_packages\Q6K00534.zip,18595,3e358c6113b45abb87b9d35bdadd98b4ac499afeb063d6cb13c88bd14640b13d,7
Q6K00535,results\phase9e_packages\Q6K00535.zip,63669,da8e4f7857843fb3e35be98543db112ddb6e7e13633c0021ec06a22f587e7264,7
Q6K00536,results\phase9e_packages\Q6K00536.zip,42791,60e4dccebe51b9e5c6b3285d1930bba6a88004058847f3e7a1bf8c93227cfdda,7
Q6K00537,results\phase9e_packages\Q6K00537.zip,44036,8289a6408991e527a98ff6cb6a95e5b7f54f914f386d3fe2ea8b489981dac778,7
Q6K00538,results\phase9e_packages\Q6K00538.zip,29140,5f7954b3b2e45d34b7f2ca41a664da08bdc6d3ff7bc904b9425add8a677c4202,7
Q6K00539,results\phase9e_packages\Q6K00539.zip,63862,4dd9c0d849d5eaa81ca60e32d864a2a3826564049727d3c19bf08e7230eb33a9,7
Q6K00540,results\phase9e_packages\Q6K00540.zip,21197,b2b5743f4b1650ecd56c6dd7ac131b36bbbf5f180043ada8007fea603925bcb8,7
