concurrency,request_index,query_id,package_size_bytes,success,client_latency_ms,archive_manifest_ms,payload_read_ms,extraction_ms,search_ms,reconstruction_ms,server_total_ms,error
1,1,Q6K00227,70448,True,51.5978,0.3504,0.2724,35.1963,11.0067,1.088,48.001,
1,2,Q6K00341,95092,True,54.2635,0.3444,0.223,39.3017,11.0944,1.1178,52.2228,
1,3,Q6K00330,30747,True,62.9591,0.3414,0.2061,14.5635,28.4721,1.1164,44.8049,
1,4,Q6K00480,73191,True,50.0093,0.299,0.2913,34.8783,11.4626,1.0811,48.1252,
1,5,Q6K00290,34479,True,30.6949,0.3124,0.1883,16.5402,10.255,0.9986,28.3715,
1,6,Q6K00337,70539,True,55.5658,0.3387,0.2617,25.8949,13.4931,1.8897,41.9664,
1,7,Q6K00276,42802,True,45.848,0.3538,0.1867,14.2012,10.3658,1.1106,26.3011,
1,8,Q6K00240,8917,True,17.1977,0.321,0.1151,3.4184,10.4377,1.0226,15.3787,
1,9,Q6K00522,70737,True,46.7425,0.3661,0.2606,14.8347,11.0154,1.1033,27.6625,
1,10,Q6K00335,41277,True,35.4835,0.2995,0.2764,19.1872,11.5288,1.5751,32.9493,
1,11,Q6K00364,55702,True,48.3683,0.3464,0.2479,34.5174,10.2199,1.0245,46.4591,
1,12,Q6K00188,16057,True,30.6031,0.3325,0.1594,5.3406,10.959,1.1442,18.048,
1,13,Q6K00283,33784,True,34.5891,0.3452,0.2129,10.2006,10.5921,1.0373,22.4663,
1,14,Q6K00219,15692,True,19.6121,0.3013,0.1388,5.8395,10.1364,1.1066,17.5823,
1,15,Q6K00314,24077,True,42.5851,0.3442,0.1656,9.9379,9.9968,1.1015,21.6236,
1,16,Q6K00515,931170,True,72.0866,0.3544,0.7409,35.1683,10.3529,0.9224,47.6403,
1,17,Q6K00407,49299,True,45.5429,0.4266,0.2702,18.6333,10.6257,1.4643,31.5318,
1,18,Q6K00395,44758,True,43.5748,0.35,0.1751,16.8116,10.4416,1.1298,28.9797,
1,19,Q6K00277,119672,True,70.3602,0.3339,0.4242,54.8405,11.4389,1.1045,68.2808,
1,20,Q6K00375,32360,True,50.1465,0.537,0.2967,11.9421,10.3156,1.0785,24.2406,
1,21,Q6K00233,95838,True,50.1203,0.2925,0.2354,36.0,10.3926,0.996,48.0967,
1,22,Q6K00496,25061,True,41.3722,0.3161,0.203,9.9558,11.1519,1.023,22.738,
1,23,Q6K00412,96855,True,87.0763,0.4023,0.3049,49.5089,10.49,1.0729,61.8917,
1,24,Q6K00536,42791,True,22.4419,0.3032,0.1696,9.1789,9.8982,1.0319,20.6548,
1,25,Q6K00471,71531,True,39.6117,0.2723,0.2728,23.1437,12.1743,1.2152,37.1602,
1,26,Q6K00399,47120,True,36.1441,0.3285,0.2274,21.2003,11.0961,1.0459,33.9726,
1,27,Q6K00233,95838,True,78.1656,0.5057,0.2446,38.9208,10.5017,1.3901,51.8365,
1,28,Q6K00417,16209,True,20.8589,0.3149,0.1582,5.9572,11.2496,1.2752,19.06,
1,29,Q6K00357,29758,True,29.4181,0.298,0.1937,15.0833,10.6446,1.1408,27.4304,
1,30,Q6K00524,32862,True,21.8806,0.3066,0.171,8.5978,9.9662,1.1004,20.2081,
1,31,Q6K00459,23680,True,25.4615,0.266,0.1598,11.2001,10.8407,1.106,23.6846,
1,32,Q6K00516,222817,True,103.5224,0.2947,0.4389,88.8738,10.9449,0.948,101.6095,
1,33,Q6K00506,20727,True,22.092,0.3025,0.1513,5.3992,12.7632,1.3616,20.0381,
1,34,Q6K00272,101320,True,71.2981,0.3554,0.3318,35.9517,9.9784,1.324,48.045,
1,35,Q6K00249,24211,True,23.4439,0.3721,0.16,9.2833,10.3883,1.3328,21.604,
1,36,Q6K00482,18577,True,18.7433,0.2938,0.128,4.9522,10.6084,0.969,17.0164,
1,37,Q6K00258,40940,True,30.1953,0.305,0.2326,16.6671,10.123,1.0383,28.4449,
1,38,Q6K00415,64409,True,58.7226,0.3528,0.2502,25.1307,10.7861,1.0864,37.7027,
1,39,Q6K00399,47120,True,36.6786,0.3062,0.2712,22.1111,10.5222,1.2037,34.5172,
1,40,Q6K00401,55005,True,38.5218,0.5265,0.2154,7.753,10.5761,1.0461,20.1839,
1,41,Q6K00387,926534,True,50.0,0.3057,0.7042,33.5731,11.7496,1.0904,47.5005,
1,42,Q6K00447,31530,True,26.447,0.3491,0.25,11.8693,10.473,1.0902,24.1092,
1,43,Q6K00526,28779,True,26.7786,0.3144,0.3108,12.433,10.3121,1.0135,24.4544,
1,44,Q6K00431,52653,True,39.0349,0.2942,0.328,24.6284,10.5781,0.9795,36.8992,
1,45,Q6K00387,926534,True,48.942,0.2835,0.6347,34.2025,10.5279,1.1548,46.897,
1,46,Q6K00475,109572,True,58.3097,0.3445,0.2981,44.9764,9.3329,1.2866,56.3283,
1,47,Q6K00401,55005,True,20.6437,0.3091,0.1791,7.4895,9.9169,1.0544,19.0103,
1,48,Q6K00492,29507,True,23.105,0.2638,0.1997,9.7252,10.0455,0.9918,21.2928,
1,49,Q6K00506,20727,True,19.2328,0.2979,0.158,5.2757,10.3151,1.0823,17.1896,
1,50,Q6K00481,29491,True,34.0229,0.4346,0.1904,9.3639,10.3366,1.0879,21.4986,
1,51,Q6K00407,49299,True,32.4271,0.3914,0.2246,17.6953,10.815,1.0955,30.2998,
1,52,Q6K00448,26239,True,45.3953,0.3433,0.1533,10.5052,10.3103,1.0087,22.399,
1,53,Q6K00470,13939,True,40.7431,0.4152,0.1447,4.6065,10.3147,1.0811,16.6495,
1,54,Q6K00494,93336,True,61.0936,0.2617,0.2994,46.3845,10.6093,1.0979,58.8381,
1,55,Q6K00358,26357,True,34.8841,0.4853,0.205,5.7319,10.8279,1.0546,18.4236,
1,56,Q6K00402,50920,True,53.3916,0.3139,0.2774,38.0459,11.172,1.0397,50.9459,
1,57,Q6K00295,45550,True,45.2066,0.336,0.2314,11.3736,10.3807,1.2574,23.6634,
1,58,Q6K00462,23771,True,20.4458,0.3038,0.1881,6.6057,10.1602,1.0657,18.3885,
1,59,Q6K00286,24274,True,43.2719,0.5782,0.1767,12.1119,10.6364,1.0782,24.6638,
1,60,Q6K00313,64632,True,34.5064,0.2912,0.1818,20.4517,10.3295,1.1504,32.4992,
1,61,Q6K00420,26893,True,39.66,0.4598,0.1661,8.9884,10.272,0.9908,20.9901,
1,62,Q6K00499,50487,True,33.2698,0.2818,0.2474,18.9708,10.8436,1.0305,31.4532,
1,63,Q6K00318,23216,True,27.1352,0.2982,0.2007,12.3355,10.9917,1.147,25.0593,
1,64,Q6K00520,26595,True,23.5932,0.315,0.175,9.555,10.6523,0.9724,21.7386,
1,65,Q6K00207,37321,True,46.8233,0.6562,0.2079,13.6396,10.502,1.0482,26.1281,
1,66,Q6K00209,25901,True,38.585,0.333,0.1439,6.3327,10.4613,0.979,18.3146,
1,67,Q6K00473,30869,True,25.4176,0.4642,0.2504,11.4887,10.0325,1.098,23.4072,
1,68,Q6K00400,42084,True,41.8264,0.3535,0.1764,10.4219,10.7992,1.1966,23.0155,
1,69,Q6K00531,72569,True,29.1519,0.2658,0.2562,15.0714,10.4317,1.0215,27.1269,
1,70,Q6K00350,40906,True,37.5867,0.5615,0.17,13.484,10.7045,1.0173,26.0153,
1,71,Q6K00254,49280,True,31.0999,0.2956,0.2134,17.4237,10.2383,1.016,29.2578,
1,72,Q6K00434,35451,True,43.8001,0.3747,0.1544,10.6767,10.4818,0.9751,22.7575,
1,73,Q6K00193,40864,True,58.206,0.3844,0.1749,22.442,10.6813,1.1082,34.8701,
1,74,Q6K00540,21197,True,23.0442,0.2844,0.2318,9.2965,10.134,1.0164,21.0447,
1,75,Q6K00488,18958,True,19.9448,0.3306,0.1581,5.4678,10.6896,1.268,17.9822,
1,76,Q6K00315,36650,True,35.8808,0.329,0.1591,7.7482,10.3204,1.1537,19.7852,
1,77,Q6K00513,20233,True,21.712,0.3002,0.1897,8.095,10.45,1.0142,20.1162,
1,78,Q6K00458,64945,True,36.8941,0.2535,0.3141,23.1709,9.973,0.9391,34.7403,
1,79,Q6K00378,47057,True,27.6279,0.2827,0.219,13.2825,10.7725,1.0945,25.7528,
1,80,Q6K00368,59605,True,65.8591,0.3332,0.241,34.0894,10.9553,1.1396,46.8606,
1,81,Q6K00432,80174,True,53.5606,0.3441,0.2358,25.388,11.0,1.0826,38.1332,
1,82,Q6K00495,14006,True,43.496,0.4348,0.1418,5.8397,10.6089,1.059,18.1693,
1,83,Q6K00378,47057,True,37.2366,0.3396,0.2023,12.8563,10.2385,1.054,24.7665,
1,84,Q6K00310,25217,True,45.616,0.4594,0.18,10.9783,10.1083,1.1895,22.9909,
1,85,Q6K00202,28249,True,43.3735,0.3332,0.2168,7.1407,11.2616,1.0445,20.0815,
1,86,Q6K00229,90055,True,93.115,0.5384,0.3695,51.8137,11.6145,1.3949,65.8474,
1,87,Q6K00351,43357,True,31.5622,0.3261,0.2168,17.1963,10.7449,1.1423,29.7054,
1,88,Q6K00273,35835,True,33.9482,0.3294,0.1719,10.5442,10.5775,1.0352,22.7229,
1,89,Q6K00433,13193,True,41.3478,0.3784,0.142,4.4032,10.3073,1.1495,16.4544,
1,90,Q6K00271,67886,True,56.4324,0.331,0.456,41.1513,11.3049,1.0847,54.4335,
1,91,Q6K00531,72569,True,29.5594,0.3164,0.2351,15.1923,10.4607,1.0535,27.3343,
1,92,Q6K00421,100453,True,36.503,0.3066,0.2716,21.7494,10.9191,1.0328,34.3586,
1,93,Q6K00487,46956,True,47.8201,0.3422,0.2119,19.0606,10.2911,1.1365,31.1195,
1,94,Q6K00528,22206,True,35.1354,0.3745,0.1221,6.2251,10.5426,0.9911,18.3432,
1,95,Q6K00248,19345,True,31.5208,0.339,0.1543,6.3927,11.1174,1.0107,19.0853,
1,96,Q6K00394,22912,True,22.9632,0.2837,0.1671,8.952,10.5601,1.0137,21.0392,
1,97,Q6K00300,43289,True,30.9931,0.3334,0.2072,16.6107,10.7086,1.0368,28.9638,
1,98,Q6K00514,55361,True,48.2297,0.3532,0.2437,14.6899,11.142,1.1384,27.6736,
1,99,Q6K00386,56364,True,49.7043,0.3703,0.2716,16.6602,10.4269,1.5657,29.389,
1,100,Q6K00302,15337,True,19.0371,0.3357,0.1446,5.3228,10.2629,1.0485,17.1746,
1,101,Q6K00226,64913,True,36.6537,0.2779,0.6438,21.4691,11.3134,1.0672,34.9262,
1,102,Q6K00394,22912,True,22.9495,0.2671,0.1928,9.1626,10.4402,1.0815,21.2422,
1,103,Q6K00330,30747,True,43.785,0.3767,0.2144,13.8597,10.2159,1.0008,25.7517,
1,104,Q6K00500,34411,True,25.4263,0.3083,0.2208,11.9233,10.0388,1.0767,23.6459,
1,105,Q6K00474,24074,True,49.6538,0.3405,0.1654,10.0739,10.9107,1.2104,22.7757,
1,106,Q6K00325,57587,True,48.9544,0.3158,0.2517,34.2903,10.9071,1.0474,46.9022,
1,107,Q6K00352,60952,True,45.0444,0.3606,0.278,30.2306,10.67,1.4274,43.0687,
1,108,Q6K00468,31197,True,25.6629,0.3011,0.2221,11.5717,10.4744,1.0318,23.677,
1,109,Q6K00529,216507,True,90.0044,0.2954,0.42,75.5203,10.4127,0.9762,87.7289,
1,110,Q6K00501,193163,True,80.015,0.3472,0.3759,65.3297,10.9754,0.9487,78.0873,
1,111,Q6K00531,72569,True,29.8291,0.3031,0.2171,14.704,10.1031,1.1539,26.5804,
1,112,Q6K00385,45378,True,25.9052,0.2778,0.1987,12.0033,10.3643,0.9767,23.9361,
1,113,Q6K00522,70737,True,44.9325,0.3312,0.2288,14.4129,10.0304,0.9506,26.034,
1,114,Q6K00386,56364,True,51.2901,0.333,0.2562,16.9085,10.732,1.031,29.3478,
1,115,Q6K00359,53612,True,57.4858,0.3393,0.2803,26.988,10.8456,1.0663,39.6002,
1,116,Q6K00424,58783,True,48.4381,0.3224,0.3217,33.1003,11.18,1.0949,46.114,
1,117,Q6K00451,1960343,True,77.2372,0.3335,1.2257,61.7097,10.5296,1.1981,75.0918,
1,118,Q6K00285,54497,True,32.7296,0.3032,0.3965,18.5151,10.4679,1.0258,30.7981,
1,119,Q6K00498,45256,True,36.7686,0.3386,0.2889,19.5835,10.9812,1.9976,33.2902,
1,120,Q6K00353,28872,True,27.3555,0.4078,0.2237,12.2648,10.8784,1.0418,25.0875,
1,121,Q6K00337,70539,True,42.3415,0.313,0.375,26.7119,11.4204,1.2602,40.1905,
1,122,Q6K00496,25061,True,23.2034,0.3326,0.1792,9.5392,10.1776,1.0203,21.336,
1,123,Q6K00404,54328,True,54.6244,0.3473,0.2454,24.2966,10.5857,1.1779,36.7497,
1,124,Q6K00380,45223,True,34.3598,0.3342,0.1996,18.3967,12.2328,1.0631,32.3031,
1,125,Q6K00478,81084,True,44.5664,0.3012,0.2657,30.5258,10.476,0.9692,42.6362,
1,126,Q6K00239,90649,True,74.5717,0.375,0.3659,37.63,10.5934,1.0755,50.1279,
1,127,Q6K00319,38829,True,48.4351,0.3927,0.2197,9.5757,10.4348,1.0208,21.7268,
1,128,Q6K00417,16209,True,42.8011,0.3598,0.1511,5.6465,10.7759,1.0117,18.0238,
1,129,Q6K00474,24074,True,24.4851,0.3589,0.2065,10.3657,10.2285,1.1768,22.4226,
1,130,Q6K00509,28765,True,25.9526,0.3197,0.1951,11.8663,10.7055,0.924,24.0771,
1,131,Q6K00386,56364,True,31.5119,0.3021,0.2521,16.5532,11.4662,1.0293,29.6918,
1,132,Q6K00532,41644,True,35.9503,0.3042,0.1797,21.8372,10.6576,1.0327,34.1196,
1,133,Q6K00292,37807,True,19.4328,0.448,0.235,5.513,9.8423,1.438,17.5563,
1,134,Q6K00359,53612,True,41.5973,0.2952,0.2241,26.9166,10.8018,1.0705,39.4413,
1,135,Q6K00330,30747,True,28.2015,0.3435,0.1627,13.3877,10.6029,1.199,25.7545,
1,136,Q6K00345,35463,True,29.8793,0.3112,0.2772,14.9248,10.8945,1.1997,27.6935,
1,137,Q6K00268,51425,True,29.2087,0.3859,0.287,12.8413,12.3397,1.13,27.0933,
1,138,Q6K00212,20116,True,24.2661,0.3001,0.2317,9.5175,10.8289,1.322,22.2904,
1,139,Q6K00315,36650,True,24.1926,0.3287,0.2394,8.0917,12.2016,1.1267,22.0736,
1,140,Q6K00538,29140,True,52.7536,0.3999,0.2636,16.2364,11.1075,1.1319,29.245,
1,141,Q6K00492,29507,True,26.6176,0.5646,0.2185,10.4313,11.6084,1.2693,24.1969,
1,142,Q6K00530,74939,True,39.7634,0.3101,0.3344,24.2108,11.8241,1.0523,37.8544,
1,143,Q6K00434,35451,True,27.1426,0.3603,0.2878,11.5412,11.4241,1.0276,24.741,
1,144,Q6K00511,49648,True,41.2292,0.3544,0.2748,22.7659,12.5469,2.0375,38.0981,
1,145,Q6K00349,27784,True,24.398,0.4594,0.2495,8.4793,11.564,1.2183,22.0607,
1,146,Q6K00283,33784,True,28.7523,0.3468,0.1984,10.6902,12.6946,1.3645,25.3927,
1,147,Q6K00240,8917,True,19.0764,0.4198,0.1346,3.461,11.2838,1.3964,16.7875,
1,148,Q6K00386,56364,True,48.0708,0.2956,0.2099,17.3992,27.0167,1.1902,46.2132,
1,149,Q6K00320,30898,True,28.612,0.3206,0.1983,14.0043,10.7486,1.0792,26.4492,
1,150,Q6K00238,35389,True,34.4247,0.3003,0.1902,13.915,16.4281,1.4318,32.3942,
1,151,Q6K00351,43357,True,64.3361,0.6998,0.2412,21.0994,14.2538,1.3757,37.776,
1,152,Q6K00407,49299,True,54.9241,0.3673,0.2426,19.4541,10.5452,1.0298,31.7339,
1,153,Q6K00338,64950,True,63.7246,0.5262,0.3975,33.2091,12.5915,1.2293,48.2379,
1,154,Q6K00524,32862,True,49.1736,0.3797,0.2017,9.2728,10.4729,1.0227,21.4734,
1,155,Q6K00484,31400,True,27.4877,0.3031,0.2087,11.7006,11.4889,0.9662,24.7386,
1,156,Q6K00462,23771,True,23.4744,0.331,0.3242,7.0812,11.8902,1.4309,21.1843,
1,157,Q6K00259,46752,True,29.0844,0.5206,0.2678,12.6611,11.8948,1.2143,26.6668,
1,158,Q6K00416,19378,True,21.6378,0.4293,0.2541,5.9319,11.1398,1.2972,19.1702,
1,159,Q6K00480,73191,True,50.4679,0.3084,0.3614,35.6158,10.5972,1.1136,48.104,
1,160,Q6K00250,65228,True,65.1629,0.3908,0.3114,26.5481,10.1468,1.3483,38.8433,
1,161,Q6K00444,46895,True,50.4211,0.3265,0.231,14.4663,10.1702,1.0102,26.2906,
1,162,Q6K00356,54894,True,26.8837,0.2953,0.2758,12.4855,10.7582,1.0287,24.9241,
1,163,Q6K00303,54747,True,55.3209,0.3846,0.2678,17.4937,10.522,1.1216,29.8845,
1,164,Q6K00239,90649,True,51.5442,0.3681,0.4131,37.0619,10.3498,1.0318,49.3356,
1,165,Q6K00394,22912,True,34.2683,0.3529,0.2149,9.2204,10.9648,1.0231,21.8622,
1,166,Q6K00213,35472,True,24.5919,0.359,0.2377,8.7154,11.5872,1.1512,22.1266,
1,167,Q6K00454,72603,True,42.5654,0.36,0.2705,12.2656,11.978,1.1615,26.1491,
1,168,Q6K00198,41933,True,35.1523,0.3342,0.2579,20.0709,10.813,1.2722,32.8495,
1,169,Q6K00390,61103,True,31.7441,0.2941,0.2922,15.5426,11.1498,1.6242,29.0188,
1,170,Q6K00523,56542,True,24.8923,0.3332,0.2041,9.9311,11.3325,0.9726,22.8659,
1,171,Q6K00524,32862,True,24.4779,0.3279,0.2661,9.6834,11.1198,1.0351,22.5317,
1,172,Q6K00337,70539,True,52.696,0.3221,0.255,27.2874,10.8659,1.292,40.1128,
1,173,Q6K00341,95092,True,79.2497,0.479,0.3935,43.7633,10.7773,1.2888,56.8301,
1,174,Q6K00303,54747,True,38.1073,0.4269,0.3521,20.3432,12.9852,1.4305,35.6512,
1,175,Q6K00472,39374,True,28.8904,0.3817,0.2974,11.8801,12.5818,1.2947,26.5396,
1,176,Q6K00346,54592,True,44.6196,0.3827,0.283,26.4353,12.9548,1.3906,41.5687,
1,177,Q6K00382,27991,True,61.1683,0.4811,0.4081,18.4,12.5392,1.0817,33.0909,
1,178,Q6K00384,59237,True,43.8958,0.3324,0.2945,29.345,10.5485,1.1817,41.7877,
1,179,Q6K00426,124371,True,29.8065,0.351,0.301,13.9625,10.4405,1.0126,26.1606,
1,180,Q6K00468,31197,True,28.1502,0.4677,0.2339,12.325,11.3756,1.1034,25.6447,
1,181,Q6K00493,931850,True,68.3329,0.3423,1.0185,36.7898,10.455,1.0211,49.7622,
1,182,Q6K00300,43289,True,31.5244,0.3147,0.2897,17.1852,10.5309,1.0366,29.4899,
1,183,Q6K00335,41277,True,33.328,0.3183,0.2054,18.5941,10.7051,1.0973,31.3322,
1,184,Q6K00471,71531,True,61.1482,0.3567,0.2765,23.6225,11.132,1.2029,36.6898,
1,185,Q6K00470,13939,True,19.3077,0.3123,0.1241,4.4679,11.1047,1.1084,17.1783,
1,186,Q6K00402,50920,True,68.0094,0.3435,0.3016,32.0139,10.5912,1.011,44.3631,
1,187,Q6K00365,27298,True,39.866,0.3764,0.2338,8.1274,10.7183,1.3023,20.8396,
1,188,Q6K00462,23771,True,20.9625,0.3311,0.1516,6.386,10.8978,1.0603,18.8926,
1,189,Q6K00243,74070,True,48.5781,0.3768,0.3441,33.345,11.4043,1.0948,46.6614,
1,190,Q6K00239,90649,True,51.7004,0.369,0.2961,37.2278,10.6102,1.1662,49.7635,
1,191,Q6K00512,34343,True,38.3856,0.3788,0.1397,11.4678,10.7197,1.1293,23.9057,
1,192,Q6K00190,35342,True,28.3031,0.3221,0.1957,14.3625,10.2989,1.1427,26.3956,
1,193,Q6K00501,193163,True,82.6906,0.3453,0.3446,67.5863,11.3515,0.9659,80.6902,
1,194,Q6K00453,36718,True,32.738,0.3322,0.2521,17.785,11.3266,0.986,30.7657,
1,195,Q6K00201,47146,True,42.8543,0.3196,0.2319,11.448,9.9967,0.9982,23.0811,
1,196,Q6K00346,54592,True,37.6938,0.6368,0.2392,23.0719,10.1628,1.4806,35.6815,
1,197,Q6K00299,23638,True,19.8062,0.3047,0.1555,5.2603,11.1096,1.0222,17.92,
1,198,Q6K00462,23771,True,20.7016,0.3088,0.1556,6.3188,10.9846,1.0726,18.9243,
1,199,Q6K00486,33762,True,32.8888,0.3079,0.2627,18.0173,11.2301,1.0759,30.983,
1,200,Q6K00411,10109,True,17.8631,0.3225,0.2198,4.1609,10.0712,1.1172,15.9646,
4,1,Q6K00538,29140,True,77.6606,0.4602,0.9302,17.5946,52.5742,1.3064,74.2109,
4,3,Q6K00410,30528,True,80.3692,0.8552,2.4525,22.0347,22.9781,1.0347,52.8617,
4,2,Q6K00196,15373,True,86.2752,17.3731,0.7969,36.487,25.2996,1.2498,81.343,
4,4,Q6K00466,41195,True,86.594,7.9195,4.0164,18.7348,26.9395,1.0613,58.8127,
4,8,Q6K00408,30439,True,72.1113,0.4111,0.4495,12.8394,55.2063,1.042,70.0776,
4,5,Q6K00478,81084,True,89.4173,3.8648,1.5747,44.8745,29.6362,1.0108,81.5502,
4,7,Q6K00182,16082,True,128.8635,24.6113,0.5641,11.972,53.6126,1.4905,92.5388,
4,6,Q6K00223,30437,True,142.2078,24.4984,3.1939,6.8097,77.0882,1.1412,113.0118,
4,9,Q6K00276,42802,True,117.3703,0.6221,0.9127,17.8318,94.0361,1.0389,114.5982,
4,10,Q6K00364,55702,True,115.6751,1.2007,1.3115,38.2974,58.3122,1.0996,100.3347,
4,12,Q6K00202,28249,True,85.7776,1.3432,4.2073,7.2993,51.2723,1.1471,78.5057,
4,11,Q6K00192,52600,True,100.5914,0.6942,4.0941,35.5136,49.7546,1.0542,91.3214,
4,13,Q6K00295,45550,True,114.598,0.9198,1.0517,14.89,93.5467,1.1203,111.635,
4,14,Q6K00526,28779,True,122.8991,11.5667,0.9696,15.8161,90.6775,0.9624,120.2111,
4,15,Q6K00418,60937,True,103.5114,3.0962,1.1606,12.6686,78.7802,1.0344,96.8858,
4,16,Q6K00467,82873,True,107.2045,10.1418,0.8105,45.4183,44.3036,1.0213,101.7869,
4,17,Q6K00249,24211,True,69.1581,0.4149,0.5396,13.3012,51.2909,1.0878,66.8456,
4,18,Q6K00331,25268,True,59.5411,1.6422,1.4042,11.6819,39.6961,1.2121,55.7256,
4,19,Q6K00513,20233,True,91.9335,2.6069,0.7138,10.6739,64.9722,1.183,80.2317,
4,20,Q6K00278,50322,True,81.3127,0.5625,0.5974,19.4516,53.2558,1.1204,75.0723,
4,21,Q6K00326,35432,True,61.0737,2.7402,1.2119,18.2805,34.1466,1.0027,58.1085,
4,22,Q6K00477,51749,True,74.4066,0.6165,2.0759,18.0045,30.5254,0.9936,52.3574,
4,25,Q6K00231,35777,True,126.6065,0.5029,3.4529,15.0406,100.9251,2.7196,122.8654,
4,23,Q6K00386,56364,True,151.0518,12.7859,0.8298,18.5414,89.3489,1.4524,123.42,
4,26,Q6K00277,119672,True,127.1983,0.7879,1.9282,58.4933,38.224,2.342,101.9741,
4,27,Q6K00531,72569,True,132.4366,8.5291,23.004,44.7305,31.8449,1.0628,109.3489,
4,28,Q6K00353,28872,True,126.6739,1.0945,2.5519,25.6782,80.6066,1.068,111.3527,
4,29,Q6K00286,24274,True,118.6037,36.2686,3.8017,18.8081,32.487,1.4156,92.9221,
4,24,Q6K00305,76353,True,329.8473,0.4689,0.6946,268.1824,55.4704,1.3174,326.2318,
4,30,Q6K00306,40200,True,60.9661,0.9974,5.4488,23.3712,23.2718,1.4721,54.657,
4,32,Q6K00461,36426,True,59.5911,2.0358,14.9648,16.7884,21.9773,0.9907,57.0902,
4,34,Q6K00475,109572,True,80.5135,1.0483,5.0714,44.6607,23.6217,1.1252,75.6388,
4,35,Q6K00195,37127,True,110.8742,0.4475,41.8821,18.6328,19.7072,1.0101,81.7948,
4,33,Q6K00349,27784,True,122.441,16.7382,0.5899,8.9214,22.3361,1.0462,49.7225,
4,36,Q6K00262,38865,True,95.0373,0.3776,2.0279,29.3412,59.0172,1.1042,92.0545,
4,37,Q6K00319,38829,True,106.2942,0.5738,0.9225,42.6041,58.2115,1.1446,103.5398,
4,38,Q6K00469,80771,True,108.4149,3.3481,1.5021,40.7598,58.7511,1.0348,105.4858,
4,31,Q6K00525,193278,True,353.8368,2.0147,1.8661,253.0323,89.722,0.9556,348.0492,
4,39,Q6K00350,40906,True,121.5686,0.7848,0.6688,14.0087,77.8742,1.1631,94.6127,
4,40,Q6K00256,35388,True,83.4581,29.1001,4.3228,11.5309,17.7549,1.0469,65.1143,
4,41,Q6K00236,102539,True,81.5066,0.574,1.2113,57.2152,19.3815,0.9677,79.4896,
4,44,Q6K00197,68988,True,131.3708,0.3497,0.4892,34.5577,92.4679,1.2359,129.1827,
4,42,Q6K00527,83346,True,145.1996,1.1366,1.351,63.1635,29.1899,1.0513,96.2287,
4,45,Q6K00432,80174,True,137.648,0.4624,11.7809,57.73,28.8773,1.0616,100.0369,
4,43,Q6K00334,72347,True,147.5409,1.3408,23.0094,54.3493,22.6614,1.1257,102.7022,
4,49,Q6K00462,23771,True,50.2835,2.8607,0.2254,6.9722,36.3919,1.2148,47.8046,
4,47,Q6K00421,100453,True,85.2389,0.3063,1.1781,23.7326,39.6158,1.229,66.1459,
4,50,Q6K00402,50920,True,110.6716,0.821,0.7986,39.882,64.7407,1.0598,107.5937,
4,46,Q6K00414,942567,True,173.6056,0.6038,3.2347,118.5454,45.0605,1.1203,168.666,
4,51,Q6K00431,52653,True,87.6047,12.8149,0.9843,41.4909,28.3639,0.973,84.7201,
4,48,Q6K00387,926534,True,227.7052,0.4328,3.1914,143.9902,74.4638,1.0102,223.7616,
4,53,Q6K00355,18761,True,85.0836,1.049,0.6492,8.7943,64.3486,1.1903,76.1951,
4,52,Q6K00292,37807,True,92.797,2.301,0.6471,22.896,40.2792,1.0585,86.3406,
4,54,Q6K00389,106125,True,87.1788,10.4506,1.2815,37.7983,29.4903,0.9686,80.0727,
4,55,Q6K00461,36426,True,101.0439,0.9928,0.7009,8.2012,67.5113,1.1666,78.7155,
4,56,Q6K00329,46127,True,112.4601,1.0243,17.3937,15.9281,54.164,1.172,106.2837,
4,58,Q6K00319,38829,True,126.8671,2.3694,0.9778,72.5391,46.5018,1.1897,123.856,
4,57,Q6K00187,87908,True,144.7457,2.0508,10.208,57.284,55.6826,1.2425,126.9779,
4,59,Q6K00246,40723,True,77.2516,0.7483,0.4068,13.1772,53.1686,1.1977,68.927,
4,60,Q6K00353,28872,True,159.0909,17.6422,1.2024,15.8367,120.2401,1.168,156.2824,
4,62,Q6K00237,105395,True,138.5982,3.1222,6.8387,91.4058,33.3257,1.057,136.2728,
4,61,Q6K00393,88309,True,159.1684,2.6165,3.5479,82.885,49.0463,1.1737,139.3641,
4,63,Q6K00352,60952,True,146.7509,0.5929,2.0561,72.6211,36.1696,1.0067,112.5627,
4,64,Q6K00283,33784,True,48.6218,0.5523,0.9251,10.6626,32.1616,1.0019,45.7531,
4,66,Q6K00417,16209,True,53.5697,0.3389,1.7179,5.8918,42.3633,1.1628,51.5588,
4,68,Q6K00336,19413,True,70.5524,10.8984,0.529,8.9375,46.2714,1.2159,67.9661,
4,69,Q6K00404,54328,True,50.866,0.3396,0.8553,25.3336,20.9785,1.108,48.697,
4,65,Q6K00533,924790,True,160.7758,0.3652,0.9723,86.6993,53.1976,1.0097,142.3445,
4,70,Q6K00512,34343,True,64.8889,0.5294,1.0523,12.7009,21.4372,1.1165,36.9208,
4,67,Q6K00515,931170,True,158.6522,0.6658,4.577,108.5863,22.3736,1.094,137.4894,
4,71,Q6K00458,64945,True,67.496,0.696,1.0854,38.9623,22.9617,1.1646,65.2997,
4,74,Q6K00292,37807,True,92.658,2.4572,0.4177,5.7639,80.4269,1.2233,90.3744,
4,75,Q6K00261,36162,True,99.0561,0.8997,15.2402,11.0805,41.0877,1.0703,84.6757,
4,73,Q6K00494,93336,True,107.0346,0.3558,9.6664,51.2942,24.6448,1.0306,87.0834,
4,72,Q6K00302,15337,True,120.4709,3.6175,0.5716,64.4535,20.7735,1.098,90.6233,
4,76,Q6K00380,45223,True,99.5277,26.749,2.8929,17.8293,21.8267,1.0681,70.7077,
4,78,Q6K00456,31903,True,92.0173,5.1679,8.5485,22.9605,51.0755,1.13,88.9837,
4,79,Q6K00287,31989,True,88.7272,9.1578,10.2879,6.9799,23.6148,1.0566,51.214,
4,81,Q6K00504,108024,True,97.8656,2.156,4.2323,50.5576,37.2693,0.9927,95.6024,
4,82,Q6K00418,60937,True,98.9422,31.8592,21.1253,12.0739,27.6232,1.0531,94.1504,
4,80,Q6K00329,46127,True,106.4646,16.9981,21.7355,21.6052,20.0458,1.0632,81.5216,
4,84,Q6K00236,102539,True,118.8204,0.6335,1.2504,53.3108,59.1013,1.0777,115.5217,
4,85,Q6K00435,32932,True,121.0166,14.773,0.9965,10.296,60.7373,1.0416,87.9322,
4,83,Q6K00499,50487,True,130.1734,0.9563,1.1514,75.2673,44.7105,1.1682,123.3348,
4,77,Q6K00516,222817,True,327.6722,2.0237,14.1885,289.1185,18.9585,0.8814,325.2666,
4,87,Q6K00369,21253,True,65.3549,1.0435,0.6922,14.6697,23.9951,1.0287,41.4954,
4,89,Q6K00249,24211,True,55.4834,0.2505,0.2467,21.3308,30.5925,1.1177,53.7594,
4,88,Q6K00416,19378,True,64.432,0.9617,4.268,16.1104,23.984,0.9961,46.3746,
4,86,Q6K00385,45378,True,74.4034,4.7862,2.5821,20.8299,20.3447,0.9281,49.6542,
4,93,Q6K00193,40864,True,68.5101,0.2515,0.3568,23.7544,40.6774,1.1503,66.2869,
4,91,Q6K00420,26893,True,77.4491,0.4964,0.2849,23.5428,18.5374,1.0369,44.1099,
4,90,Q6K00526,28779,True,79.0336,0.6516,1.1791,13.317,29.4449,1.0597,45.7226,
4,94,Q6K00358,26357,True,68.3138,0.727,0.3687,6.1607,53.2195,1.1348,61.7835,
4,95,Q6K00225,23168,True,66.946,2.8365,1.032,13.82,45.0411,1.0663,63.8675,
4,96,Q6K00393,88309,True,70.8004,2.9537,1.1256,28.0875,20.3407,0.9821,53.9091,
4,98,Q6K00295,45550,True,89.9684,0.4271,1.2351,13.725,70.7697,1.5118,87.7491,
4,97,Q6K00223,30437,True,109.8223,0.6868,1.5335,17.6832,63.1831,1.0569,84.2224,
4,99,Q6K00274,41611,True,134.104,0.6479,1.1067,32.6038,84.8932,1.0545,120.4392,
4,92,Q6K00525,193278,True,307.7677,0.3006,1.9997,220.7897,81.4951,0.9302,305.6569,
4,100,Q6K00267,31881,True,85.4846,0.6869,0.611,14.445,65.7501,1.318,82.887,
4,101,Q6K00324,65729,True,72.9475,0.3524,0.749,25.6499,42.3824,1.1522,70.3957,
4,102,Q6K00226,64913,True,108.579,0.5086,0.7017,20.9616,65.252,1.1328,88.8964,
4,103,Q6K00346,54592,True,138.4321,0.507,1.8665,27.1935,88.2143,1.1208,121.4799,
4,104,Q6K00523,56542,True,135.5893,31.0417,9.8642,10.2054,50.0915,1.0953,102.4384,
4,105,Q6K00235,63577,True,133.2308,21.1268,4.4317,41.0996,57.9469,0.9913,125.7739,
4,106,Q6K00214,56806,True,126.391,0.5195,1.3773,36.7693,72.969,1.039,112.8847,
4,107,Q6K00481,29491,True,76.2092,3.7448,0.8189,10.8363,56.9722,0.9883,73.5236,
4,108,Q6K00384,59237,True,112.2401,0.9766,1.6807,29.9271,66.7573,0.9611,100.4544,
4,109,Q6K00298,32077,True,112.6816,16.8711,0.6793,11.9718,56.4709,1.1325,87.2238,
4,111,Q6K00211,64169,True,82.0343,0.4539,1.4226,29.2255,47.4165,1.019,79.6864,
4,110,Q6K00374,20007,True,91.0381,25.1621,0.3898,6.697,43.4542,1.0234,76.795,
4,112,Q6K00326,35432,True,88.799,0.8412,0.5386,24.0605,56.01,1.1975,82.9192,
4,113,Q6K00261,36162,True,86.7437,12.6944,1.6936,10.3227,58.3372,1.186,84.3437,
4,114,Q6K00183,45073,True,90.7017,0.3663,0.4236,17.2998,66.1473,1.0768,85.8454,
4,115,Q6K00313,64632,True,91.7237,0.466,1.0513,20.8736,47.8925,1.1786,71.6034,
4,116,Q6K00267,31881,True,67.2746,0.6744,0.6846,15.6783,46.005,1.0971,64.2736,
4,117,Q6K00347,38528,True,69.7055,7.5511,1.1387,20.0163,37.0962,1.0365,67.0269,
4,119,Q6K00474,24074,True,86.93,0.3527,0.8048,11.1698,66.9033,1.0977,80.407,
4,118,Q6K00342,57447,True,94.6963,2.6738,0.5274,17.8498,69.3669,1.1265,91.8132,
4,120,Q6K00323,47659,True,83.654,0.7807,0.6816,17.0964,59.617,0.9927,79.2458,
4,121,Q6K00398,51803,True,83.8949,15.3996,1.0854,29.2063,32.1103,1.2191,79.1493,
4,122,Q6K00216,29680,True,90.8949,1.1594,1.5106,8.8942,72.8631,0.9673,85.4745,
4,124,Q6K00409,42904,True,88.7535,0.4317,0.4283,19.5544,62.2569,1.2311,84.0428,
4,123,Q6K00514,55361,True,112.5562,9.2861,0.9765,69.1096,29.675,1.2046,110.3713,
4,126,Q6K00394,22912,True,32.0462,0.5281,0.7889,9.7827,17.1126,0.9795,29.2719,
4,127,Q6K00375,32360,True,104.6074,4.1729,4.3348,12.1891,58.5084,1.2131,80.4811,
4,128,Q6K00208,35560,True,100.0188,0.4952,5.0999,20.9068,56.062,1.2573,83.9273,
4,129,Q6K00455,40113,True,95.7241,10.1024,0.6829,15.615,42.1702,0.9982,69.7026,
4,125,Q6K00516,222817,True,276.9332,0.5716,1.7844,157.8936,92.3875,1.0698,254.0645,
4,131,Q6K00412,96855,True,123.8161,0.4736,0.4542,41.6141,75.8864,1.0287,119.7584,
4,132,Q6K00254,49280,True,126.216,0.7751,1.0415,30.0041,47.9645,1.0372,81.1896,
4,130,Q6K00274,41611,True,137.0642,9.5587,2.8098,38.5446,33.3514,1.0185,85.4361,
4,133,Q6K00446,47994,True,50.794,0.766,7.9449,18.5193,20.2667,1.0063,48.6567,
4,136,Q6K00471,71531,True,98.0594,0.314,1.5572,22.7181,69.7125,0.9815,95.4209,
4,135,Q6K00185,54497,True,106.0873,4.0992,9.957,45.6346,16.1178,1.0172,76.8975,
4,137,Q6K00216,29680,True,104.2238,3.3575,21.4021,14.1762,39.1645,0.9038,79.1128,
4,134,Q6K00303,54747,True,117.2215,3.9522,27.4006,24.1373,23.7857,0.9906,80.4329,
4,138,Q6K00210,45374,True,87.9431,0.5826,0.6666,12.7177,64.8973,1.0095,80.0168,
4,141,Q6K00446,47994,True,88.5055,13.8147,10.5693,18.5017,19.8018,1.0536,69.6557,
4,140,Q6K00442,30858,True,109.7232,1.2342,16.9014,17.0295,24.9926,1.0605,61.2838,
4,142,Q6K00262,38865,True,64.546,2.1278,2.2755,22.282,32.7938,1.1969,60.7774,
4,143,Q6K00502,51175,True,57.9435,0.9383,4.522,12.3264,18.3665,1.0014,37.2574,
4,146,Q6K00331,25268,True,51.302,0.6278,0.5238,8.7629,38.3127,1.0254,49.3312,
4,144,Q6K00533,924790,True,117.6697,2.1991,8.3702,50.256,53.2969,0.9353,115.2245,
4,139,Q6K00521,193199,True,237.2902,0.6345,1.3389,198.443,17.237,0.921,218.6779,
4,149,Q6K00283,33784,True,55.3312,0.2874,0.6894,10.537,40.5752,1.2019,53.453,
4,148,Q6K00329,46127,True,94.6718,0.8404,0.8089,11.9714,54.3741,1.3724,69.5562,
4,147,Q6K00493,931850,True,138.1515,12.9673,1.3396,67.9454,51.7815,1.0161,135.2267,
4,150,Q6K00532,41644,True,67.7615,0.6909,0.8937,22.1558,40.5918,1.0316,65.5196,
4,151,Q6K00228,21296,True,42.723,0.4569,0.4479,8.2587,30.3309,0.947,40.5646,
4,145,Q6K00451,1960343,True,248.8264,0.5139,2.0775,164.3855,48.9044,1.1294,217.1635,
4,152,Q6K00216,29680,True,80.7185,0.4409,0.919,9.123,65.5708,0.9718,77.1166,
4,153,Q6K00538,29140,True,122.6074,0.3895,1.2849,16.0349,62.9116,1.247,81.9453,
4,154,Q6K00471,71531,True,115.1188,0.4221,3.2114,24.5735,82.6029,1.0036,112.2268,
4,155,Q6K00319,38829,True,95.9781,8.1667,1.0771,12.441,62.2719,1.0761,85.2439,
4,156,Q6K00480,73191,True,74.07,0.3968,0.7682,36.416,26.7932,0.9979,65.4778,
4,158,Q6K00374,20007,True,76.6863,0.5753,0.3711,6.5163,65.6244,1.0325,74.1923,
4,160,Q6K00256,35388,True,79.2408,0.318,0.325,11.7272,63.7427,1.0859,77.2699,
4,157,Q6K00481,29491,True,97.1249,0.9074,13.7947,22.9406,30.1812,0.9683,69.0542,
4,159,Q6K00337,70539,True,96.6021,0.8792,6.4341,31.3351,39.36,1.0742,79.1434,
4,161,Q6K00472,39374,True,93.5113,0.4857,1.0261,10.7686,77.7665,1.0808,91.1967,
4,162,Q6K00250,65228,True,84.5562,2.1265,0.9112,30.0936,47.9887,1.0953,82.3219,
4,163,Q6K00532,41644,True,84.7037,0.7275,4.8044,22.7526,19.0625,1.1529,50.9214,
4,164,Q6K00366,18223,True,74.7817,8.9157,15.4926,7.0692,19.9885,0.953,52.5842,
4,165,Q6K00522,70737,True,141.7819,37.2728,27.8172,16.1876,24.6159,1.0628,111.9932,
4,166,Q6K00527,83346,True,135.8503,0.8844,16.6683,32.2104,74.8767,1.0618,126.0874,
4,168,Q6K00504,108024,True,131.4839,11.8115,29.0839,61.0352,24.0779,0.8877,126.9822,
4,167,Q6K00388,19786,True,132.7161,15.1651,24.1657,69.2681,18.7484,1.0973,128.6516,
4,171,Q6K00357,29758,True,89.1224,4.7011,7.094,17.7372,55.866,1.0944,86.5774,
4,172,Q6K00343,32523,True,91.2225,11.1469,6.9221,14.0541,55.586,1.0155,88.8262,
4,170,Q6K00192,52600,True,115.6469,0.7784,1.429,57.4227,43.2806,1.096,104.1101,
4,169,Q6K00284,56091,True,163.383,2.3947,0.7528,41.9194,83.1676,1.0274,129.3541,
4,174,Q6K00406,25959,True,115.0442,0.6059,0.5119,35.2896,66.6686,1.013,111.0851,
4,173,Q6K00301,44411,True,117.4375,0.7931,12.1068,30.3807,68.1362,1.0205,112.5123,
4,175,Q6K00498,45256,True,97.5339,0.6162,0.5794,19.7809,50.136,1.4025,72.5927,
4,176,Q6K00318,23216,True,109.0402,16.4951,0.699,14.019,60.9826,1.0532,93.362,
4,178,Q6K00230,104756,True,104.0121,0.3516,1.9486,55.5387,35.7131,1.0659,94.8986,
4,177,Q6K00425,28646,True,107.1046,22.4024,2.152,12.4959,33.0312,1.0227,71.2558,
4,179,Q6K00435,32932,True,100.8751,32.6715,9.9518,14.1361,32.9036,1.0302,90.7798,
4,180,Q6K00350,40906,True,149.4229,0.6675,0.8294,14.1982,115.688,1.1168,132.6834,
4,182,Q6K00227,70448,True,124.3924,0.4259,6.3222,39.9914,73.639,0.9988,121.8145,
4,181,Q6K00230,104756,True,130.3369,23.5483,1.6772,41.5115,33.6734,1.0271,101.6126,
4,183,Q6K00385,45378,True,129.6352,11.4595,20.3587,63.4972,30.5247,1.0198,127.0657,
4,184,Q6K00461,36426,True,91.0965,0.4721,1.0366,8.7129,76.8572,1.1165,88.2666,
4,187,Q6K00520,26595,True,76.901,0.3641,0.2578,9.7929,62.997,0.9933,74.5164,
4,186,Q6K00258,40940,True,86.5656,9.46,0.786,37.1776,18.3294,1.1453,66.972,
4,185,Q6K00185,54497,True,89.7134,0.5327,1.1587,28.1479,37.2964,1.0511,68.3601,
4,189,Q6K00340,66674,True,87.7702,0.6002,1.7008,26.0089,48.7283,0.9861,78.1363,
4,190,Q6K00220,38683,True,86.8116,0.3724,14.8612,46.8017,17.4839,1.0832,81.0274,
4,191,Q6K00182,16082,True,88.0666,0.6702,4.9151,49.0778,19.4478,1.1529,82.5848,
4,188,Q6K00457,46706,True,104.6021,9.4655,22.0278,14.0677,18.8629,1.218,65.7079,
4,193,Q6K00290,34479,True,65.5158,4.9843,0.4294,16.2453,37.0155,1.0926,59.8327,
4,192,Q6K00534,18595,True,72.2854,0.724,0.4296,5.0898,56.0561,0.9935,63.3679,
4,195,Q6K00329,46127,True,69.1628,4.9868,6.4589,11.4718,20.4397,1.0148,44.4535,
4,194,Q6K00385,45378,True,76.8863,20.01,2.469,22.5859,19.3233,0.9291,65.4329,
4,196,Q6K00281,68737,True,87.3155,3.7212,4.5423,27.3129,47.3866,1.0827,84.2271,
4,197,Q6K00266,33734,True,90.0702,3.5845,14.6162,24.5027,44.0382,1.1217,87.9308,
4,199,Q6K00355,18761,True,91.4661,3.5454,22.6894,8.0487,26.5318,1.1212,62.0045,
4,198,Q6K00346,54592,True,99.0498,0.5345,7.08,26.3692,28.178,1.0141,63.295,
4,200,Q6K00435,32932,True,28.6827,2.3117,0.7079,11.9478,10.4606,1.0108,26.835,
8,2,Q6K00314,24077,True,170.4517,0.8951,6.337,11.78,142.0995,1.0612,166.7272,
8,6,Q6K00279,29096,True,176.536,34.8158,5.0315,18.4966,111.214,1.1626,171.9944,
8,3,Q6K00231,35777,True,201.8595,22.7193,25.9194,16.3216,84.3186,1.1083,150.6985,
8,1,Q6K00278,50322,True,207.8495,3.3715,26.0365,67.7917,103.0948,1.1637,201.6964,
8,7,Q6K00487,46956,True,208.1825,22.7049,8.4584,47.722,88.7898,1.0293,169.0304,
8,4,Q6K00458,64945,True,269.5293,8.0468,3.1295,109.0068,134.4859,1.067,256.0542,
8,8,Q6K00452,98714,True,320.9639,34.5989,16.1678,76.5938,154.6659,1.1741,283.4059,
8,9,Q6K00255,47338,True,179.0598,4.5285,3.8075,19.6995,144.5564,1.0929,173.7675,
8,10,Q6K00181,65985,True,200.0861,2.9245,5.3836,51.5469,90.1709,1.1698,151.7945,
8,11,Q6K00245,52119,True,183.214,2.1919,8.6482,38.3988,112.6109,1.1591,172.8563,
8,14,Q6K00537,44036,True,152.5471,1.6429,1.6715,34.589,107.4816,1.1861,146.6593,
8,12,Q6K00423,41506,True,221.2593,49.8281,1.9912,19.1659,130.1036,1.1356,202.3269,
8,15,Q6K00410,30528,True,182.4455,1.5602,1.9836,10.4559,161.621,1.2032,177.1661,
8,17,Q6K00294,55243,True,183.0953,4.2695,2.1496,29.4318,140.6795,1.2647,178.1903,
8,18,Q6K00416,19378,True,180.464,22.899,0.786,9.0008,131.8323,1.0935,165.7822,
8,16,Q6K00373,87592,True,248.7615,1.3831,6.347,79.7643,155.4287,1.1834,244.8294,
8,20,Q6K00263,56391,True,178.3086,1.3039,7.2233,28.7381,132.1215,1.1152,170.5835,
8,19,Q6K00398,51803,True,195.1452,2.0518,3.4978,54.1662,114.5594,1.2332,175.6662,
8,21,Q6K00368,59605,True,149.3755,1.3678,1.8163,39.2279,100.1415,1.1924,143.9496,
8,23,Q6K00536,42791,True,138.2815,1.2317,5.4482,18.7068,106.0602,1.0803,132.6116,
8,22,Q6K00318,23216,True,151.8935,1.9239,9.6944,19.9846,109.3166,1.1812,142.8198,
8,24,Q6K00196,15373,True,122.2855,3.2689,2.0451,17.731,92.867,1.2611,117.5857,
8,25,Q6K00366,18223,True,142.4767,3.0335,1.2982,7.5243,93.7239,1.0905,106.8127,
8,26,Q6K00465,76514,True,213.5534,4.6721,1.7754,39.1011,158.9465,1.1123,205.7589,
8,5,Q6K00501,193163,True,834.8641,34.339,6.7446,650.4836,137.2584,0.9776,829.8948,
8,28,Q6K00203,30533,True,188.6474,22.425,4.5867,13.4153,124.7423,1.4384,167.4691,
8,31,Q6K00189,28845,True,155.8223,1.1141,1.6109,38.7454,97.4125,1.1395,140.1954,
8,30,Q6K00264,90754,True,225.2165,4.4939,8.9039,51.2217,79.2443,1.2519,146.6525,
8,27,Q6K00514,55361,True,328.0856,18.9055,2.0577,121.1087,129.9594,1.1143,273.4621,
8,33,Q6K00189,28845,True,233.1617,22.4809,2.2325,12.4641,190.3914,1.0295,229.0211,
8,13,Q6K00491,222368,True,884.7919,25.5524,19.3769,684.3297,117.5362,1.1379,848.1283,
8,34,Q6K00278,50322,True,205.9918,2.5577,26.3011,23.1341,147.3129,1.1286,200.6145,
8,35,Q6K00237,105395,True,223.5097,62.512,4.1064,86.3111,48.6358,1.1208,203.1788,
8,36,Q6K00245,52119,True,187.7658,3.9421,14.599,40.4219,64.9148,1.1956,125.1527,
8,32,Q6K00441,976331,True,401.532,1.794,6.2634,254.4951,130.0282,1.1573,393.9892,
8,29,Q6K00451,1960343,True,544.5248,4.7015,12.2601,394.7346,125.4094,1.1538,540.0126,
8,40,Q6K00468,31197,True,164.002,6.4195,3.1692,16.9406,127.3999,1.1272,155.9577,
8,41,Q6K00412,96855,True,155.7362,16.259,2.5809,43.9884,66.8827,1.3408,131.2201,
8,39,Q6K00295,45550,True,195.5783,19.1223,2.3857,15.3214,134.87,1.064,172.9451,
8,38,Q6K00426,124371,True,222.2648,2.2882,13.5625,86.8225,84.5803,1.0825,188.7564,
8,42,Q6K00356,54894,True,158.8616,12.4907,3.9269,59.7555,75.6487,1.0034,152.9058,
8,43,Q6K00378,47057,True,168.508,1.9411,0.8799,15.4105,145.0126,1.1929,164.9423,
8,37,Q6K00515,931170,True,422.7711,2.1409,43.746,204.0353,145.2063,0.9886,396.7287,
8,44,Q6K00276,42802,True,170.7718,3.5107,1.7912,18.089,139.9121,1.2871,164.6813,
8,45,Q6K00346,54592,True,194.5923,1.9587,1.134,24.1351,136.5857,1.1494,165.1206,
8,46,Q6K00399,47120,True,177.5358,2.0395,7.4296,44.225,85.414,1.1969,140.4666,
8,47,Q6K00444,46895,True,177.9597,3.6186,12.2288,53.7742,71.1869,1.1164,142.2162,
8,49,Q6K00348,30441,True,175.9362,3.6197,14.0551,18.858,106.37,1.2161,144.3114,
8,48,Q6K00456,31903,True,179.7418,29.1252,8.6594,27.2451,80.7755,0.9795,146.9308,
8,51,Q6K00518,20281,True,223.5163,5.8074,13.9426,6.471,192.1606,1.0624,219.8478,
8,50,Q6K00353,28872,True,231.4681,1.5152,1.858,13.7977,203.321,1.0972,224.2754,
8,52,Q6K00383,28969,True,250.9393,1.5533,1.4717,13.5342,221.2211,1.1267,239.1323,
8,53,Q6K00208,35560,True,271.2065,2.4455,2.0559,14.7182,230.8047,1.1294,256.6729,
8,55,Q6K00271,67886,True,263.0275,19.8597,1.9143,107.1742,117.8044,1.0728,251.835,
8,54,Q6K00440,51475,True,275.5705,11.6892,26.3701,102.0382,119.5187,1.1037,260.7979,
8,57,Q6K00236,102539,True,269.1665,35.4393,3.1259,94.693,119.3576,1.1365,254.1468,
8,56,Q6K00181,65985,True,271.2826,53.0839,31.7613,28.3269,116.2583,1.0665,230.6352,
8,59,Q6K00345,35463,True,213.8866,25.1708,25.6967,24.8369,130.2719,1.5218,207.8334,
8,58,Q6K00251,89512,True,224.2443,1.4944,14.8503,55.5075,140.6308,1.1196,213.8441,
8,60,Q6K00259,46752,True,173.9658,1.6049,22.8777,14.3947,128.1512,1.2016,168.3005,
8,64,Q6K00405,17704,True,200.3606,20.2079,20.3336,10.8954,118.1282,1.1266,171.0638,
8,62,Q6K00324,65729,True,211.5744,1.2249,11.8099,60.74,123.3229,1.1308,199.4782,
8,63,Q6K00297,56983,True,228.2716,1.7336,36.3241,43.4076,110.3193,1.2952,193.4295,
8,61,Q6K00402,50920,True,256.3452,15.0695,13.7152,74.9997,112.5576,1.0808,217.5035,
8,65,Q6K00483,54043,True,272.5811,1.0444,20.9759,90.2887,117.9274,0.906,231.3614,
8,66,Q6K00303,54747,True,177.8629,21.6355,16.8999,21.2372,79.0799,1.0516,140.1186,
8,68,Q6K00526,28779,True,172.6248,0.8719,1.0772,30.17,80.7607,0.9691,120.9176,
8,67,Q6K00316,30609,True,174.7196,20.2566,9.8091,17.0022,81.6856,1.1514,130.1547,
8,69,Q6K00531,72569,True,191.653,3.2611,2.7563,16.2279,150.0358,0.9706,173.8236,
8,70,Q6K00426,124371,True,194.4884,2.1821,3.1493,37.3667,146.3242,1.0484,190.3312,
8,72,Q6K00276,42802,True,167.6577,6.4248,3.1204,25.6778,125.9056,1.0554,162.373,
8,71,Q6K00448,26239,True,191.2334,3.8398,1.1656,16.5123,147.3548,1.0688,170.0152,
8,75,Q6K00182,16082,True,184.2326,1.6053,0.5603,27.2794,144.295,1.1403,175.0852,
8,74,Q6K00385,45378,True,214.0871,3.804,41.5015,34.8193,100.1036,1.0545,190.1577,
8,76,Q6K00436,65521,True,236.8104,4.3075,12.5042,45.5884,129.0978,1.0246,206.6809,
8,73,Q6K00243,74070,True,265.3766,4.621,31.5348,53.1781,144.7239,1.1428,235.5503,
8,77,Q6K00476,29241,True,243.7084,2.3386,1.1749,10.8613,220.9708,1.0011,238.0014,
8,78,Q6K00353,28872,True,267.8401,0.8718,0.7326,12.3682,227.7792,1.1125,242.9374,
8,79,Q6K00271,67886,True,277.8577,1.191,3.4384,56.313,191.862,1.0382,254.7195,
8,80,Q6K00250,65228,True,277.24,21.3402,2.3181,65.5234,167.623,1.0193,258.2417,
8,81,Q6K00404,54328,True,227.7326,3.132,1.3249,24.9004,140.8541,0.9701,171.5495,
8,83,Q6K00227,70448,True,196.7942,5.904,2.5558,39.9905,88.6256,1.1081,138.7411,
8,84,Q6K00498,45256,True,198.5302,35.4235,2.508,28.9129,95.1387,0.9988,163.2549,
8,82,Q6K00483,54043,True,319.7933,1.6923,2.3149,91.4587,135.5632,0.9876,238.8376,
8,85,Q6K00435,32932,True,207.2672,10.7494,0.8035,12.2875,164.7778,1.1266,189.8225,
8,86,Q6K00308,56780,True,207.8275,4.1629,2.4427,47.766,147.7364,1.324,203.7633,
8,88,Q6K00404,54328,True,184.4231,11.5946,8.0245,26.356,117.785,1.1558,165.0223,
8,89,Q6K00205,23655,True,216.1155,4.0215,19.8244,12.4817,139.7992,1.1227,177.5413,
8,91,Q6K00281,68737,True,195.4722,9.2029,16.8969,36.5408,104.1802,1.1399,168.0405,
8,87,Q6K00402,50920,True,245.8213,4.343,3.4925,135.3245,91.5046,1.0553,236.2034,
8,90,Q6K00250,65228,True,217.307,2.579,8.0634,47.0295,109.1611,1.1153,174.8086,
8,92,Q6K00423,41506,True,153.7483,1.6447,1.4838,16.2484,102.901,1.1093,123.5774,
8,93,Q6K00499,50487,True,180.0318,1.9593,2.4256,47.1665,123.5007,1.162,176.5276,
8,94,Q6K00457,46706,True,171.4284,0.7969,5.512,15.2794,119.7721,1.2562,143.0358,
8,95,Q6K00182,16082,True,167.2617,4.1366,0.7851,7.9455,112.9643,1.2137,127.1865,
8,96,Q6K00540,21197,True,157.1398,1.5575,0.8551,13.6171,112.1262,1.0589,129.2857,
8,97,Q6K00345,35463,True,144.357,6.4495,3.523,34.2733,86.4876,1.1426,132.3186,
8,99,Q6K00454,72603,True,138.843,6.0852,10.5173,32.9318,83.3759,1.1636,134.6293,
8,100,Q6K00477,51749,True,129.4262,1.7136,9.9782,17.9491,62.8105,1.0425,93.5856,
8,98,Q6K00356,54894,True,166.0527,25.6722,16.1882,35.073,62.1385,1.1275,140.3693,
8,101,Q6K00249,24211,True,165.6918,1.574,0.8179,18.3518,139.0306,1.2257,161.2004,
8,102,Q6K00219,15692,True,163.3177,1.1997,1.3644,7.157,144.634,1.2609,155.7395,
8,104,Q6K00290,34479,True,166.8856,4.0844,1.1316,17.7237,130.5413,1.1544,155.2508,
8,106,Q6K00376,31449,True,163.1882,1.4898,20.2168,11.8018,97.5769,1.1089,132.5286,
8,107,Q6K00256,35388,True,143.9438,10.807,12.1696,31.2008,55.728,1.072,111.1668,
8,105,Q6K00466,41195,True,171.3877,1.9479,4.6621,28.1861,103.8418,1.0615,139.819,
8,108,Q6K00398,51803,True,147.6124,10.2141,10.1601,34.2781,62.9983,1.1364,118.9995,
8,109,Q6K00474,24074,True,97.5944,1.3187,0.6086,18.9478,65.552,1.0452,87.878,
8,110,Q6K00461,36426,True,101.5918,2.6402,1.5539,10.3595,75.5835,1.2169,91.4925,
8,114,Q6K00388,19786,True,118.5775,12.1894,7.4328,14.2728,64.8238,1.183,100.2239,
8,112,Q6K00435,32932,True,128.9009,7.8434,5.0595,27.2723,72.6867,1.0388,113.9924,
8,115,Q6K00366,18223,True,123.1769,12.5949,3.7992,10.6116,80.3174,1.12,108.6646,
8,111,Q6K00259,46752,True,138.757,1.2602,8.8363,28.4744,81.8316,1.2347,121.7054,
8,113,Q6K00188,16057,True,133.5334,16.8848,7.208,22.2093,68.6441,1.0901,116.2328,
8,116,Q6K00509,28765,True,94.4349,6.9027,7.4029,13.1896,59.252,0.9492,87.7732,
8,117,Q6K00279,29096,True,74.6355,2.5255,1.6905,18.0957,41.0099,1.0357,64.438,
8,120,Q6K00372,32137,True,172.8883,1.3514,1.2551,14.2649,144.1266,1.0894,162.1579,
8,118,Q6K00494,93336,True,189.2024,13.9429,8.9624,83.1845,42.4451,1.072,149.923,
8,121,Q6K00222,38211,True,218.2624,10.7813,14.854,102.569,43.1458,1.1529,172.5814,
8,124,Q6K00287,31989,True,211.6913,11.7052,38.1895,50.4713,47.2071,1.0666,148.7587,
8,119,Q6K00295,45550,True,226.2397,1.4005,56.0042,53.9517,60.0384,1.089,188.5589,
8,123,Q6K00337,70539,True,215.7523,15.031,42.7015,57.5341,53.2374,1.0792,169.7103,
8,125,Q6K00496,25061,True,183.3219,3.1512,2.5552,13.3962,155.2915,1.1575,178.5995,
8,103,Q6K00501,193163,True,690.2142,1.1701,3.6659,527.6141,139.0369,1.0699,672.6532,
8,127,Q6K00522,70737,True,201.9217,1.2783,19.3818,30.2611,110.0767,1.0619,162.1448,
8,129,Q6K00531,72569,True,208.8157,8.133,36.7336,16.0801,111.3021,1.094,173.4191,
8,126,Q6K00337,70539,True,252.406,0.81,2.1766,46.093,142.094,1.2705,206.9441,
8,130,Q6K00250,65228,True,213.3501,1.7376,25.1102,56.2052,94.7375,1.1501,179.254,
8,128,Q6K00285,54497,True,237.7438,3.1688,38.9176,49.1352,105.8389,1.1018,198.252,
8,131,Q6K00216,29680,True,187.4216,4.7875,1.5794,9.4111,165.4984,1.0523,182.4278,
8,132,Q6K00464,111411,True,185.9242,1.5473,1.4364,43.6694,121.6557,1.1808,169.9824,
8,134,Q6K00377,65599,True,170.7296,1.68,11.1932,27.0645,119.9016,1.278,161.2026,
8,133,Q6K00296,23191,True,183.8093,9.1544,3.0262,23.1375,126.4773,1.081,166.4678,
8,136,Q6K00445,26869,True,176.9609,2.9414,0.6516,15.711,108.5012,1.2544,130.3385,
8,135,Q6K00506,20727,True,180.0397,1.9045,4.4702,36.2462,130.6187,1.0502,174.5915,
8,137,Q6K00469,80771,True,163.1221,9.3044,8.326,38.2183,80.5282,1.0114,137.4795,
8,138,Q6K00354,33063,True,174.979,1.6161,1.2589,14.4528,149.324,1.0682,167.9359,
8,139,Q6K00262,38865,True,178.0992,3.394,2.9274,25.531,128.0021,1.0852,161.0729,
8,141,Q6K00400,42084,True,162.0601,2.1257,1.2866,11.9556,134.4293,1.6503,151.7315,
8,122,Q6K00521,193199,True,769.9562,12.9154,7.2122,623.6711,100.4944,1.0899,758.5695,
8,142,Q6K00367,20314,True,166.515,10.1065,34.7721,23.717,75.5166,1.1155,145.5807,
8,144,Q6K00403,89129,True,162.3062,18.1959,19.6524,40.6083,68.4146,1.1595,148.1858,
8,143,Q6K00382,27991,True,171.4512,2.882,1.3386,74.1016,73.2943,0.98,152.6784,
8,140,Q6K00426,124371,True,215.7328,10.0356,50.8598,28.3538,90.4039,1.064,180.9972,
8,145,Q6K00454,72603,True,168.5015,2.7056,2.1086,18.9407,116.2464,1.1428,141.282,
8,147,Q6K00339,35358,True,179.3912,1.1789,1.5042,22.8737,133.956,1.2462,160.8338,
8,149,Q6K00336,19413,True,175.5352,18.4711,1.3591,11.0582,125.5461,1.2061,157.9273,
8,150,Q6K00433,13193,True,172.2963,11.4511,1.9306,26.1882,102.8973,1.1751,143.7665,
8,151,Q6K00445,26869,True,183.674,13.0416,14.4378,19.4227,98.4706,1.0515,147.7589,
8,152,Q6K00517,67237,True,153.5355,2.2553,2.4726,11.8962,85.3967,1.0195,103.2137,
8,148,Q6K00363,53888,True,208.266,12.9077,7.3529,29.5948,104.9114,1.273,158.2529,
8,153,Q6K00404,54328,True,173.8318,21.9747,1.2673,24.5191,120.1537,1.0547,169.1975,
8,154,Q6K00408,30439,True,145.5212,3.5998,1.1952,15.0797,111.5427,1.0641,132.5592,
8,155,Q6K00219,15692,True,144.808,9.6144,1.5484,6.8408,105.5709,1.171,124.8733,
8,158,Q6K00208,35560,True,133.998,7.6217,18.0287,15.0534,59.3244,1.4666,113.6315,
8,156,Q6K00474,24074,True,226.7865,5.4538,7.1769,50.5129,108.0704,1.0325,172.6819,
8,159,Q6K00427,19456,True,200.8472,32.1711,1.6148,8.7488,116.3605,1.2018,160.2225,
8,157,Q6K00337,70539,True,216.5854,7.6159,20.8253,37.0815,117.5636,1.0829,184.3892,
8,160,Q6K00385,45378,True,183.2859,1.2494,1.3942,15.418,158.6751,1.0846,178.383,
8,161,Q6K00398,51803,True,183.9945,2.8297,5.3069,62.5316,99.1729,1.2415,173.0742,
8,162,Q6K00264,90754,True,192.5215,1.3757,2.7257,78.9396,100.7722,1.1163,185.234,
8,163,Q6K00313,64632,True,192.8223,32.8464,7.8984,33.342,82.6037,1.3123,158.0896,
8,164,Q6K00502,51175,True,142.9786,15.4931,16.8267,11.2462,76.1086,1.0326,120.7849,
8,165,Q6K00222,38211,True,162.2265,17.6461,11.8514,20.7498,80.1098,1.2335,131.757,
8,167,Q6K00456,31903,True,130.8087,1.2804,1.4239,13.8514,103.3662,1.1027,121.1476,
8,166,Q6K00443,88138,True,234.9877,15.1093,7.3856,66.0248,129.4554,1.0773,219.135,
8,168,Q6K00427,19456,True,176.4221,7.0035,9.6325,10.7716,125.1125,1.2098,153.817,
8,146,Q6K00521,193199,True,732.2084,0.9434,4.7841,581.1756,138.9372,1.0164,727.556,
8,170,Q6K00462,23771,True,165.7802,7.893,9.8124,22.049,117.9072,1.1699,161.3009,
8,169,Q6K00476,29241,True,224.3985,8.2527,7.5488,10.6467,157.3487,1.0317,184.899,
8,171,Q6K00288,56788,True,214.35,1.3829,1.8935,44.5654,126.5715,1.1323,175.8624,
8,173,Q6K00360,46174,True,190.1597,8.3223,2.7522,16.2631,142.4982,1.604,171.9598,
8,174,Q6K00303,54747,True,164.1894,2.6906,1.5675,19.9461,128.9452,1.2139,154.6029,
8,175,Q6K00235,63577,True,178.5893,2.8502,1.2491,39.9622,124.6935,1.1538,170.241,
8,176,Q6K00289,39611,True,179.9886,42.1683,2.7734,35.3652,89.2749,1.1417,170.8085,
8,178,Q6K00476,29241,True,137.3936,4.6776,1.6893,9.7612,85.0027,1.5742,102.9642,
8,177,Q6K00373,87592,True,275.1179,11.5875,3.7772,63.5914,151.497,1.4031,232.1762,
8,181,Q6K00261,36162,True,161.3171,6.465,1.9241,11.8047,133.907,1.2656,155.4839,
8,179,Q6K00430,37452,True,243.0836,2.7614,0.8837,56.9638,140.3625,1.2582,202.3229,
8,172,Q6K00493,931850,True,451.3657,20.1717,4.6176,248.9942,169.3812,1.1503,445.3967,
8,182,Q6K00247,34868,True,191.9813,2.2535,5.1232,45.0447,128.5967,1.1278,184.666,
8,180,Q6K00539,63862,True,301.3003,1.3319,2.0127,133.5106,116.0821,1.1324,254.1484,
8,183,Q6K00251,89512,True,240.4475,11.998,18.3759,61.8727,142.1616,1.3061,235.9343,
8,184,Q6K00495,14006,True,234.0255,2.2381,0.7694,29.2544,146.9676,1.0604,180.3618,
8,185,Q6K00410,30528,True,193.1581,28.9242,1.6666,12.7904,131.5861,1.1128,176.4213,
8,186,Q6K00337,70539,True,189.6191,1.5164,5.7823,41.0551,135.5912,1.1204,185.3375,
8,187,Q6K00319,38829,True,161.3263,2.7511,7.4822,12.9006,120.9856,1.1321,145.3165,
8,189,Q6K00230,104756,True,163.1858,2.2336,4.6994,45.7151,104.8399,1.0783,158.6728,
8,190,Q6K00309,27013,True,135.7757,1.6643,0.8438,27.816,83.848,1.2638,115.5747,
8,188,Q6K00430,37452,True,204.9303,1.8725,4.1617,78.4618,111.5371,1.0349,197.3783,
8,191,Q6K00371,24411,True,139.8364,6.0935,1.424,7.622,103.0271,0.9725,119.2134,
8,194,Q6K00225,23168,True,137.1895,1.9163,1.5729,15.7922,113.9853,1.1025,134.4518,
8,195,Q6K00367,20314,True,131.8307,1.6679,7.3061,14.112,93.424,1.1286,117.7076,
8,193,Q6K00291,26602,True,151.026,1.4466,1.4296,16.3898,99.0749,1.2116,122.6606,
8,196,Q6K00436,65521,True,126.9661,2.0104,2.0975,33.9352,83.2691,1.0499,122.5901,
8,198,Q6K00206,25679,True,118.5528,2.772,12.1505,13.0508,58.089,1.0715,87.3898,
8,199,Q6K00474,24074,True,104.571,1.4005,10.464,20.7433,56.2801,1.0282,90.1027,
8,197,Q6K00205,23655,True,123.7226,1.6511,9.1652,19.3473,60.859,1.0581,92.2647,
8,200,Q6K00241,36891,True,62.5559,2.9851,2.3009,22.1335,28.271,1.014,56.7845,
8,192,Q6K00184,1941223,True,258.299,13.595,4.569,216.3021,12.2611,1.0594,247.9233,
16,1,Q6K00466,41195,True,309.4467,0.7313,0.7172,26.1051,275.0733,1.4,304.118,
16,3,Q6K00234,16670,True,319.8017,17.9001,1.2178,14.4814,271.7682,1.2784,307.1972,
16,2,Q6K00436,65521,True,330.9781,23.4008,4.1519,34.1536,239.2382,1.1908,313.1189,
16,4,Q6K00427,19456,True,331.3235,8.53,1.0988,6.7807,281.9362,1.1118,299.5544,
16,8,Q6K00256,35388,True,334.9087,9.5834,28.2092,14.5397,203.6569,1.316,257.907,
16,5,Q6K00200,30371,True,355.1116,37.8949,8.1384,14.6297,236.5788,1.1099,300.5664,
16,6,Q6K00243,74070,True,363.7005,10.9889,22.8408,77.3078,189.1007,1.0481,308.2083,
16,7,Q6K00423,41506,True,363.6652,38.0177,6.1699,78.8125,184.4234,1.0959,309.4066,
16,10,Q6K00319,38829,True,403.9299,21.9329,17.0218,77.6148,140.6401,1.1715,264.0367,
16,13,Q6K00287,31989,True,403.507,27.4069,3.4698,88.7104,97.5723,1.3069,218.7799,
16,15,Q6K00419,47344,True,413.1332,10.7193,52.3725,38.6866,89.8813,1.1001,193.0266,
16,11,Q6K00502,51175,True,424.857,26.7352,24.0027,14.2821,184.1361,1.0179,250.2585,
16,9,Q6K00334,72347,True,453.4887,7.6696,28.4984,107.5593,121.3846,1.1332,281.317,
16,12,Q6K00326,35432,True,492.6063,46.5399,21.4793,79.2791,102.3485,1.1019,252.3807,
16,16,Q6K00331,25268,True,495.6206,32.5202,45.134,30.0075,112.9553,0.9908,221.6838,
16,17,Q6K00292,37807,True,391.26,4.4513,5.7559,13.7323,340.6811,1.1859,366.3721,
16,19,Q6K00406,25959,True,386.6092,1.5918,1.0,37.3762,305.2072,1.1951,346.451,
16,18,Q6K00229,90055,True,417.0472,12.5331,2.8531,74.1564,268.4495,1.3403,359.4438,
16,20,Q6K00486,33762,True,418.9553,8.2858,13.7424,82.8785,263.4166,1.2933,370.1265,
16,21,Q6K00344,84345,True,434.6747,29.3177,8.6049,32.9939,261.1272,1.0967,333.5135,
16,26,Q6K00189,28845,True,434.1547,65.315,20.3858,32.7018,193.5839,1.1635,313.224,
16,23,Q6K00337,70539,True,488.5972,7.9004,34.1698,100.566,191.2944,1.2363,335.3311,
16,22,Q6K00360,46174,True,508.634,2.9865,11.9016,76.604,248.968,2.0149,342.5927,
16,24,Q6K00233,95838,True,504.9362,19.1278,28.0952,60.0223,230.4849,1.1547,338.9684,
16,25,Q6K00380,45223,True,465.1165,15.2192,54.6995,34.801,235.0297,1.1684,340.991,
16,29,Q6K00339,35358,True,420.2855,52.1156,13.9892,36.8503,174.5534,1.1358,278.721,
16,28,Q6K00354,33063,True,448.9394,42.9666,10.9091,53.12,172.8007,1.1904,282.338,
16,30,Q6K00405,17704,True,381.9115,51.8983,20.6301,24.3863,183.0267,1.1259,283.16,
16,27,Q6K00418,60937,True,464.3971,69.1368,36.4647,37.7631,181.5234,1.0278,325.9851,
16,31,Q6K00260,23467,True,400.1705,33.7847,8.4945,64.7722,177.8502,1.0956,287.1369,
16,32,Q6K00498,45256,True,210.6061,6.8433,7.2155,24.5194,145.2997,1.354,185.3676,
16,33,Q6K00445,26869,True,193.7974,3.7179,1.5638,15.7082,131.5547,1.2983,154.4275,
16,35,Q6K00433,13193,True,235.8593,6.9869,7.2547,13.59,116.4097,1.1602,145.7781,
16,34,Q6K00507,51703,True,308.1394,3.1597,4.9201,15.7397,159.1037,1.0136,184.0199,
16,14,Q6K00451,1960343,True,1098.8952,25.299,54.7635,611.9974,200.2088,1.3186,893.7021,
16,37,Q6K00400,42084,True,427.4044,3.0193,3.3346,12.763,365.1215,1.3357,385.6547,
16,38,Q6K00188,16057,True,426.5949,1.5189,0.8546,15.199,341.6734,1.1983,372.5672,
16,40,Q6K00412,96855,True,441.5898,21.24,2.4615,48.5195,312.511,1.0562,386.4593,
16,41,Q6K00460,47929,True,452.3935,18.4914,8.2295,57.6765,296.993,1.0559,382.5658,
16,44,Q6K00409,42904,True,452.8587,26.5947,28.1858,22.8842,224.402,1.056,303.2272,
16,42,Q6K00436,65521,True,462.2719,33.9764,11.949,83.1613,244.926,1.114,376.0616,
16,50,Q6K00380,45223,True,336.592,3.4903,7.7277,42.7803,137.2254,1.0942,192.6287,
16,43,Q6K00289,39611,True,506.0664,1.3651,31.5092,81.8639,234.9457,1.0776,351.019,
16,45,Q6K00534,18595,True,501.3361,36.0228,2.1269,22.8098,217.6119,1.0535,292.9956,
16,47,Q6K00349,27784,True,503.4806,43.9125,42.2947,19.8674,142.8257,1.1892,252.4521,
16,48,Q6K00267,31881,True,505.5785,20.3553,37.963,14.6085,173.9491,1.2301,257.3068,
16,49,Q6K00208,35560,True,430.8739,89.6986,15.5825,17.4187,129.3569,1.0909,253.2206,
16,51,Q6K00503,29184,True,329.9054,59.0212,9.9344,19.4376,135.5497,1.1289,225.2263,
16,46,Q6K00236,102539,True,533.5974,32.4024,20.7407,103.8124,161.1954,1.0688,324.4931,
16,52,Q6K00524,32862,True,195.2538,8.8451,4.8847,12.4897,153.1599,1.0621,182.2356,
16,54,Q6K00185,54497,True,337.9582,7.6148,8.534,30.817,265.2816,1.1774,314.0509,
16,53,Q6K00297,56983,True,376.6438,13.6097,2.5986,70.7805,274.6638,1.0698,363.0215,
16,55,Q6K00252,59777,True,340.5173,4.3576,2.5249,28.9429,241.1563,1.0947,278.4281,
16,56,Q6K00259,46752,True,364.8382,1.6396,2.9386,16.8209,246.8877,1.2874,269.9834,
16,57,Q6K00437,18319,True,369.6284,3.0212,1.3209,10.8526,248.4677,1.2169,264.9623,
16,59,Q6K00527,83346,True,343.9359,3.9491,40.1412,36.0119,188.2134,1.1279,269.5243,
16,61,Q6K00474,24074,True,355.2465,23.9513,1.0638,68.9384,184.5968,1.324,285.6484,
16,58,Q6K00492,29507,True,409.6836,5.9783,21.3946,40.0443,248.5441,1.0117,318.297,
16,63,Q6K00394,22912,True,384.5039,53.1584,5.1273,13.9018,234.0918,1.0934,307.4457,
16,60,Q6K00462,23771,True,419.8676,23.8888,14.379,73.2562,219.7435,1.1166,332.4589,
16,64,Q6K00316,30609,True,370.8521,58.2033,29.2657,15.7286,198.2962,1.005,304.7222,
16,65,Q6K00257,64428,True,369.9347,18.4076,17.2855,30.8887,191.5301,1.2059,259.406,
16,66,Q6K00233,95838,True,352.5343,17.5961,32.1706,42.4446,161.3079,1.1864,254.7935,
16,62,Q6K00297,56983,True,410.637,35.3059,37.2358,111.428,161.0722,1.0239,346.3845,
16,39,Q6K00184,1941223,True,1024.4126,3.521,12.3221,746.5785,201.8159,1.1065,966.2055,
16,68,Q6K00273,35835,True,262.6731,5.1765,12.6188,19.9288,205.766,1.1824,244.9674,
16,67,Q6K00385,45378,True,313.234,9.3391,6.5272,39.1643,234.2446,1.0153,291.3993,
16,69,Q6K00295,45550,True,327.8667,13.367,19.4481,39.5255,216.6774,1.1402,292.2295,
16,71,Q6K00314,24077,True,291.2069,11.7136,14.593,19.3601,230.7006,1.1011,280.8986,
16,72,Q6K00435,32932,True,333.0138,30.311,3.5692,25.4578,247.2258,1.1404,307.7948,
16,73,Q6K00400,42084,True,338.4715,3.6547,2.5196,14.6293,275.4009,1.5134,297.94,
16,70,Q6K00297,56983,True,423.5637,11.8604,27.909,61.7214,294.1431,1.06,397.1682,
16,36,Q6K00516,222817,True,1362.2632,5.9596,11.8256,1059.2177,245.2867,0.9478,1323.6543,
16,74,Q6K00439,32742,True,369.3089,2.3204,4.6725,11.8088,284.6661,1.2318,305.0293,
16,79,Q6K00219,15692,True,353.3142,33.1472,1.0429,21.4865,249.4337,1.0948,309.57,
16,78,Q6K00439,32742,True,374.0234,29.2781,19.1444,15.9715,247.6593,1.07,313.2154,
16,77,Q6K00524,32862,True,374.5572,25.1776,14.0408,24.0323,250.8153,0.9967,315.4826,
16,76,Q6K00436,65521,True,389.9158,26.5841,13.1428,60.3261,221.8636,0.9945,323.4508,
16,80,Q6K00360,46174,True,372.9362,24.7109,31.2282,53.4808,221.2319,1.1373,332.1543,
16,82,Q6K00407,49299,True,293.6324,5.6079,3.6364,20.0249,202.2458,1.0984,234.7807,
16,84,Q6K00411,10109,True,276.6819,26.6277,15.6254,6.7392,155.4744,1.241,205.7868,
16,75,Q6K00214,56806,True,466.9764,17.8017,12.9596,181.7719,160.6573,1.0021,374.9,
16,83,Q6K00423,41506,True,313.0011,10.9494,6.338,64.2102,150.5543,1.1342,234.436,
16,85,Q6K00351,43357,True,286.6665,20.4141,2.5816,34.5748,141.4913,1.1041,200.8248,
16,86,Q6K00334,72347,True,266.2959,18.7362,7.8256,34.8908,187.5699,1.1447,250.5655,
16,87,Q6K00357,29758,True,273.3754,14.8089,2.4129,19.1371,169.6702,1.1217,207.256,
16,88,Q6K00287,31989,True,373.8397,4.3399,3.2194,17.5031,294.599,1.7107,321.4496,
16,90,Q6K00433,13193,True,352.9485,3.0046,3.0682,8.7963,288.0876,1.1375,304.2165,
16,92,Q6K00497,22025,True,353.4037,32.8497,10.6199,10.0557,253.4285,1.0478,308.785,
16,91,Q6K00227,70448,True,372.8077,5.1761,8.8832,40.4184,262.9861,1.1309,318.9405,
16,93,Q6K00425,28646,True,381.7098,5.8641,4.8544,16.7323,251.789,1.0739,285.2313,
16,96,Q6K00510,27327,True,368.2781,13.6836,16.2105,21.5956,210.1266,1.0781,265.6898,
16,95,Q6K00254,49280,True,407.1791,2.6033,14.0519,26.6328,231.2901,1.0793,280.8164,
16,81,Q6K00414,942567,True,721.7728,13.3254,34.2447,382.7861,219.8268,1.0649,655.1769,
16,97,Q6K00290,34479,True,377.8041,34.0366,12.31,36.4197,205.3668,1.179,289.6523,
16,101,Q6K00320,30898,True,322.6241,2.7723,10.9747,33.0762,156.3642,0.9945,204.5071,
16,102,Q6K00203,30533,True,266.3095,12.3475,10.2694,35.7502,146.9649,1.173,206.9766,
16,99,Q6K00188,16057,True,372.9229,36.5241,23.561,57.338,154.3688,1.0629,274.1595,
16,100,Q6K00356,54894,True,367.6584,41.9262,12.7378,67.1357,150.7689,1.077,273.9573,
16,98,Q6K00368,59605,True,386.6755,35.8476,32.5183,58.8469,186.4972,1.2781,316.1813,
16,103,Q6K00320,30898,True,196.2812,3.6396,5.5678,15.7117,138.8542,0.9971,164.8822,
16,104,Q6K00349,27784,True,220.7902,6.9441,4.814,11.0908,143.5594,1.7319,168.381,
16,105,Q6K00370,50539,True,212.5887,11.2282,15.459,23.6045,130.7129,1.0516,182.3272,
16,106,Q6K00246,40723,True,245.4564,3.9645,8.4726,29.6061,179.2235,1.2247,223.0933,
16,108,Q6K00366,18223,True,279.379,7.2158,2.2627,10.5404,189.0151,1.0477,210.3877,
16,107,Q6K00426,124371,True,375.7737,9.6164,5.5434,36.316,266.1013,1.2074,318.9654,
16,94,Q6K00515,931170,True,767.4773,12.0596,7.639,371.0981,286.0372,1.0368,682.9499,
16,110,Q6K00382,27991,True,372.6938,5.4317,6.8737,29.3696,277.5824,1.1036,320.5889,
16,109,Q6K00388,19786,True,380.0782,14.2605,5.6285,11.0296,290.4768,1.2045,323.2971,
16,111,Q6K00255,47338,True,364.1386,6.7453,6.353,20.3666,268.5408,1.0619,303.7688,
16,113,Q6K00322,25324,True,379.0954,24.0868,3.1692,16.5332,263.0391,1.146,315.2721,
16,115,Q6K00182,16082,True,429.5388,5.3775,11.7187,42.2869,267.1721,1.086,327.7122,
16,112,Q6K00316,30609,True,434.6397,14.2786,14.5464,19.3579,295.8829,1.0313,345.1732,
16,117,Q6K00217,29993,True,407.3436,20.3391,3.6673,10.5893,282.6246,1.0571,318.7653,
16,114,Q6K00266,33734,True,460.3001,7.1455,6.7386,44.7917,300.4581,1.1246,360.3543,
16,119,Q6K00193,40864,True,372.0467,21.3484,10.3133,33.1977,240.5691,1.1964,306.8941,
16,116,Q6K00384,59237,True,503.3571,11.2047,12.8892,143.9092,188.2336,1.0828,363.5526,
16,120,Q6K00379,45466,True,371.7797,29.0648,8.2498,37.0839,231.7966,1.2779,307.9708,
16,118,Q6K00271,67886,True,451.2982,12.1986,31.3258,94.1926,195.3103,1.0577,334.1854,
16,89,Q6K00305,76353,True,1086.2086,5.266,1.7556,768.8268,207.3084,1.1172,985.1539,
16,121,Q6K00296,23191,True,358.4262,40.103,2.6715,13.6016,215.8923,0.9757,273.8205,
16,122,Q6K00268,51425,True,303.6012,9.766,4.8036,15.744,193.7462,1.1479,225.2877,
16,123,Q6K00368,59605,True,361.7302,6.0747,14.2616,52.4326,244.9739,1.2482,319.6141,
16,127,Q6K00369,21253,True,358.9058,10.3508,6.6666,12.0044,263.4485,1.2295,293.7754,
16,126,Q6K00405,17704,True,392.7183,8.0544,2.337,13.8608,307.7016,1.0845,333.289,
16,125,Q6K00333,36066,True,527.9984,3.9961,11.4396,87.2859,387.7784,1.2069,491.7825,
16,124,Q6K00359,53612,True,534.9124,16.6755,37.9884,85.5067,362.6338,1.0942,503.9905,
16,129,Q6K00309,27013,True,528.9497,2.0233,6.7795,44.0624,393.6277,1.367,447.9828,
16,133,Q6K00231,35777,True,490.9778,41.9907,4.5468,18.2375,330.5211,1.3849,397.9525,
16,132,Q6K00233,95838,True,537.2802,3.4134,18.6051,73.2379,309.6943,1.2218,407.677,
16,138,Q6K00323,47659,True,430.6193,25.1376,41.0847,38.2981,253.5574,1.1559,359.2982,
16,134,Q6K00348,30441,True,511.6923,54.6308,24.2145,28.453,282.0355,1.3228,404.5854,
16,131,Q6K00312,43106,True,568.5792,6.8776,14.5471,91.466,306.9422,1.1424,426.6638,
16,137,Q6K00298,32077,True,460.3578,23.0366,23.4045,40.9974,274.3838,1.0842,362.9874,
16,128,Q6K00535,63669,True,619.6309,9.0824,24.3705,356.9434,168.412,1.2346,563.0512,
16,136,Q6K00271,67886,True,489.3094,44.6468,24.4646,81.58,210.0654,1.1459,374.8039,
16,141,Q6K00259,46752,True,344.4023,28.8115,33.4161,41.1744,148.6706,1.2062,254.9632,
16,139,Q6K00530,74939,True,428.7853,13.5047,2.0316,98.1983,189.7709,1.0,304.7787,
16,135,Q6K00478,81084,True,629.6974,17.5454,17.2154,228.5579,164.1246,1.0765,429.117,
16,140,Q6K00251,89512,True,435.0924,33.7129,41.4259,112.3588,150.085,1.0889,341.8232,
16,143,Q6K00245,52119,True,327.7488,12.0065,19.1388,29.0195,143.7369,1.0063,208.6139,
16,142,Q6K00287,31989,True,335.7274,17.6363,38.9559,17.2434,171.5089,1.2491,246.9058,
16,144,Q6K00259,46752,True,287.3816,3.6912,9.7474,24.6802,214.963,1.1328,254.6198,
16,145,Q6K00425,28646,True,341.571,2.6392,6.3045,13.5848,265.2812,0.9874,289.2251,
16,146,Q6K00197,68988,True,370.1257,15.3189,1.7058,37.3189,262.7252,1.2057,318.6956,
16,148,Q6K00289,39611,True,391.5044,52.3339,3.4855,17.4077,224.2247,1.1601,298.6859,
16,149,Q6K00477,51749,True,420.173,1.6921,4.4099,17.6845,227.2527,1.0882,252.2069,
16,147,Q6K00277,119672,True,471.1842,2.3359,6.2267,64.6784,249.7691,1.1124,324.4173,
16,150,Q6K00383,28969,True,487.2964,14.9147,2.9326,14.1474,290.8475,1.0867,324.3281,
16,152,Q6K00242,20518,True,471.1038,6.2054,4.4,18.2769,264.0528,1.378,294.3822,
16,151,Q6K00375,32360,True,511.1404,10.7341,2.5061,22.1576,291.9934,1.9594,329.7594,
16,153,Q6K00369,21253,True,465.7676,9.384,7.5283,17.0166,283.2235,1.1983,318.425,
16,155,Q6K00216,29680,True,398.2896,12.8476,11.8874,18.2889,242.8587,1.0573,308.4899,
16,158,Q6K00299,23638,True,374.661,16.8019,19.3303,53.5831,213.1348,1.046,304.2789,
16,156,Q6K00520,26595,True,407.6453,18.1642,21.5675,46.3663,217.8597,1.0936,310.7029,
16,154,Q6K00490,21391,True,480.888,10.6714,12.9158,9.9846,294.9924,1.0701,329.8647,
16,157,Q6K00236,102539,True,407.2179,16.7621,27.907,55.2076,234.261,1.0682,336.3082,
16,159,Q6K00455,40113,True,354.2348,54.4943,22.2634,23.1281,203.9731,1.2559,305.1969,
16,160,Q6K00512,34343,True,268.2455,4.7532,18.9908,16.7206,202.8847,1.1933,245.7935,
16,130,Q6K00429,103452,True,1201.0097,5.9749,2.4282,937.7789,139.628,1.1378,1096.8787,
16,161,Q6K00381,38095,True,301.9562,5.0384,6.635,61.0676,171.3303,1.0606,245.4392,
16,163,Q6K00298,32077,True,303.2292,3.4131,4.4812,21.45,147.0733,1.1167,177.6178,
16,162,Q6K00277,119672,True,340.3258,3.6234,13.9491,65.2125,180.7575,1.1521,265.0193,
16,165,Q6K00203,30533,True,353.5154,2.6786,1.8718,14.1126,280.5909,1.189,300.52,
16,167,Q6K00520,26595,True,356.0116,4.2261,1.5998,12.2005,287.2943,1.1375,309.832,
16,166,Q6K00365,27298,True,399.5236,3.9361,2.2992,13.6981,312.6956,1.1815,334.1378,
16,168,Q6K00228,21296,True,378.988,8.5209,5.6424,12.6058,285.5473,1.1388,313.7426,
16,169,Q6K00262,38865,True,382.4772,12.9046,6.6371,25.0842,255.4246,1.3311,307.3736,
16,170,Q6K00357,29758,True,378.807,9.6625,26.1818,17.2859,247.2713,1.1203,301.9759,
16,171,Q6K00364,55702,True,391.7327,22.0168,16.1706,43.3293,217.1647,1.0785,300.02,
16,172,Q6K00481,29491,True,409.6167,51.6224,5.8209,18.4055,218.5525,1.0435,295.9009,
16,174,Q6K00506,20727,True,395.7419,14.8447,7.5041,47.5015,179.2154,1.0349,250.1735,
16,176,Q6K00201,47146,True,352.5286,2.8464,8.9843,90.51,121.2538,1.2027,225.2909,
16,179,Q6K00398,51803,True,279.6028,36.3286,4.1918,40.6,125.4666,1.2059,208.9662,
16,177,Q6K00540,21197,True,358.1487,18.8287,5.188,32.0359,172.0896,0.9576,229.5577,
16,175,Q6K00347,38528,True,426.0945,5.9437,29.7097,21.8756,177.5375,0.9969,236.1295,
16,173,Q6K00386,56364,True,445.5634,36.2351,18.8581,58.5923,187.0111,1.1397,306.9843,
16,178,Q6K00406,25959,True,299.923,36.1982,2.9927,51.5091,140.0445,1.1154,233.8906,
16,180,Q6K00324,65729,True,295.6608,4.3127,4.173,41.9404,180.12,1.1821,232.6664,
16,181,Q6K00329,46127,True,304.4739,3.5941,7.5622,21.7658,252.2239,1.1689,286.4582,
16,182,Q6K00476,29241,True,349.1449,6.215,7.266,15.1682,275.7575,1.0219,305.512,
16,184,Q6K00276,42802,True,343.4308,8.3827,7.8361,23.6922,254.3476,1.1207,295.4941,
16,183,Q6K00447,31530,True,371.9068,6.9643,8.7921,20.9494,273.5789,1.1098,312.1326,
16,185,Q6K00372,32137,True,367.0979,2.3572,2.6009,11.3625,258.9907,1.0948,276.6357,
16,186,Q6K00487,46956,True,405.2179,1.1632,2.7451,24.2799,270.723,1.4233,300.4238,
16,188,Q6K00282,26870,True,416.3307,2.1501,15.9045,37.748,254.5933,1.2048,312.2627,
16,191,Q6K00464,111411,True,437.5072,11.0158,27.6781,53.4785,242.2132,1.183,335.6781,
16,164,Q6K00184,1941223,True,980.5237,19.4664,16.2261,660.4901,225.5817,1.1133,923.1763,
16,193,Q6K00276,42802,True,427.9986,33.3907,7.298,67.8665,267.7524,1.2951,377.6997,
16,189,Q6K00540,21197,True,477.4298,13.0497,5.1673,11.9542,362.0349,1.0373,393.3343,
16,192,Q6K00295,45550,True,445.4034,81.5664,9.2771,40.3886,255.4367,1.2499,391.5306,
16,194,Q6K00438,33032,True,433.0021,36.1727,55.2907,44.3433,260.2321,1.0719,397.1779,
16,195,Q6K00513,20233,True,322.2581,23.5247,5.9939,28.4084,248.2955,1.0427,307.3598,
16,187,Q6K00359,53612,True,500.6781,17.3714,10.9646,173.069,220.1555,1.0349,423.1501,
16,190,Q6K00274,41611,True,463.3689,6.7005,16.0106,178.4548,210.6803,1.141,413.0722,
16,197,Q6K00350,40906,True,225.7549,5.864,6.6688,17.612,178.7503,1.079,210.4811,
16,198,Q6K00475,109572,True,214.4872,4.345,4.3462,49.3335,118.4437,1.1757,177.9885,
16,196,Q6K00499,50487,True,287.5441,26.4091,25.9718,120.465,92.9414,1.0919,267.2258,
16,199,Q6K00459,23680,True,198.8638,16.7778,33.9439,51.7706,41.1944,1.0714,145.6213,
16,200,Q6K00270,72035,True,191.4162,3.4811,25.5563,44.494,57.6867,1.0222,132.5496,
32,4,Q6K00346,54592,True,499.756,19.4594,18.8074,29.4088,318.8724,1.117,388.4187,
32,2,Q6K00422,25891,True,541.6135,1.6191,21.373,10.1091,384.2684,1.1274,419.0327,
32,3,Q6K00456,31903,True,542.4678,11.9141,36.1408,19.9863,403.2424,1.1374,472.7259,
32,5,Q6K00381,38095,True,621.183,25.5713,6.0787,56.5282,375.6189,1.0031,465.0708,
32,9,Q6K00418,60937,True,621.2212,7.5654,4.3962,15.7183,407.3164,1.0373,436.1063,
32,6,Q6K00213,35472,True,636.5398,28.6354,31.0419,53.512,423.5804,1.0164,537.8504,
32,7,Q6K00406,25959,True,694.1675,15.9981,6.9213,34.2905,424.7713,1.0455,486.164,
32,14,Q6K00437,18319,True,695.4179,5.654,16.4167,9.6915,417.3437,1.3328,450.6259,
32,12,Q6K00260,23467,True,703.5848,14.9972,21.726,24.296,419.0335,1.0639,482.1392,
32,8,Q6K00461,36426,True,705.0135,15.3611,10.6086,31.9065,456.9449,1.1158,516.3063,
32,11,Q6K00472,39374,True,709.4103,12.3991,2.3651,21.985,463.0536,1.0357,501.1284,
32,1,Q6K00453,36718,True,727.924,4.5062,7.7708,182.3152,436.3912,1.0089,634.3078,
32,10,Q6K00388,19786,True,729.342,20.5535,26.2189,46.1395,435.7257,1.2817,530.033,
32,18,Q6K00327,21016,True,755.088,18.7443,16.6243,20.7908,406.7301,1.1008,473.8204,
32,15,Q6K00317,61279,True,758.3553,32.8251,11.6059,63.3619,420.8564,1.1251,533.2863,
32,16,Q6K00500,34411,True,768.8461,25.3234,12.5004,23.0532,451.3108,1.2559,515.1317,
32,19,Q6K00225,23168,True,782.5495,33.8818,35.531,38.8977,363.0585,1.1908,473.146,
32,17,Q6K00250,65228,True,787.5737,6.3759,12.3185,68.9687,416.2209,0.9705,504.9656,
32,13,Q6K00483,54043,True,836.5713,21.1141,22.2016,185.0425,366.1592,1.1023,596.6494,
32,24,Q6K00500,34411,True,836.6427,32.8539,20.2204,52.2169,280.7327,1.2497,387.3751,
32,20,Q6K00221,31951,True,850.0294,34.3343,7.7833,35.9756,393.4344,1.1144,473.4144,
32,21,Q6K00351,43357,True,849.9925,6.4692,12.629,82.9844,348.0958,1.148,458.1543,
32,25,Q6K00467,82873,True,857.4013,38.0362,34.6581,53.7496,287.9683,1.3505,416.213,
32,27,Q6K00296,23191,True,867.8188,55.1914,19.0108,17.1048,247.9595,1.1584,347.2621,
32,28,Q6K00186,66499,True,874.3401,19.6838,23.3386,40.0498,227.6159,1.1732,312.8315,
32,26,Q6K00526,28779,True,878.6052,32.6126,50.033,60.9308,269.4969,1.0477,424.0951,
32,29,Q6K00396,28738,True,879.4613,13.3247,15.2938,18.2473,278.2944,0.9834,326.7816,
32,30,Q6K00299,23638,True,899.6082,38.1875,9.9246,52.7991,191.1976,1.0696,293.256,
32,31,Q6K00405,17704,True,900.2953,37.6827,23.6871,13.4526,202.7442,1.1022,279.2767,
32,22,Q6K00463,91871,True,903.8695,46.2801,7.3025,251.3064,223.8651,1.1424,531.3538,
32,32,Q6K00476,29241,True,902.2737,13.6701,6.1645,15.7348,185.1543,1.2228,222.0222,
32,23,Q6K00463,91871,True,940.9421,37.0655,9.0781,318.8701,177.2863,1.0523,544.4105,
32,33,Q6K00492,29507,True,461.8217,8.7225,3.3959,13.6602,175.1834,1.0467,202.6207,
32,34,Q6K00247,34868,True,429.7629,8.3209,9.1011,22.0301,170.6514,1.2349,211.7196,
32,35,Q6K00220,38683,True,520.9526,10.124,9.4789,30.0087,181.661,1.2281,232.9045,
32,36,Q6K00454,72603,True,543.2047,28.3022,4.5346,22.3495,229.6368,1.2888,287.7677,
32,37,Q6K00330,30747,True,542.7721,5.4086,2.8621,16.0866,213.4467,1.0038,239.7885,
32,38,Q6K00418,60937,True,543.1325,2.7303,4.3644,15.0071,272.7209,1.0672,296.2404,
32,39,Q6K00531,72569,True,553.3315,3.109,3.4524,16.8132,273.9142,0.9617,298.6841,
32,40,Q6K00185,54497,True,683.963,4.4301,1.791,29.2614,375.0834,1.1127,411.9475,
32,42,Q6K00427,19456,True,763.4927,8.4189,1.8906,8.2091,411.7518,1.1614,431.5189,
32,41,Q6K00417,16209,True,764.6027,8.6348,1.2705,8.1879,406.7844,1.1136,427.4586,
32,44,Q6K00197,68988,True,806.3823,33.5159,4.3786,44.2655,393.8228,1.2503,477.548,
32,45,Q6K00246,40723,True,826.1723,14.0291,23.6995,25.7076,409.6394,1.1621,474.3111,
32,46,Q6K00472,39374,True,804.8274,27.6309,4.0427,12.5447,395.3485,1.2518,440.9237,
32,43,Q6K00424,58783,True,899.667,7.2927,6.5097,30.7973,494.9159,1.5074,541.1111,
32,47,Q6K00239,90649,True,868.7211,24.2311,2.6823,39.6852,387.8345,1.1538,455.6732,
32,48,Q6K00511,49648,True,877.6645,58.3571,3.4664,32.7548,392.1458,1.2204,490.0364,
32,50,Q6K00355,18761,True,871.1747,35.5555,2.8305,11.1961,389.7881,1.3078,442.4104,
32,54,Q6K00296,23191,True,810.9543,4.2967,43.1966,17.8313,347.8348,1.117,414.3687,
32,51,Q6K00356,54894,True,841.9356,7.9843,39.6318,34.0578,364.3816,1.1368,447.8321,
32,49,Q6K00332,48434,True,920.8392,46.9665,57.4582,164.6972,304.2377,1.1046,574.5362,
32,53,Q6K00428,57432,True,853.7811,13.5428,14.4586,66.5305,377.2868,1.1612,473.3788,
32,52,Q6K00508,33297,True,871.2718,11.7223,16.666,58.6162,396.743,1.2495,486.1857,
32,56,Q6K00420,26893,True,859.0669,32.8539,29.135,32.5219,325.9875,1.4585,422.0312,
32,57,Q6K00391,65843,True,877.8612,11.3175,12.0171,68.9059,327.5351,1.0715,420.9217,
32,55,Q6K00465,76514,True,895.9145,50.9944,30.5537,133.4963,281.0718,0.9965,498.0425,
32,58,Q6K00261,36162,True,874.6437,4.6226,24.1414,29.2339,349.0396,1.1479,417.5574,
32,59,Q6K00288,56788,True,873.6406,20.4231,32.3474,54.3068,291.0288,1.0763,400.5666,
32,60,Q6K00405,17704,True,855.2523,36.6364,12.0275,11.0427,306.0445,1.2363,367.047,
32,61,Q6K00224,37313,True,860.5674,13.1856,24.2508,62.8889,247.7806,1.0119,350.3213,
32,62,Q6K00368,59605,True,891.5145,34.3729,7.9767,77.0799,231.7918,1.1739,352.9028,
32,63,Q6K00287,31989,True,919.2072,31.0483,33.3705,38.9575,239.7483,1.2539,345.732,
32,66,Q6K00370,50539,True,868.3108,38.3219,9.0685,25.425,188.3972,1.1497,262.915,
32,67,Q6K00498,45256,True,787.9294,21.4479,8.6239,26.487,178.1286,1.0405,236.5902,
32,69,Q6K00416,19378,True,728.3532,8.4184,6.1328,13.8241,200.0817,1.0214,229.8103,
32,71,Q6K00416,19378,True,752.7261,14.4493,2.2603,14.4061,221.0091,1.0748,253.2963,
32,68,Q6K00373,87592,True,872.9436,13.3854,5.743,97.6863,248.6041,1.2773,367.1978,
32,73,Q6K00320,30898,True,612.6581,6.8527,3.6535,17.7238,245.865,1.1161,275.3016,
32,74,Q6K00537,44036,True,739.4411,6.2614,15.6266,34.1012,311.8051,1.0624,369.1836,
32,72,Q6K00284,56091,True,854.7982,9.8074,29.8826,69.4684,346.1759,1.1134,456.5213,
32,70,Q6K00539,63862,True,1166.4026,13.8117,6.3505,173.1652,388.0333,1.1154,582.5545,
32,77,Q6K00367,20314,True,783.0615,4.676,2.6192,9.4042,407.2586,1.1354,425.6324,
32,78,Q6K00466,41195,True,737.2541,7.3326,12.0858,21.4321,379.1517,1.0615,421.2965,
32,76,Q6K00297,56983,True,850.5664,3.283,3.5822,70.1067,438.687,1.2678,517.7868,
32,64,Q6K00414,942567,True,1462.2734,7.1891,15.701,427.6304,420.1343,1.1738,872.1302,
32,79,Q6K00388,19786,True,803.4251,20.8469,8.299,22.7483,462.8157,1.2216,517.5995,
32,81,Q6K00336,19413,True,800.9961,4.9077,7.7101,29.6431,450.5456,1.0941,496.8604,
32,84,Q6K00470,13939,True,808.0154,21.6362,5.61,26.8383,397.3706,1.3542,453.4363,
32,83,Q6K00379,45466,True,836.4632,21.6204,6.8763,25.8165,436.0321,1.1758,491.5973,
32,80,Q6K00356,54894,True,869.1861,6.1004,19.0838,91.6532,418.6828,1.2477,539.2217,
32,82,Q6K00323,47659,True,875.9257,34.3638,28.2496,40.5385,440.3001,1.4064,545.4895,
32,85,Q6K00360,46174,True,850.0572,22.5689,12.8443,51.8972,401.235,1.1048,490.2048,
32,86,Q6K00220,38683,True,851.78,17.1707,8.0987,60.9396,410.0645,1.2828,498.2976,
32,88,Q6K00233,95838,True,869.5108,15.4924,19.8447,45.5314,376.0282,1.0396,458.5472,
32,89,Q6K00423,41506,True,882.7053,8.1688,10.7396,103.3234,362.9775,1.1475,490.0835,
32,90,Q6K00504,108024,True,908.2584,16.3461,55.5886,58.1422,340.5485,1.051,471.7888,
32,91,Q6K00517,67237,True,908.2057,35.8396,14.7381,35.7443,318.1434,0.9515,407.5365,
32,95,Q6K00271,67886,True,878.0777,18.2392,19.9135,66.6049,280.7949,1.059,387.3125,
32,93,Q6K00328,41746,True,939.559,25.4771,7.5967,50.4479,360.6228,1.0968,445.3471,
32,96,Q6K00219,15692,True,898.6878,27.7512,7.5325,13.1219,325.8745,1.1376,376.6723,
32,92,Q6K00430,37452,True,1018.2586,25.5716,15.4288,179.6751,287.5839,1.0662,511.9649,
32,98,Q6K00200,30371,True,918.2789,11.9256,5.7382,23.0384,301.5945,1.1372,345.6089,
32,75,Q6K00489,924976,True,1303.2503,2.9903,12.4774,677.1399,280.0594,1.1974,973.9533,
32,99,Q6K00182,16082,True,855.7969,9.6246,23.2283,21.9631,322.6299,1.0863,380.8785,
32,100,Q6K00181,65985,True,876.749,3.9847,9.4804,41.2399,343.7096,2.2365,401.8192,
32,102,Q6K00298,32077,True,710.358,5.6984,6.4233,18.2369,305.0957,1.2369,336.7797,
32,103,Q6K00532,41644,True,758.4028,15.6704,4.7693,29.457,338.9502,1.0191,389.9591,
32,105,Q6K00202,28249,True,677.2673,20.8336,5.5363,9.3697,318.6185,1.0565,355.7134,
32,104,Q6K00236,102539,True,719.5107,21.9581,5.5123,71.6322,329.4417,1.1394,429.7931,
32,106,Q6K00204,30004,True,874.1169,11.2102,14.9499,63.9814,352.3228,1.3705,445.719,
32,107,Q6K00250,65228,True,819.084,17.6049,9.9935,63.4761,346.0809,1.0007,438.2391,
32,109,Q6K00378,47057,True,794.6046,30.1535,7.4159,20.0674,321.0418,1.1121,379.8923,
32,108,Q6K00324,65729,True,891.5329,5.8679,10.0678,71.7603,361.8182,1.1101,450.7139,
32,110,Q6K00256,35388,True,864.3286,6.711,15.5149,33.9699,345.1016,1.155,403.206,
32,111,Q6K00394,22912,True,837.4464,33.8108,3.0115,24.2021,383.6906,1.0125,459.5462,
32,112,Q6K00272,101320,True,837.671,16.6662,5.9853,49.407,377.494,1.1831,451.4909,
32,113,Q6K00253,28093,True,867.6212,37.9315,9.1428,12.6577,396.6813,1.2359,457.7282,
32,116,Q6K00425,28646,True,821.8546,8.7933,12.4933,16.7532,341.9085,1.0256,381.343,
32,114,Q6K00445,26869,True,848.1101,5.5653,13.5436,18.7207,381.8436,0.9746,420.7337,
32,115,Q6K00326,35432,True,882.7806,11.9368,9.556,56.1435,356.4138,1.2445,435.7415,
32,97,Q6K00493,931850,True,1595.3001,29.886,16.9021,578.0112,383.6183,1.0808,1012.9417,
32,117,Q6K00192,52600,True,861.4898,27.7872,18.5829,62.145,317.1847,1.1591,436.2613,
32,121,Q6K00531,72569,True,799.1559,27.4143,11.5586,20.2373,342.9651,1.0572,403.5658,
32,87,Q6K00429,103452,True,1792.0246,6.0774,6.4526,1120.7309,295.1047,1.2389,1437.0072,
32,118,Q6K00318,23216,True,888.2435,20.2192,5.1565,72.9526,367.1531,1.1248,466.7353,
32,122,Q6K00232,36421,True,822.9126,7.8377,7.4466,21.6962,336.9883,1.1554,375.2169,
32,65,Q6K00516,222817,True,2572.452,23.855,19.266,1620.1188,302.8161,0.9729,1967.4444,
32,123,Q6K00336,19413,True,817.3715,36.299,14.9399,36.2357,308.8884,1.2507,403.5721,
32,124,Q6K00216,29680,True,816.5584,34.5206,20.0002,14.4721,303.7017,1.1057,374.9989,
32,119,Q6K00499,50487,True,931.0375,22.5968,10.6878,178.9072,290.6814,1.1772,504.1369,
32,125,Q6K00399,47120,True,787.8445,32.8806,30.0943,41.0627,276.7063,1.2545,382.9796,
32,120,Q6K00478,81084,True,951.2336,4.8902,18.3938,232.8463,261.1428,1.4057,518.7742,
32,126,Q6K00406,25959,True,782.8917,44.112,5.7652,77.0798,228.8945,1.0486,357.0132,
32,127,Q6K00348,30441,True,763.1561,44.6538,1.2639,23.2121,246.2653,1.2266,316.9997,
32,131,Q6K00383,28969,True,635.5812,6.6605,15.7549,17.1398,179.7131,1.1332,221.1604,
32,94,Q6K00429,103452,True,1872.0136,35.5935,33.0167,1078.7948,231.3628,1.1459,1380.6384,
32,130,Q6K00334,72347,True,703.299,8.7718,12.8437,43.5349,202.2549,1.16,273.6222,
32,128,Q6K00274,41611,True,789.641,12.4046,4.6963,120.6367,193.6584,1.0771,333.1233,
32,133,Q6K00511,49648,True,504.6991,4.7418,7.233,28.1472,191.8211,1.3994,233.4582,
32,134,Q6K00366,18223,True,504.4572,25.3695,4.114,10.5134,195.6077,1.0488,236.945,
32,101,Q6K00429,103452,True,1692.4048,28.2551,6.985,1035.4828,179.9679,1.0469,1253.7303,
32,135,Q6K00226,64913,True,568.7308,6.0712,10.7817,26.6215,185.8461,1.1907,230.9222,
32,137,Q6K00371,24411,True,507.7049,2.5486,2.5413,24.766,198.6543,1.0486,234.9871,
32,136,Q6K00393,88309,True,536.6889,12.234,8.0475,42.0215,198.0336,0.9593,261.8704,
32,139,Q6K00262,38865,True,544.7648,7.4528,3.5406,24.9732,183.2449,1.2509,220.9243,
32,138,Q6K00242,20518,True,546.6482,5.98,2.6227,14.2903,219.2523,1.2358,243.7545,
32,140,Q6K00376,31449,True,607.2418,22.4164,2.6125,10.8074,227.8552,1.1336,265.545,
32,141,Q6K00320,30898,True,637.4216,4.0969,6.0101,19.0471,264.0082,1.0747,294.4573,
32,129,Q6K00533,924790,True,1132.4333,7.5758,5.0422,383.5279,279.1564,1.0196,676.5237,
32,142,Q6K00189,28845,True,697.5163,5.0423,5.0017,11.5569,289.3181,1.1278,317.5947,
32,144,Q6K00404,54328,True,651.1462,5.1064,18.8884,27.7391,244.6697,1.1224,299.445,
32,145,Q6K00286,24274,True,622.4794,13.5898,19.0483,15.8612,271.7225,1.239,321.5347,
32,146,Q6K00196,15373,True,634.1705,2.8914,4.0646,12.5732,295.1746,1.2103,315.9909,
32,148,Q6K00286,24274,True,643.2287,2.1953,1.1416,29.7711,296.5699,1.1485,330.9458,
32,149,Q6K00404,54328,True,675.3413,4.8981,6.1084,28.4923,285.473,1.0569,327.7579,
32,150,Q6K00496,25061,True,672.4863,15.3588,19.8465,13.3223,273.3559,1.0405,323.8457,
32,143,Q6K00390,61103,True,770.6152,5.6756,14.9496,186.8596,252.2716,1.2584,464.4385,
32,151,Q6K00487,46956,True,663.0599,34.2132,10.312,35.0164,239.6062,1.1252,324.5165,
32,152,Q6K00358,26357,True,630.7575,20.0244,8.5751,30.3981,242.4425,1.0046,303.1085,
32,147,Q6K00361,67230,True,755.3507,7.4259,19.322,145.3367,239.2103,1.1615,413.6707,
32,154,Q6K00460,47929,True,681.2615,21.6154,6.7007,36.5838,202.7821,1.7207,271.649,
32,155,Q6K00240,8917,True,662.0052,57.688,6.886,10.173,195.1291,1.2633,271.5351,
32,153,Q6K00461,36426,True,694.8922,9.4973,15.079,72.414,210.6457,1.0398,317.0087,
32,157,Q6K00202,28249,True,729.4825,11.0198,18.7662,10.7043,178.5422,1.1332,220.5283,
32,156,Q6K00281,68737,True,731.5797,14.4429,20.0986,35.5561,169.5878,1.3478,241.6284,
32,158,Q6K00508,33297,True,702.1083,28.8744,3.316,20.9364,178.6956,1.1834,234.7765,
32,159,Q6K00315,36650,True,710.2097,21.8671,10.1955,17.1275,186.2669,1.209,241.3307,
32,160,Q6K00196,15373,True,715.8886,12.0914,2.298,35.8305,215.6448,1.3318,267.2796,
32,161,Q6K00330,30747,True,719.985,12.8082,4.2136,19.8641,223.5644,1.1424,262.0477,
32,162,Q6K00223,30437,True,707.5529,16.3444,7.7889,14.1602,229.7445,1.1247,269.2493,
32,163,Q6K00417,16209,True,703.706,10.7665,2.5804,11.731,230.4678,1.0517,257.2808,
32,164,Q6K00462,23771,True,746.8579,16.0306,4.5711,19.107,244.8566,1.1266,286.8906,
32,167,Q6K00255,47338,True,702.0325,9.7378,6.5467,23.8071,214.8622,0.9965,256.043,
32,169,Q6K00200,30371,True,769.1601,6.7529,2.153,15.2356,264.452,1.1193,289.7973,
32,170,Q6K00475,109572,True,768.0606,11.8391,4.4501,46.0572,272.5444,1.2122,336.5815,
32,168,Q6K00326,35432,True,902.564,23.7258,5.4957,40.425,372.2739,1.1973,443.4755,
32,171,Q6K00477,51749,True,857.3683,3.6405,4.6834,22.4458,418.6043,1.0944,451.1222,
32,172,Q6K00207,37321,True,837.1118,20.0821,5.6058,16.3109,440.7325,1.0896,484.0302,
32,174,Q6K00189,28845,True,828.5462,3.741,4.123,9.2284,441.4274,1.2651,459.8677,
32,176,Q6K00449,47366,True,803.9407,4.4869,6.3298,26.052,417.2661,1.191,455.4155,
32,177,Q6K00189,28845,True,816.3478,31.8921,5.2879,38.3753,407.5287,1.1272,484.5852,
32,179,Q6K00473,30869,True,817.1966,48.0045,4.5088,19.8628,403.8159,1.1972,477.8712,
32,175,Q6K00338,64950,True,970.0342,3.5505,17.2208,55.6685,487.3352,1.0324,565.3425,
32,180,Q6K00496,25061,True,878.0029,16.166,7.2672,29.9075,415.47,0.9869,479.6776,
32,178,Q6K00473,30869,True,883.9548,14.0197,8.7952,21.0211,463.3399,1.1432,508.8904,
32,181,Q6K00293,56279,True,874.7912,13.9145,14.9459,50.2026,398.4456,1.0754,480.5794,
32,132,Q6K00525,193278,True,2050.6282,31.9146,12.4042,1231.43,376.105,1.0835,1654.4458,
32,182,Q6K00442,30858,True,895.7815,51.8737,10.3233,21.1402,399.7871,1.005,491.6674,
32,173,Q6K00390,61103,True,1067.0244,10.9915,5.2666,267.3232,404.9152,1.2866,689.9066,
32,183,Q6K00476,29241,True,917.2781,27.3094,26.9955,53.3723,377.6279,1.082,486.7742,
32,165,Q6K00414,942567,True,1401.8613,10.0237,6.4626,584.4459,318.1647,1.0453,920.4771,
32,185,Q6K00233,95838,True,936.1796,46.2084,4.4559,62.2089,363.1842,1.143,477.6255,
32,184,Q6K00264,90754,True,942.7328,39.4031,10.7902,110.6554,411.3873,1.2021,577.3343,
32,166,Q6K00489,924976,True,1390.6026,4.1599,34.6222,608.0817,375.2241,1.0653,1027.7717,
32,188,Q6K00442,30858,True,905.4719,10.9361,12.4571,20.0107,370.3148,1.1602,415.8497,
32,190,Q6K00490,21391,True,885.6208,7.5614,4.1073,20.7254,345.5915,1.0807,379.1543,
32,189,Q6K00400,42084,True,910.1092,16.0705,19.5113,19.462,360.5085,1.2266,417.2041,
32,191,Q6K00433,13193,True,857.851,17.9807,2.666,12.6534,340.8721,1.0736,375.9064,
32,193,Q6K00272,101320,True,846.1504,11.0884,3.1375,43.766,285.366,1.359,344.8215,
32,192,Q6K00356,54894,True,860.4706,7.9753,15.9236,72.2956,255.8851,1.1596,357.24,
32,195,Q6K00349,27784,True,770.7748,34.1213,2.5582,10.5034,250.2148,1.189,300.5502,
32,197,Q6K00330,30747,True,626.6664,37.9002,6.8809,25.1435,177.6209,1.0322,255.7293,
32,186,Q6K00539,63862,True,1008.4208,29.4712,19.4436,303.3309,177.7218,1.0746,533.4702,
32,198,Q6K00341,95092,True,540.9966,26.8854,18.6121,56.0116,119.3264,1.0592,222.5441,
32,200,Q6K00245,52119,True,425.537,51.2906,5.698,31.2854,92.7467,1.2254,182.8588,
32,187,Q6K00441,976331,True,976.8474,25.0165,23.0649,465.45,24.0927,1.068,538.9576,
32,199,Q6K00533,924790,True,533.8544,21.2258,46.0501,147.5401,19.2053,1.099,235.2391,
32,194,Q6K00265,1921101,True,907.9121,35.5822,21.2604,305.4143,19.3479,1.0431,382.8759,
32,196,Q6K00516,222817,True,840.6863,15.7491,7.367,320.045,10.681,0.9186,354.8661,
