source_fresh_id,source_version_id,source_version_number,api_version_number,date_published,snapshot_commit,snapshot_ref,snapshot_resolution,snapshot_exact_release_claim,error
FMOD0077,n4xzuN3I,3.102.6+26.1.2,3.102.6+26.1.2,2026-08-02T11:17:59.105997Z,284b12dfeaee83e71c305d231edd74fb4e06d5f5,,DATE_HEURISTIC,False,
FMOD0001,bUJ7d0jM,1.21.11-fabric-1.0.1,1.21.11-fabric-1.0.1,2026-08-02T03:21:35.687347Z,,,NO_GITHUB_REPOSITORY,False,
FMOD0023,603d4gFf,26.201.1,26.201.1,2026-08-08T01:11:59.510814Z,1721fb43c852eefbf1390defbc6fed5b35927317,,DATE_HEURISTIC,False,
FMOD0004,gs62LOlx,1.1.0,1.1.0,2026-05-09T12:27:01.703042Z,d2b83e38d988f3f03ee14d322e9072a6b1a3c9b4,v1.1.0,EXACT_NORMALIZED_TAG,True,
FMOD0096,yhbCh01w,3.3.7,3.3.7,2026-06-12T14:14:59.637378Z,37f73ba40b456e7394f10d91a724ffce9b0000ad,,DATE_HEURISTIC,False,
FMOD0086,CVeqqBLA,1.1.11+26.1.2,1.1.11+26.1.2,2026-06-01T20:23:52.362409Z,8fd93ec5d19f02a3ca2d7c1cc375af7262e40fef,,DATE_HEURISTIC,False,
FMOD0001,vSbgx9lF,26.2-fabric-1.0.1,26.2-fabric-1.0.1,2026-08-02T03:21:24.407604Z,,,NO_GITHUB_REPOSITORY,False,
FMOD0087,IvA7ptS8,0.12.0-alpha.1,0.12.0-alpha.1,2026-05-10T22:39:38.909018Z,6b25f436c79cece3522f05ad4c6db8030b47272c,,DATE_HEURISTIC,False,
FMOD0050,8iqsxqzA,A0.3H1,A0.3H1,2026-07-13T14:38:08.983321Z,223264ecfa8fc6e68a7ba8fe92b591cd32ff38c1,A0.3H1,EXACT_NORMALIZED_TAG,True,
FMOD0086,dU1doC63,1.1.11+26.1.2,1.1.11+26.1.2,2026-06-01T20:22:27.684864Z,8fd93ec5d19f02a3ca2d7c1cc375af7262e40fef,,DATE_HEURISTIC,False,
FMOD0086,VxmUBIb6,1.1.11+26.1,1.1.11+26.1,2026-05-06T22:21:51.762404Z,8fd93ec5d19f02a3ca2d7c1cc375af7262e40fef,,DATE_HEURISTIC,False,
FMOD0025,SJkLNQa4,1.0.7,1.0.7,2026-08-03T18:10:45.780423Z,,,NO_GITHUB_REPOSITORY,False,
FMOD0083,OkGF8Kho,0.1.10,0.1.10,2025-09-29T19:00:33.398091Z,8ae9312413a930deb1fb15154b5ba71916b27001,,DATE_HEURISTIC,False,
FMOD0061,xDUfCCkw,1.1.0+1.21.9-1.21.11,1.1.0+1.21.9-1.21.11,2026-02-28T14:54:20.297790Z,47b9cf2feb7cc6a34e29fbfd309f1d186cd7f755,,DATE_HEURISTIC,False,
FMOD0050,m7qcoBP2,A0.4.1,A0.4.1,2026-07-22T13:19:46.547309Z,11d885e826d97a7f8eaef730dae801625ecf77cf,A0.4.1,EXACT_NORMALIZED_TAG,True,
FMOD0069,qZ3pEucc,1.3.1+1.21.11,1.3.1+1.21.11,2026-08-10T13:10:52.208181Z,83dcd6ef68e0b46c8758840644459b7fd4016ce7,,DATE_HEURISTIC,False,
FMOD0043,17W1BifB,1.1.7,1.1.7,2026-08-04T04:15:38.576945Z,,,NO_GITHUB_REPOSITORY,False,
FMOD0067,Uzn5pkvu,1.3.4,1.3.4,2026-07-28T19:50:22.564220Z,33b04671a6c47b2830237c75b274b447e0cae360,,DATE_HEURISTIC,False,
FMOD0051,jnH2yN9z,2.1.2-Fabric-mc1.20,2.1.2-Fabric-mc1.20,2026-08-01T12:45:42.821844Z,c9c022831cf7f2a75a89ff075812192161ff3600,,DATE_HEURISTIC,False,
FMOD0066,vM7e7IYM,1.1.0+mc1.21.10,1.1.0+mc1.21.10,2026-07-30T12:12:25.653059Z,c8580979c4859c89ade167392c6bc7ab69f22e99,,DATE_HEURISTIC,False,
FMOD0087,dqBlloWg,0.12.1,0.12.1,2026-08-11T21:22:05.979933Z,66151bcd94a61f3ad65ca96c35e36a42aded292d,,DATE_HEURISTIC,False,
FMOD0079,IBOfRJPO,2.1.2+mc1.21,2.1.2+mc1.21,2024-07-24T02:53:45.095718Z,ac6df26c19abad3e303c6915a4982a297b26afa3,,DATE_HEURISTIC,False,
FMOD0051,3gPteH7H,2.1.2-Fabric-mc1.21,2.1.2-Fabric-mc1.21,2026-08-01T12:31:26.543141Z,2251ee614cc611cf10f9119e186b1e4a4d7f64f2,,DATE_HEURISTIC,False,
FMOD0016,vV2etbcV,2.0.0-beta3,2.0.0-beta3,2025-10-05T14:45:20.573918Z,8cbbf7ba3b44ad3e903a4307795ef5a9af2c0ba3,v2.0.0-beta3,EXACT_NORMALIZED_TAG,True,
FMOD0023,q2lc2PLL,26.101.1,26.101.1,2026-08-08T00:08:33.689370Z,66a303d81f3bc64d066f9c229cb386fa5dfbf082,,DATE_HEURISTIC,False,
FMOD0079,EgoQu3dI,2.1.1+mc1.20.2,2.1.1+mc1.20.2,2023-10-26T22:57:35.523527Z,b44c7b0800fa0f98a4b81f58dbaca09176bdf85b,,DATE_HEURISTIC,False,
FMOD0089,NglexoWN,21.11.0,21.11.0,2025-12-15T19:12:34.394759Z,837361aeb413463562a382eeac6fbd9b2f3d030b,,DATE_HEURISTIC,False,
FMOD0053,vB9Q7HEA,26.1x-fabric-1,26.1x-fabric-1,2026-06-25T07:57:57.149747Z,698288d7542b90a631e9562b58b7fcccd250caaa,,DATE_HEURISTIC,False,
FMOD0060,EiYu5mEW,1.0.2,1.0.2,2026-05-05T00:47:23.899303Z,fab959b227c94e780d71fa327d1ac8f3829b0caa,v1.0.2,EXACT_NORMALIZED_TAG,True,
FMOD0087,NK7mfZ9O,0.12.0,0.12.0,2026-08-11T20:09:58.840664Z,9eea60b8f0279dec7c2582428f0fc49b06e3eff9,,DATE_HEURISTIC,False,
FMOD0044,mtRZjms7,1.0.3,1.0.3,2026-07-24T14:49:33.690608Z,,,NO_GITHUB_REPOSITORY,False,
FMOD0025,SNCj2VQL,1.0.7,1.0.7,2026-08-03T18:11:44.477452Z,,,NO_GITHUB_REPOSITORY,False,
FMOD0016,HOHCWaTE,2.0.0-beta2,2.0.0-beta2,2025-09-28T11:49:44.968399Z,908b11e00f5bbb3e21ebdaeb7efa2f783d484921,v2.0.0-beta2,EXACT_NORMALIZED_TAG,True,
FMOD0083,1HttX0dS,0.1.9,0.1.9,2025-09-17T07:59:27.581277Z,dcdcd9655aa69556f1acc6f17924cc26688ff9b5,,DATE_HEURISTIC,False,
FMOD0060,iQQ4PiWC,1.0.1,1.0.1,2026-04-26T16:10:07.905140Z,11027557843ce2e02c8deac25e73b1dc679fcb16,v1.0.1,EXACT_NORMALIZED_TAG,True,
FMOD0074,9MFcIvHy,1.21.11-1.11.1,1.21.11-1.11.1,2025-12-10T21:35:44.490566Z,04f983f94b089fadcab5c367e0eb7a74031525f0,,DATE_HEURISTIC,False,
FMOD0023,1NFpFqMB,21.800.1,21.800.1,2026-08-08T00:47:40.068430Z,140f2de6db393b3f3cd0f40f11495aac8bdfa782,,DATE_HEURISTIC,False,
FMOD0003,Kde5eDAb,21.10.0,21.10.0,2025-10-08T20:19:34.740613Z,9cc39946b8191a7a9eb124f98d76ac4c776763d7,,DATE_HEURISTIC,False,
FMOD0074,scO6R6xa,1.21.11-1.11.2,1.21.11-1.11.2,2025-12-13T12:42:16.479418Z,3108f0629534119cc285e502b913539d65001bcf,,DATE_HEURISTIC,False,
FMOD0011,yW3wexrH,1.5.0,1.5.0,2026-07-19T19:48:11.230524Z,,,NO_GITHUB_REPOSITORY,False,
FMOD0036,HYb9YxIC,8.7.3+26.2-fabric,8.7.3+26.2-fabric,2026-08-08T15:39:51.303255Z,b71a86b03172319ddbbb6b825b475db035bec16d,,DATE_HEURISTIC,False,
FMOD0055,hmTUVDVo,1.1.0,1.1.0,2026-07-10T21:07:11.337071Z,4e90db141cfc3b68f849533802f93fb4e1595fe6,,DATE_HEURISTIC,False,
FMOD0067,9IvrHJWk,1.3.5,1.3.5,2026-08-05T00:49:46.722841Z,cdfba189681f6cac125600877cb7c0d8ae88d3bd,1.3.5,EXACT_NORMALIZED_TAG,True,
FMOD0044,4o6d3Y7b,1.0.0,1.0.0,2026-07-22T16:34:06.748746Z,,,NO_GITHUB_REPOSITORY,False,
FMOD0089,qHW7wfGd,26.1.0,26.1.0,2026-05-07T23:17:26.932842Z,e84d4a86cc26545737aba5b3a1a726559f03e89b,,DATE_HEURISTIC,False,
FMOD0022,vRadvyPG,26.07.01-1.21.9-fabric,26.07.01-1.21.9-fabric,2026-07-01T03:18:44.161827Z,6367312e101068439e01426a0e787da8d4d401a5,,DATE_HEURISTIC,False,
FMOD0053,gTF5QTWo,1.21.11-fabric-2,1.21.11-fabric-2,2026-06-24T13:58:33.824173Z,698288d7542b90a631e9562b58b7fcccd250caaa,,DATE_HEURISTIC,False,
FMOD0005,T1v8YBHE,0.6.3,0.6.3,2026-04-15T20:16:50.095394Z,4ac288ca26e7178ed2636b17c7875770bb8d2d94,,DATE_HEURISTIC,False,
FMOD0069,td94fRJq,1.3.1+26.1,1.3.1+26.1,2026-08-10T13:10:20.771596Z,83dcd6ef68e0b46c8758840644459b7fd4016ce7,,DATE_HEURISTIC,False,
FMOD0035,l1mX9QQ2,2.1,2.1,2025-11-01T12:18:09.706891Z,,,REPOSITORY_ERROR,False,
FMOD0040,asBjkNgr,3.0.3-fabric+1.20.1,3.0.3-fabric+1.20.1,2026-08-09T07:51:17.777157Z,df448b2fd1c9d9e903c331f5cd28100ac6c9344c,,DATE_HEURISTIC,False,
FMOD0040,oCv5DYNG,3.0.2-fabric+1.20.1,3.0.2-fabric+1.20.1,2026-03-16T14:39:47.462852Z,a6f53ebaa3aaf4b321d72b43d85d591ce5257d22,,DATE_HEURISTIC,False,
FMOD0099,cOTJKyN0,1.9.1+1.19,1.9.1+1.19,2022-08-02T10:17:04.790017Z,f9d06856955b3d63469085f02e9d29b24ebab72d,1.9.1+1.19,EXACT_NORMALIZED_TAG,True,
FMOD0044,fz7xhfu5,1.0.1,1.0.1,2026-07-22T19:53:26.929470Z,,,NO_GITHUB_REPOSITORY,False,
FMOD0043,qgxpksqw,1.1.13,1.1.13,2026-08-09T06:24:28.681415Z,,,NO_GITHUB_REPOSITORY,False,
FMOD0077,DGdWTqZw,3.103.0+26.2,3.103.0+26.2,2026-06-20T01:00:33.088940Z,b1ab02f33d0bbfb789cbace32a83df2e819da6ec,,DATE_HEURISTIC,False,
FMOD0001,NKfar19f,1.21.1-fabric-1.0.1,1.21.1-fabric-1.0.1,2026-08-02T03:21:47.624062Z,,,NO_GITHUB_REPOSITORY,False,
FMOD0022,YTi50SXM,26.07.01-1.21.11-fabric,26.07.01-1.21.11-fabric,2026-07-01T03:19:13.523123Z,6367312e101068439e01426a0e787da8d4d401a5,,DATE_HEURISTIC,False,
FMOD0069,8dnTaFp8,1.3.1+1.21.8,1.3.1+1.21.8,2026-08-10T13:10:55.949059Z,83dcd6ef68e0b46c8758840644459b7fd4016ce7,,DATE_HEURISTIC,False,
FMOD0043,fyaeSQYg,1.1.6,1.1.6,2026-08-02T16:49:09.526575Z,,,NO_GITHUB_REPOSITORY,False,
FMOD0004,5gdROB0x,1.2.0,1.2.0,2026-05-10T08:52:37.093874Z,d2b83e38d988f3f03ee14d322e9072a6b1a3c9b4,,DATE_HEURISTIC,False,
FMOD0061,OXoScrMt,1.0.3+1.21-1.21.8,1.0.3+1.21-1.21.8,2025-07-18T16:43:22.682491Z,a549ef04c4197f5fe00130ccf5b67ab476ddb83e,,DATE_HEURISTIC,False,
FMOD0050,pXinlWxx,A0.4,A0.4,2026-07-20T19:23:21.088006Z,2c857899e0b69996a091143f29af4ce7c483018f,A0.4,EXACT_NORMALIZED_TAG,True,
FMOD0025,tC2QcACf,1.0.6,1.0.6,2026-07-23T22:10:52.219993Z,,,NO_GITHUB_REPOSITORY,False,
FMOD0035,JlTOmyMX,2.11,2.11,2025-11-02T06:49:39.345187Z,,,REPOSITORY_ERROR,False,
FMOD0014,OYyhfwOB,0.5.5,0.5.5,2026-07-19T03:22:37.150984Z,d385dbb22fa2ae44d6b0703a7d0ccb48ad455a9d,,DATE_HEURISTIC,False,
FMOD0077,2jiVKsYB,3.102.5+26.1.2,3.102.5+26.1.2,2026-06-20T00:48:30.407830Z,b1ab02f33d0bbfb789cbace32a83df2e819da6ec,,DATE_HEURISTIC,False,
FMOD0036,PJLzJ0P2,8.7.3+1.21.11-fabric,8.7.3+1.21.11-fabric,2026-08-08T15:39:46.526594Z,b71a86b03172319ddbbb6b825b475db035bec16d,,DATE_HEURISTIC,False,
FMOD0003,kf7gMwfX,21.11.0,21.11.0,2025-12-15T14:46:54.160151Z,0c9a8c5df775e2f96d2b9d54567a002232bb620e,,DATE_HEURISTIC,False,
FMOD0036,VykWiyXF,8.7.3+26.1.2-fabric,8.7.3+26.1.2-fabric,2026-08-08T15:39:48.910198Z,b71a86b03172319ddbbb6b825b475db035bec16d,,DATE_HEURISTIC,False,
FMOD0066,atl3bpuI,1.1.0+mc1.21.8,1.1.0+mc1.21.8,2026-07-30T12:12:25.824230Z,c8580979c4859c89ade167392c6bc7ab69f22e99,,DATE_HEURISTIC,False,
FMOD0089,MrweWZ20,21.10.2,21.10.2,2025-10-24T11:00:57.294586Z,9939fa8107d70fe40c4d5b5e06e9ec874bcb6a37,,DATE_HEURISTIC,False,
FMOD0053,F3g7u9VM,1.21.11-fabric-1,1.21.11-fabric-1,2026-06-23T20:47:17.289886Z,136486d7b0d1d8499e9cee3f4c8c4ef687c9d968,,DATE_HEURISTIC,False,
FMOD0055,IlZ44NoT,1.1.2,1.1.2,2026-07-16T15:12:41.941929Z,51b48a4dbd955d0d061f3a67e1c217995a1b7aa5,,DATE_HEURISTIC,False,
FMOD0079,vNEaHOJc,2.1.3+mc1.21,2.1.3+mc1.21,2024-08-08T22:43:38.352905Z,53a8fc2a43a0005005d580c285140a9f5bfe06d9,,DATE_HEURISTIC,False,
FMOD0060,AjOoL4Yc,1.0.0,1.0.0,2026-04-24T14:23:14.919616Z,f225bcbb113da2dd83606650c077b2f249253a25,v1.0.0,EXACT_NORMALIZED_TAG,True,
FMOD0062,deTBUfYG,2.2.2,2.2.2,2026-07-25T17:24:07.891391Z,,,NO_GITHUB_REPOSITORY,False,
FMOD0090,mSdG9nSG,0.1.2,0.1.2,2024-07-27T02:12:22.501687Z,640c3845f8d5ce34c6edf0610e04ac917a3e29dd,,DATE_HEURISTIC,False,
FMOD0068,gmojFcs2,2.0.0.9,2.0.0.9,2024-06-16T09:14:26.389108Z,9cda8ec1dc9f69d803dfdbb854b93e073bb75069,,DATE_HEURISTIC,False,
FMOD0062,apVobsif,2.2.1,2.2.1,2026-07-25T01:05:06.199616Z,,,NO_GITHUB_REPOSITORY,False,
FMOD0070,ruyz085C,0.5.5.g,0.5.5.g,2024-03-26T20:05:18.305865Z,9ed48c478760a5f02f1a684f4d1cd2a37c0b4c6f,,DATE_HEURISTIC,False,
FMOD0085,krwZeaSE,5.1.0,5.1.0,2023-06-11T22:06:10.664404Z,8b061267712aa3016d45246bcca606b0f28b0b15,v5.1.0,EXACT_NORMALIZED_TAG,True,
FMOD0062,EKw5vPNO,2.2.2-hotfix,2.2.2-hotfix,2026-07-25T18:01:02.904037Z,,,NO_GITHUB_REPOSITORY,False,
FMOD0028,6WA1Ywin,2.11.2-1.20.4-Fabric,2.11.2-1.20.4-Fabric,2026-08-08T14:17:05.916723Z,f346a77f26a4f18e37905357970dc60d10ba0736,,DATE_HEURISTIC,False,
FMOD0084,qKSZr74f,1.12.1,1.12.1,2026-04-07T21:07:53.114308Z,42bc7f0b2cf0790bd9a8f604be7cd9025839da3b,,DATE_HEURISTIC,False,
FMOD0009,hfQeMHwy,1.1.0-1.21.1,1.1.0-1.21.1,2026-07-21T07:22:19.992519Z,ff013bf0f58215098f5cd1929210218206da915f,,DATE_HEURISTIC,False,
FMOD0006,oS8qIab2,2.7.2+1.21.5,2.7.2+1.21.5,2025-04-16T13:37:13.407223Z,c430a6c4b2e74c457b5899c4807bf14be11ae5ce,v2.7.2+1.21.5,EXACT_NORMALIZED_TAG,True,
FMOD0054,NQ8mzQw2,1.1.1,1.1.1,2026-06-22T16:59:53.475266Z,1c3849808276422567d8d445b93f5a00fa47ce1c,,DATE_HEURISTIC,False,
FMOD0084,S05ir9dj,1.12.2,1.12.2,2026-04-26T20:43:57.780572Z,ca1fafb2aed9c5466a6cf5afc0d9d4c8feaf7e9d,,DATE_HEURISTIC,False,
FMOD0094,qYA1sbDb,4.0.5,4.0.5,2026-04-22T12:49:29.472386Z,49a557435db9a366cff15aaa7a96d5f32dbd87f4,,DATE_HEURISTIC,False,
FMOD0046,6Pmao7Jm,2.3.1,2.3.1,2025-12-09T20:33:04.975863Z,a685532e27c51f043ce2118b4306e576a84adfe6,2.3.1,EXACT_NORMALIZED_TAG,True,
FMOD0084,J96qMveQ,1.12.1,1.12.1,2026-04-10T16:31:12.093080Z,49c243de5bcd1b97de7200e132ecc1d49a757e0b,,DATE_HEURISTIC,False,
FMOD0007,3eU1mije,1.5.4-fabric,1.5.4-fabric,2025-10-20T12:47:22.237798Z,2e345f27b4f4cd10a2ef084b06310f1812627b2b,,DATE_HEURISTIC,False,
FMOD0007,LYRPe9S3,1.5.2-fabric,1.5.2-fabric,2025-06-07T07:09:50.960429Z,edde83917f0efac6288d8ecc7892b9ed8086f0c1,,DATE_HEURISTIC,False,
FMOD0048,C5PWbpKr,1.1.0,1.1.0,2026-08-01T00:21:55.640250Z,,,NO_GITHUB_REPOSITORY,False,
FMOD0090,mroD9G2a,0.1.3,0.1.3,2025-02-23T20:32:13.813629Z,f24fa3b31110c15136bab46a21c9bc4c778d017c,,DATE_HEURISTIC,False,
FMOD0027,IqO5eD9D,1.5.1,1.5.1,2024-12-05T18:11:47.821036Z,50d8bc99d17c2e937050e59325c8a9ea13422a47,,DATE_HEURISTIC,False,
FMOD0027,NqyLpG4U,1.5.2,1.5.2,2025-05-26T16:03:11.762764Z,50d8bc99d17c2e937050e59325c8a9ea13422a47,,DATE_HEURISTIC,False,
FMOD0054,mTr3ZiqZ,1.1.2,1.1.2,2026-07-14T22:05:32.652210Z,f75b5efabe672f0f059f51daa772f38a0f9be2ec,,DATE_HEURISTIC,False,
FMOD0070,tOvw9ccm,0.5.6,0.5.6,2025-01-03T15:03:44.319006Z,4b0c0a21098afc9538bb710fa4531309058e8e5e,,DATE_HEURISTIC,False,
FMOD0048,nZ59rf82,1.2.0,1.2.0,2026-08-08T09:38:21.985411Z,,,NO_GITHUB_REPOSITORY,False,
FMOD0046,sO1N59sM,2.3.0,2.3.0,2025-12-09T11:49:22.564803Z,487f994b32a624d5adfcecf72f9d584bac1afe89,2.3.0,EXACT_NORMALIZED_TAG,True,
FMOD0028,q0f0CFCT,3.7.3-1.20.1-Fabric,3.7.3-1.20.1-Fabric,2026-08-08T14:20:33.277058Z,f346a77f26a4f18e37905357970dc60d10ba0736,,DATE_HEURISTIC,False,
FMOD0035,wKpFuJ9e,2.0,2.0,2025-09-01T13:40:51.310909Z,,,REPOSITORY_ERROR,False,
FMOD0006,3GkJlgYo,2.7.3+1.21.8,2.7.3+1.21.8,2025-07-26T08:49:19.568610Z,565b1d7134ffa8422c4865b33fabfa927104a5f0,v2.7.3+1.21.8,EXACT_NORMALIZED_TAG,True,
FMOD0028,yq6ELvb5,3.6.4-1.19.2-Fabric,3.6.4-1.19.2-Fabric,2026-08-08T14:36:22.798375Z,f346a77f26a4f18e37905357970dc60d10ba0736,,DATE_HEURISTIC,False,
FMOD0006,vHo8oelp,2.7.4+1.21.10,2.7.4+1.21.10,2025-11-15T15:14:26.823815Z,d07b637236f87817533ffa1a4a1dcd38f575fb31,v2.7.4+1.21.10,EXACT_NORMALIZED_TAG,True,
FMOD0027,hG50ZysI,1.3.1,1.3.1,2025-05-30T16:06:20.958876Z,3ef40b57f31f82288f3f1ffc3ff9bf31635e654e,,DATE_HEURISTIC,False,
FMOD0090,RAlE2UQT,0.1.1,0.1.1,2024-07-04T17:58:55.877234Z,640c3845f8d5ce34c6edf0610e04ac917a3e29dd,,DATE_HEURISTIC,False,
FMOD0007,LXliTCS0,1.5.3-fabric,1.5.3-fabric,2025-09-17T08:59:32.791404Z,bd882813bed0bab6435316c6dedd2b4d97358102,,DATE_HEURISTIC,False,
FMOD0070,bRPyzlie,0.5.5.h,0.5.5.h,2025-01-03T13:09:46.663449Z,54b145457d51abf1655c70db3bb6d15d2c5a6900,,DATE_HEURISTIC,False,
FMOD0085,SuzEDJFj,7.0.0,7.0.0,2023-06-11T22:27:35.103690Z,2b7ae6eddd2f8468817296da025cecc01444a311,v7.0.0,EXACT_NORMALIZED_TAG,True,
FMOD0068,Gvx8aW98,2.0.0.10,2.0.0.10,2025-12-24T20:54:02.819790Z,4eb328b2d298ee567c7be4691862b5ecfd2a6c87,,DATE_HEURISTIC,False,
FMOD0055,KkQzzHhm,1.1.1,1.1.1,2026-07-14T11:35:36.672085Z,8bd3fb814844b632b390f00fbea8ae4ea1ebf7db,,DATE_HEURISTIC,False,
FMOD0068,r2rx49IK,2.0.0.11,2.0.0.11,2025-12-24T23:39:56.289729Z,d69fd881e26c60bf11bdb83e147c9a99056f256b,,DATE_HEURISTIC,False,
FMOD0085,PxUMu8BC,6.0.0,6.0.0,2023-06-11T22:07:26.802322Z,7d3e4d313dfe2e82e5955e16ba862316fec58ad0,v6.0.0,EXACT_NORMALIZED_TAG,True,
